<?xml version="1.0" encoding="UTF-8" standalone="yes"?>
<processModelFolderHaul xmlns:a="http://www.appian.com/ae/types/2009">
    <versionUuid>_g-0000e50e-6062-8000-f102-7f0000014e7a_3439</versionUuid>
    <processModelFolder>
        <name>HMS Processes Exposed As Services</name>
        <uuid>_g-0000e50e-6062-8000-f102-7f0000014e7a_3436</uuid>
        <description>Folder contains all the processes exposed as services, used in HMS application </description>
        <parentFolderUuid>_g-0000e50e-6062-8000-f102-7f0000014e7a_3427</parentFolderUuid>
    </processModelFolder>
    <roleMap>
        <role name="ADMIN_OWNER">
            <users/>
            <groups>
                <groupUuid>_e-0000e50e-6062-8000-9afc-01075c01075c_5152</groupUuid>
            </groups>
        </role>
        <role name="EDITOR">
            <users/>
            <groups/>
        </role>
        <role name="EXPLICIT_NONMEMBER">
            <users/>
            <groups/>
        </role>
        <role name="VIEWER">
            <users/>
            <groups>
                <groupUuid>_e-0000e50e-6062-8000-9afc-01075c01075c_5154</groupUuid>
            </groups>
        </role>
        <role name="MANAGER">
            <users/>
            <groups/>
        </role>
        <role name="INITIATOR">
            <users/>
            <groups/>
        </role>
    </roleMap>
    <history>
        <historyInfo versionUuid="_g-0000e50e-6062-8000-f102-7f0000014e7a_3439"/>
    </history>
</processModelFolderHaul>
