<?xml version="1.0" encoding="UTF-8" standalone="yes"?>
<contentHaul xmlns:a="http://www.appian.com/ae/types/2009">
    <versionUuid>_a-0000e530-51df-8000-9bb2-011c48011c48_2074068</versionUuid>
    <outboundIntegration>
        <name>HMS_createZoomMeeting</name>
        <uuid>27089239-b861-44f9-9db7-66b0628a1eb0</uuid>
        <description>Integration to create a zoom meeting</description>
        <parentUuid>_a-0000e530-51df-8000-9bb2-011c48011c48_2067933</parentUuid>
        <visibility>
            <advertise>false</advertise>
            <hierarchy>true</hierarchy>
            <indexable>true</indexable>
            <quota>false</quota>
            <searchable>true</searchable>
            <system>false</system>
            <unlogged>false</unlogged>
        </visibility>
        <definition></definition>
        <metadataExpr></metadataExpr>
        <preferredEditor>legacy</preferredEditor>
        <offlineEnabled>false</offlineEnabled>
        <sharedConfigParameters>
            <a:Dictionary xmlns:xsd="http://www.w3.org/2001/XMLSchema" xmlns:xsi="http://www.w3.org/2001/XMLSchema-instance">
                <url xsi:type="xsd:string">https://api.zoom.us/v2/users/cadellvas/meetings</url>
                <isInheritedUrlOptionSelected xsi:type="xsd:boolean">false</isInheritedUrlOptionSelected>
                <relativePath xsi:type="xsd:string"/>
                <authType xsi:type="xsd:string">Basic</authType>
                <authDetails xsi:type="a:OutboundIntegrationAuthBasic">
                    <a:username xsi:type="a:EncryptedText"/>
                    <a:password xsi:type="a:EncryptedText"/>
                    <a:isPreemptive>true</a:isPreemptive>
                </authDetails>
            </a:Dictionary>
        </sharedConfigParameters>
        <configParameters>
            <a:Dictionary xmlns:xsd="http://www.w3.org/2001/XMLSchema" xmlns:xsi="http://www.w3.org/2001/XMLSchema-instance">
                <contentType xsi:type="xsd:string">application/json</contentType>
                <automaticallyConvert xsi:type="xsd:boolean">true</automaticallyConvert>
                <jsonSchema xsi:nil="true" xsi:type="a:NestedChoice?list"/>
                <parameters xsi:type="a:NameValue?list"/>
                <method xsi:type="xsd:string">POST</method>
                <headers xsi:type="a:NameValue?list">
                    <item>
                        <a:name>Authorization</a:name>
                        <a:value xsi:type="xsd:string">oauth_access_token</a:value>
                    </item>
                    <item>
                        <a:name>Content-Type</a:name>
                        <a:value xsi:type="xsd:string">application/json</a:value>
                    </item>
                </headers>
                <excludeNullHeaders xsi:type="xsd:boolean">true</excludeNullHeaders>
                <documentConfig xsi:type="xsd:string"/>
                <excludeNullParams xsi:type="xsd:boolean">true</excludeNullParams>
                <featureVersion xsi:type="xsd:int">1</featureVersion>
                <timeout xsi:type="xsd:int">10</timeout>
                <body xsi:type="a:Expression">{
  "topic": "Meeting",
  "type": 1,
  "start_time": tostring((now())),
  "duration": 100,
  "schedule_for": "string",
  "timezone": "string",
  "password": "string",
  "agenda": "string",
  "recurrence": {
    "type": "integer",
    "repeat_interval": "integer",
    "weekly_days": "string",
    "monthly_day": "integer",
    "monthly_week": "integer",
    "monthly_week_day": "integer",
    "end_times": "integer",
    "end_date_time": "string [date-time]"
  },
  "settings": {
    "host_video": "boolean",
    "participant_video": "boolean",
    "cn_meeting": "boolean",
    "in_meeting": "boolean",
    "join_before_host": "boolean",
    "mute_upon_entry": "boolean",
    "watermark": "boolean",
    "use_pmi": "boolean",
    "approval_type": "integer",
    "registration_type": "integer",
    "audio": "string",
    "auto_recording": "string",
    "enforce_login": "boolean",
    "enforce_login_domains": "string",
    "alternative_hosts": "string",
    "global_dial_in_countries": {
      "string"
    },
    "registrants_email_notification": "boolean"
  }
}</body>
                <flattenedJsonSchema xsi:nil="true" xsi:type="a:Text?list"/>
            </a:Dictionary>
        </configParameters>
        <isWrite>false</isWrite>
        <integrationType>system.http</integrationType>
        <connectedSystemUuid></connectedSystemUuid>
        <isConnectedSystemConnectionOptionSelected>false</isConnectedSystemConnectionOptionSelected>
        <integrationOutputs>
            <a:Dictionary xmlns:xsd="http://www.w3.org/2001/XMLSchema" xmlns:xsi="http://www.w3.org/2001/XMLSchema-instance">
                <outputs xsi:type="a:IntegrationOutput?list"/>
            </a:Dictionary>
        </integrationOutputs>
    </outboundIntegration>
    <roleMap public="true">
        <role inherit="true" allowForAll="false" name="readers">
            <users/>
            <groups/>
        </role>
        <role inherit="true" allowForAll="false" name="authors">
            <users/>
            <groups/>
        </role>
        <role inherit="true" allowForAll="false" name="administrators">
            <users/>
            <groups/>
        </role>
        <role inherit="false" allowForAll="false" name="denyReaders">
            <users/>
            <groups/>
        </role>
        <role inherit="false" allowForAll="false" name="denyAuthors">
            <users/>
            <groups/>
        </role>
        <role inherit="false" allowForAll="false" name="denyAdministrators">
            <users/>
            <groups/>
        </role>
    </roleMap>
    <history>
        <historyInfo versionUuid="_a-0000e530-51df-8000-9bb2-011c48011c48_2074068"/>
    </history>
</contentHaul>
