<?xml version="1.0" encoding="UTF-8" standalone="yes"?>
<contentHaul xmlns:a="http://www.appian.com/ae/types/2009">
    <versionUuid>_a-0000e530-51df-8000-9bb2-011c48011c48_2074095</versionUuid>
    <outboundIntegration>
        <name>HMS_createMeeting</name>
        <uuid>3dd54a7f-4d34-4cca-8d78-607fc171f732</uuid>
        <description></description>
        <parentUuid>_a-0000e530-51df-8000-9bb2-011c48011c48_2067933</parentUuid>
        <visibility>
            <advertise>false</advertise>
            <hierarchy>true</hierarchy>
            <indexable>true</indexable>
            <quota>false</quota>
            <searchable>true</searchable>
            <system>false</system>
            <unlogged>false</unlogged>
        </visibility>
        <definition></definition>
        <namedTypedValue>
            <name>userId</name>
            <type>
                <name>string</name>
                <namespace>http://www.w3.org/2001/XMLSchema</namespace>
            </type>
            <value/>
        </namedTypedValue>
        <namedTypedValue>
            <name>onSuccess</name>
            <type>
                <name>Variant</name>
                <namespace>http://www.appian.com/ae/types/2009</namespace>
            </type>
        </namedTypedValue>
        <namedTypedValue>
            <name>onError</name>
            <type>
                <name>Variant</name>
                <namespace>http://www.appian.com/ae/types/2009</namespace>
            </type>
        </namedTypedValue>
        <metadataExpr>{
deferredRuleInputs: {
    onSuccess: {
      "fv!result": 'type!{http://www.appian.com/ae/types/2009}Dictionary'
    },
    onError: {
      "fv!result": 'type!{http://www.appian.com/ae/types/2009}Dictionary',
      "fv!error": 'type!{http://www.appian.com/ae/types/2009}Dictionary',
      "fv!connectedSystem": 'type!{http://www.appian.com/ae/types/2009}ConnectedSystem'
    }
  }
}</metadataExpr>
        <preferredEditor>legacy</preferredEditor>
        <offlineEnabled>false</offlineEnabled>
        <sharedConfigParameters>
            <a:Dictionary xmlns:xsd="http://www.w3.org/2001/XMLSchema" xmlns:xsi="http://www.w3.org/2001/XMLSchema-instance">
                <isInheritedUrlOptionSelected xsi:type="xsd:boolean">true</isInheritedUrlOptionSelected>
                <relativePath xsi:type="a:Expression">"/users/" &amp; ri!userId &amp; "/meetings"</relativePath>
                <authType xsi:type="xsd:string">None</authType>
            </a:Dictionary>
        </sharedConfigParameters>
        <configParameters>
            <a:Dictionary xmlns:xsd="http://www.w3.org/2001/XMLSchema" xmlns:xsi="http://www.w3.org/2001/XMLSchema-instance">
                <contentType xsi:type="xsd:string">application/json</contentType>
                <automaticallyConvert xsi:type="xsd:boolean">true</automaticallyConvert>
                <method xsi:type="xsd:string">POST</method>
                <headers xsi:type="a:Text?list"/>
                <excludeNullHeaders xsi:type="xsd:boolean">true</excludeNullHeaders>
                <excludeNullParams xsi:type="xsd:boolean">true</excludeNullParams>
                <parameters xsi:type="a:Text?list"/>
                <featureVersion xsi:type="xsd:int">1</featureVersion>
                <timeout xsi:type="xsd:int">10</timeout>
                <body xsi:nil="true" xsi:type="a:Expression"/>
            </a:Dictionary>
        </configParameters>
        <isWrite>true</isWrite>
        <integrationType>system.http</integrationType>
        <connectedSystemUuid>_a-0000e530-51df-8000-9bb2-011c48011c48_2074015</connectedSystemUuid>
        <isConnectedSystemConnectionOptionSelected>true</isConnectedSystemConnectionOptionSelected>
        <integrationOutputs>
            <a:Dictionary xmlns:xsd="http://www.w3.org/2001/XMLSchema" xmlns:xsi="http://www.w3.org/2001/XMLSchema-instance">
                <outputs xsi:type="a:IntegrationOutput?list"/>
            </a:Dictionary>
        </integrationOutputs>
    </outboundIntegration>
    <roleMap public="true">
        <role inherit="true" allowForAll="false" name="readers">
            <users/>
            <groups/>
        </role>
        <role inherit="true" allowForAll="false" name="authors">
            <users/>
            <groups/>
        </role>
        <role inherit="true" allowForAll="false" name="administrators">
            <users/>
            <groups/>
        </role>
        <role inherit="false" allowForAll="false" name="denyReaders">
            <users/>
            <groups/>
        </role>
        <role inherit="false" allowForAll="false" name="denyAuthors">
            <users/>
            <groups/>
        </role>
        <role inherit="false" allowForAll="false" name="denyAdministrators">
            <users/>
            <groups/>
        </role>
    </roleMap>
    <history>
        <historyInfo versionUuid="_a-0000e530-51df-8000-9bb2-011c48011c48_2074095"/>
    </history>
</contentHaul>
