<?xml version="1.0" encoding="UTF-8" standalone="yes"?>
<contentHaul xmlns:a="http://www.appian.com/ae/types/2009">
    <versionUuid>_a-0000e530-51df-8000-9bb2-011c48011c48_2076986</versionUuid>
    <rule>
        <name>HMS_displayTodaysAppointments</name>
        <uuid>_a-0000e530-51df-8000-9bb2-011c48011c48_2075134</uuid>
        <description>Calendar grid</description>
        <parentUuid>_a-0000e50e-6062-8000-9bb0-011c48011c48_2058716</parentUuid>
        <visibility>
            <advertise>false</advertise>
            <hierarchy>true</hierarchy>
            <indexable>true</indexable>
            <quota>false</quota>
            <searchable>true</searchable>
            <system>false</system>
            <unlogged>false</unlogged>
        </visibility>
        <definition>a!localVariables(
/*
This translation was made by the Translation Application. 
@Author: Alejandro Rueda
@Version: 4.1.1
*/
/* Using user's locale language */
local!languageBundle: #"_a-0000e45f-fabf-8000-9ba2-011c48011c48_43945"("HMS APP", null),
load(
  local!viewType:"day",
  local!selectedEvent,
  local!currentDate:today(),
  local!events:{
    {
      id: "2",
      calendarId: "1",
      title: "Daily Appointments | Thomas",
      category: "time",
      start: "2020-10-05T12:00:00.000Z",
      end: "2020-10-05T13:00:00.000Z",
      location: "Downtown",
      attendees: "Simple list: Mary and Joe",
      body: "Second opinion suggested by Dr.Alwyn"
    },
    {
      id: "3",
      calendarId: "1",
      title: "Daily Appointments | Lila",
      category: "time",
      start: "2020-10-05T11:00:00.000Z",
      end: "2020-10-05T12:00:00.000Z",
      location: "1234 Main Street",
      attendees:{"Array of values: ","Mary","Sue"},
      body: "Second consultation"
    },
    {
      id: "4",
      calendarId: "1",
      title: "Daily Appointments | Rachel",
      category: "time",
      start: "2020-10-05T10:00:00.000Z",
      end: "2020-10-05T11:00:00.000Z",
      location: "Jim's House",
      body: "General consultation."
    },
    {
      id: "5",
      calendarId: "1",
      title: "Weekly Conference",
      category: "time",
      /*start: "2020-01-30T09:30:00.000Z",*/
      /*end: "2020-01-30T10:30:00.000Z"*/
      /*location: "Swimming pool",*/
      /*attendees:"Mary, John, and Sue",*/
      /*body: "Need to do 10 laps"*/
    }    
  },
  #"SYSTEM_SYSRULES_boxLayout"(
    style:"ACCENT",
    label:#"_a-0000e45f-fabf-8000-9ba2-011c48011c48_43932"("HMS_displayTodaysAppointments_Myappointments_0069", local!languageBundle, null),isCollapsible: true,isInitiallyCollapsed: true,
    contents:{
      #"SYSTEM_SYSRULES_paragraphField"(readOnly: true),
      #"SYSTEM_SYSRULES_columnsLayout"(
        columns:{
          #"SYSTEM_SYSRULES_columnLayout"(
            contents:{
              #"SYSTEM_SYSRULES_ButtonArrayLayout"(
                buttons:{
                  #"SYSTEM_SYSRULES_ButtonWidget"(
                    label:#"_a-0000e45f-fabf-8000-9ba2-011c48011c48_43932"("HMS_displayTodaysAppointments_Month_0079", local!languageBundle, null),
                    value:"MONTH",
                    saveInto:local!viewType,
                    style:if(local!viewType="month","PRIMARY","SECONDARY")
                  ),
                  #"SYSTEM_SYSRULES_ButtonWidget"(
                    label:#"_a-0000e45f-fabf-8000-9ba2-011c48011c48_43932"("HMS_displayTodaysAppointments_Week_0085", local!languageBundle, null),
                    value:"WEEK",
                    saveInto:local!viewType,
                    style:if(local!viewType="week","PRIMARY","SECONDARY")
                  ),
                  #"SYSTEM_SYSRULES_ButtonWidget"(
                    label:#"_a-0000e45f-fabf-8000-9ba2-011c48011c48_43932"("HMS_displayTodaysAppointments_AllDay_0091", local!languageBundle, null),
                    value:"DAY",
                    saveInto:{
                      local!viewType,
                      a!save(local!currentDate,today())
                    },
                    style:if(local!viewType="day","PRIMARY","SECONDARY")
                  )           
                }
              )             
            }
          ),
          #"SYSTEM_SYSRULES_columnLayout"(
            contents:{
              #"SYSTEM_SYSRULES_ButtonArrayLayout"(
                buttons:{
                  #"SYSTEM_SYSRULES_ButtonWidget"(
                    label:#"_a-0000e45f-fabf-8000-9ba2-011c48011c48_43932"("HMS_displayTodaysAppointments_PreviousMonth_0108", local!languageBundle, null),
                    value:-7,
                    saveInto:a!save(
                      local!currentDate,
                      eomonth(local!currentDate,-1)
                    )
                  ),
                  #"SYSTEM_SYSRULES_ButtonWidget"(
                    label:#"_a-0000e45f-fabf-8000-9ba2-011c48011c48_43932"("HMS_displayTodaysAppointments_NextMonth_0116", local!languageBundle, null),
                    value:7,
                    saveInto:a!save(
                      local!currentDate,
                      eomonth(local!currentDate,1)
                    )
                  )          
                },
                showWhen:local!viewType="month",
                align:"END"
              ),              
              #"SYSTEM_SYSRULES_ButtonArrayLayout"(
                buttons:{
                  #"SYSTEM_SYSRULES_ButtonWidget"(
                    label:#"_a-0000e45f-fabf-8000-9ba2-011c48011c48_43932"("HMS_displayTodaysAppointments_PreviousWeek_0130", local!languageBundle, null),
                    value:-7,
                    saveInto:a!save(
                      local!currentDate,
                      local!currentDate+save!value
                    )
                  ),
                  #"SYSTEM_SYSRULES_ButtonWidget"(
                    label:#"_a-0000e45f-fabf-8000-9ba2-011c48011c48_43932"("HMS_displayTodaysAppointments_NextWeek_0138", local!languageBundle, null),
                    value:7,
                    saveInto:a!save(
                      local!currentDate,
                      local!currentDate+save!value
                    )
                  )          
                },
                showWhen:local!viewType="week",
                align:"END"
              ),
              #"SYSTEM_SYSRULES_ButtonArrayLayout"(
                buttons:{
                  #"SYSTEM_SYSRULES_ButtonWidget"(
                    label:#"_a-0000e45f-fabf-8000-9ba2-011c48011c48_43932"("HMS_displayTodaysAppointments_PreviousDay_0152", local!languageBundle, null),
                    value:-1,
                    saveInto:a!save(
                      local!currentDate,
                      local!currentDate+save!value
                    )
                  ),
                  #"SYSTEM_SYSRULES_ButtonWidget"(
                    label:#"_a-0000e45f-fabf-8000-9ba2-011c48011c48_43932"("HMS_displayTodaysAppointments_NextDay_0160", local!languageBundle, null),
                    value:1,
                    saveInto:a!save(
                      local!currentDate,
                      local!currentDate+save!value
                    )
                  )          
                },
                showWhen:local!viewType="day",
                align:"END"
              )                
            }
          )
        }
      ),
      #"SYSTEM_SYSRULES_columnsLayout"(
        columns:{
          #"SYSTEM_SYSRULES_columnLayout"(
            contents:{
              calendarDisplayField(
                viewType:local!viewType,
                dateContext:local!currentDate,
                detailDateFormat:"YYYY-MM-DD",
                useDetailPopup: true,
                events:local!events,
                selectedEvent: local!selectedEvent
              )            
            }
          )
        }
      ),
      /*a!paragraphField(*/
        /*label:rule!LA_SimpleTranslation("HMS_displayTodaysAppointments_SelectedEvent_0192", local!languageBundle, null),*/
        /*value:local!selectedEvent,*/
        /*saveInto:local!selectedEvent*/
      /*)  */
    }
  )
)
)</definition>
        <preferredEditor>interface</preferredEditor>
        <offlineEnabled>false</offlineEnabled>
    </rule>
    <roleMap public="true">
        <role inherit="true" allowForAll="false" name="readers">
            <users/>
            <groups/>
        </role>
        <role inherit="true" allowForAll="false" name="authors">
            <users/>
            <groups/>
        </role>
        <role inherit="true" allowForAll="false" name="administrators">
            <users/>
            <groups/>
        </role>
        <role inherit="false" allowForAll="false" name="denyReaders">
            <users/>
            <groups/>
        </role>
        <role inherit="false" allowForAll="false" name="denyAuthors">
            <users/>
            <groups/>
        </role>
        <role inherit="false" allowForAll="false" name="denyAdministrators">
            <users/>
            <groups/>
        </role>
    </roleMap>
    <history>
        <historyInfo versionUuid="_a-0000e530-51df-8000-9bb2-011c48011c48_2076985"/>
        <historyInfo versionUuid="_a-0000e530-51df-8000-9bb2-011c48011c48_2076986"/>
    </history>
</contentHaul>
