<?xml version="1.0" encoding="UTF-8" standalone="yes"?>
<contentHaul xmlns:a="http://www.appian.com/ae/types/2009">
    <versionUuid>_a-0000e530-51df-8000-9bb2-011c48011c48_2084825</versionUuid>
    <rule>
        <name>HMS_uiDoctorLandingPage</name>
        <uuid>_a-0000e530-51df-8000-9bb2-011c48011c48_2069069</uuid>
        <description>Home page for doctor | Patients record</description>
        <parentUuid>_a-0000e50e-6062-8000-9bb0-011c48011c48_2058716</parentUuid>
        <visibility>
            <advertise>false</advertise>
            <hierarchy>true</hierarchy>
            <indexable>true</indexable>
            <quota>false</quota>
            <searchable>true</searchable>
            <system>false</system>
            <unlogged>false</unlogged>
        </visibility>
        <definition>a!localVariables(
/*
This translation was made by the Translation Application. 
@Author: Alejandro Rueda
@Version: 4.1.1
*/
/* Using user's locale language */
local!languageBundle: #"_a-0000e45f-fabf-8000-9ba2-011c48011c48_43945"("HMS APP", null),
a!localVariables(
  local!myPatients: #"_a-0000e530-51df-8000-9bb2-011c48011c48_2069001"(primaryDoctorId: 1),
  local!pagingInfo: #"SYSTEM_SYSRULES_pagingInfo"(
    startIndex: 1,
    batchSize: 5,
    sort: #"SYSTEM_SYSRULES_sortInfo"()
  ),
  local!selectedOption: 1,
  #"SYSTEM_SYSRULES_headerContentLayout"(
    header: #"SYSTEM_SYSRULES_billboardLayout_v1"(
      backgroundMedia: #"SYSTEM_SYSRULES_documentImage"(document: #"_a-0000e530-51df-8000-9bb2-011c48011c48_2064959"[4]),
      height: "MEDIUM",
      marginBelow: "NONE",
      overlay: #"SYSTEM_SYSRULES_columnOverlay"(
        alignVertical: "MIDDLE",
        contents: {
          #"SYSTEM_SYSRULES_imageField_v1"(
            images: #"SYSTEM_SYSRULES_userImage"(user: loggedInUser())/*a!documentImage(*/
            /*document: cons!HMS_IMG_SAMPLE_DOCTORS[2])*/,
            size: "LARGE",
            style: "AVATAR",
            align: "CENTER"
          ),
          #"SYSTEM_SYSRULES_richTextDisplayField"(
            labelPosition: "COLLAPSED",
            value: {
              #"SYSTEM_SYSRULES_richTextItem_v1"(text:{#"_a-0000e45f-fabf-8000-9ba2-011c48011c48_43932"("HMS_uiDoctorLandingPage_Welcome_0044", local!languageBundle, null) }, size: "MEDIUM"),
              char(10),
              #"SYSTEM_SYSRULES_richTextItem_v1"(
                text:#"_a-0000e45f-fabf-8000-9ba2-011c48011c48_43932"("HMS_uiDoctorLandingPage_Dr_0047", local!languageBundle,{})&amp; user(loggedInUser(), "firstName"),
                size: "LARGE"
              )
            },
            align: "CENTER"
          )
        },
        style: "SEMI_LIGHT"
      )
    ),
    contents: {
      #"SYSTEM_SYSRULES_columnsLayout"(
        columns: {
          #"SYSTEM_SYSRULES_columnLayout"(
            contents: {
              #"SYSTEM_SYSRULES_cardLayout"(
                contents: {
                  #"SYSTEM_SYSRULES_cardLayout"(
                    contents: {
                      #"SYSTEM_SYSRULES_sideBySideLayout"(
                        items: {
                          #"SYSTEM_SYSRULES_sideBySideItem"(
                            item: #"SYSTEM_SYSRULES_richTextDisplayField"(
                              value: {
                                #"SYSTEM_SYSRULES_richTextIcon"(icon: "group", SIZE: "MEDIUM")
                              }
                            ),
                            width: "1X"
                          ),
                          #"SYSTEM_SYSRULES_sideBySideItem"(
                            item: #"SYSTEM_SYSRULES_richTextDisplayField"(
                              value: { #"SYSTEM_SYSRULES_richTextHeader"(text:#"_a-0000e45f-fabf-8000-9ba2-011c48011c48_43932"("HMS_uiDoctorLandingPage_MyPatients_0078", local!languageBundle, null)) }
                            ),
                            width: "5X"
                          )
                        }
                      )
                    },
                    link: #"SYSTEM_SYSRULES_dynamicLink"(
                      saveInto: a!save(local!selectedOption, 1)
                    ),
                    height: "AUTO",
                    style: if(
                      local!selectedOption = 1,
                      "#ffe9ec",
                      "NONE"
                    ),
                    marginBelow: "STANDARD"
                  ),
                  #"SYSTEM_SYSRULES_cardLayout"(
                    contents: {
                      #"SYSTEM_SYSRULES_sideBySideLayout"(
                        items: {
                          #"SYSTEM_SYSRULES_sideBySideItem"(
                            item: #"SYSTEM_SYSRULES_richTextDisplayField"(
                              value: {
                                #"SYSTEM_SYSRULES_richTextIcon"(icon: "calendar", SIZE: "MEDIUM")
                              }
                            ),
                            width: "1X"
                          ),
                          #"SYSTEM_SYSRULES_sideBySideItem"(
                            item: #"SYSTEM_SYSRULES_richTextDisplayField"(
                              value: {
                                #"SYSTEM_SYSRULES_richTextHeader"(text:#"_a-0000e45f-fabf-8000-9ba2-011c48011c48_43932"("HMS_uiDoctorLandingPage_MyAppointments_0111", local!languageBundle, null))
                              }
                            ),
                            width: "5X"
                          )
                        }
                      )
                    },
                    link: #"SYSTEM_SYSRULES_dynamicLink"(
                      saveInto: a!save(local!selectedOption, 2)
                    ),
                    height: "AUTO",
                    style: if(
                      local!selectedOption = 2,
                      "#ffe9ec",
                      "NONE"
                    ),
                    marginBelow: "STANDARD"
                  ),
                  #"SYSTEM_SYSRULES_cardLayout"(
                    contents: {
                      #"SYSTEM_SYSRULES_sideBySideLayout"(
                        items: {
                          #"SYSTEM_SYSRULES_sideBySideItem"(
                            item: #"SYSTEM_SYSRULES_richTextDisplayField"(
                              value: {
                                #"SYSTEM_SYSRULES_richTextIcon"(icon: "user-circle", SIZE: "MEDIUM")
                              }
                            ),
                            width: "1X"
                          ),
                          #"SYSTEM_SYSRULES_sideBySideItem"(
                            item: #"SYSTEM_SYSRULES_richTextDisplayField"(
                              value: { #"SYSTEM_SYSRULES_richTextHeader"(text:#"_a-0000e45f-fabf-8000-9ba2-011c48011c48_43932"("HMS_uiDoctorLandingPage_MyProfile_0144", local!languageBundle, null)) }
                            ),
                            width: "5X"
                          )
                        }
                      )
                    },
                    link: #"SYSTEM_SYSRULES_dynamicLink"(
                      saveInto: a!save(local!selectedOption, 3)
                    ),
                    height: "AUTO",
                    style: if(
                      local!selectedOption = 3,
                      "#ffe9ec",
                      "NONE"
                    ),
                    marginBelow: "STANDARD"
                  )
                  
                },
                height: "AUTO",
                style: "NONE",
                marginBelow: "STANDARD",
                showBorder: false
              )
            },
            width: "MEDIUM"
          ),
          #"SYSTEM_SYSRULES_columnLayout"(
            contents: {
              #"SYSTEM_SYSRULES_sectionLayout_v1"(
                contents: {
                  #"SYSTEM_SYSRULES_cardLayout"(
                    contents: {
                      #"SYSTEM_SYSRULES_columnsLayout"(
                        columns: {
                          #"SYSTEM_SYSRULES_forEach"(
                            local!myPatients,
                            #"SYSTEM_SYSRULES_columnLayout"(
                              contents: {
                                #"SYSTEM_SYSRULES_cardLayout"(
                                  contents: {
                                    #"SYSTEM_SYSRULES_imageField_v1"(
                                      images: #"SYSTEM_SYSRULES_documentImage"(
                                        document: #"_a-0000e530-51df-8000-9bb2-011c48011c48_2069063"[fv!index]
                                      ),
                                      style: "AVATAR",
                                      align: "CENTER"
                                    ),
                                    #"SYSTEM_SYSRULES_richTextDisplayField"(
                                      value: #"SYSTEM_SYSRULES_richTextItem_v1"(
                                        text: concat(
                                          fv!item.patientLastName,
                                          ", ",
                                          fv!item.patientFirstName
                                        ),
                                        size: "MEDIUM"
                                      ),
                                      align: "CENTER"
                                    )
                                    /*a!richTextDisplayField(align:"LEFT",*/
                                    /*value:concat("Age : ",*/
                                    /*fv!item.Age*/
                                    /*)*/
                                    /*)*/
                                    
                                  },
                                  link: #"SYSTEM_SYSRULES_submitLink"(saveInto: a!save(ri!patientId,fv!index)),
                                  /*a!recordLink(*/
                                    /*identifer:fv!identifier,*/
                                    /*recordType: 'recordType!{7eaf99cc-f3c0-4e16-9021-402f829bb86a}HMS Patient'*/
                                  /*),*/
                                  style: "#ffe9ec",
                                  showBorder: false
                                )
                              }
                            )
                          )
                        }
                      )
                      
                    },
                    height: "AUTO",
                    style: "#ffe9ec",
                    marginBelow: "STANDARD",
                    showBorder: false
                  ),
                  #"_a-0000e17c-ae72-8000-9ba2-011c48011c48_5076491"(
                    pagingInfo: local!pagingInfo,
                    totalCount: 10,
                    batchSizeLabel: "Items per page",
                    showWhen: null,
                    batchSizeChoices: null,
                    displayBatchSizeOnly: null,
                    displayPageSelectorOnly: null,
                    loadTimeWarningThreshold: null,
                    loadTimeWarningMessage: "Load time delay"
                  )
                },
                showWhen: local!selectedOption = 1
              ),
              #"SYSTEM_SYSRULES_cardLayout"(
                contents: { #"_a-0000e530-51df-8000-9bb2-011c48011c48_2075336"(),
                  #"_a-0000e530-51df-8000-9bb2-011c48011c48_2075134"()
                },
                showWhen: local!selectedOption = 2,
                showBorder: false
              )
              
            }
          )
        }
      )
    }
  )
)
)</definition>
        <namedTypedValue>
            <name>patientId</name>
            <type>
                <name>int</name>
                <namespace>http://www.w3.org/2001/XMLSchema</namespace>
            </type>
        </namedTypedValue>
        <preferredEditor>interface</preferredEditor>
        <offlineEnabled>false</offlineEnabled>
    </rule>
    <roleMap public="true">
        <role inherit="true" allowForAll="false" name="readers">
            <users/>
            <groups/>
        </role>
        <role inherit="true" allowForAll="false" name="authors">
            <users/>
            <groups/>
        </role>
        <role inherit="true" allowForAll="false" name="administrators">
            <users/>
            <groups/>
        </role>
        <role inherit="false" allowForAll="false" name="denyReaders">
            <users/>
            <groups/>
        </role>
        <role inherit="false" allowForAll="false" name="denyAuthors">
            <users/>
            <groups/>
        </role>
        <role inherit="false" allowForAll="false" name="denyAdministrators">
            <users/>
            <groups/>
        </role>
    </roleMap>
    <history>
        <historyInfo versionUuid="_a-0000e530-51df-8000-9bb2-011c48011c48_2076821"/>
        <historyInfo versionUuid="_a-0000e530-51df-8000-9bb2-011c48011c48_2084825"/>
    </history>
</contentHaul>
