<?xml version="1.0" encoding="UTF-8" standalone="yes"?>
<contentHaul xmlns:a="http://www.appian.com/ae/types/2009">
    <versionUuid>_a-0000e530-51df-8000-9bb2-011c48011c48_2084579</versionUuid>
    <rule>
        <name>HMS_uiPatientBanner</name>
        <uuid>_a-0000e530-51df-8000-9bb2-011c48011c48_2077206</uuid>
        <description></description>
        <parentUuid>_a-0000e50e-6062-8000-9bb0-011c48011c48_2058716</parentUuid>
        <visibility>
            <advertise>false</advertise>
            <hierarchy>true</hierarchy>
            <indexable>true</indexable>
            <quota>false</quota>
            <searchable>true</searchable>
            <system>false</system>
            <unlogged>false</unlogged>
        </visibility>
        <definition>a!localVariables(
/*
This translation was made by the Translation Application. 
@Author: Alejandro Rueda
@Version: 4.1.1
*/
/* Using user's locale language */
local!languageBundle: #"_a-0000e45f-fabf-8000-9ba2-011c48011c48_43945"("HMS APP", null),
#"SYSTEM_SYSRULES_billboardLayout_v1"(height:"SHORT",
    backgroundMedia: #"SYSTEM_SYSRULES_documentImage"(document: #"_a-0000e530-51df-8000-9bb2-011c48011c48_2064959"[4]),
    marginBelow: "NONE",
    overlay:#"SYSTEM_SYSRULES_barOverlay"(
      style: "SEMI_LIGHT",
      /*position: "TOP",*/
      contents:{
        #"SYSTEM_SYSRULES_sideBySideLayout"(
          items:{
            #"SYSTEM_SYSRULES_sideBySideItem"(width:"1X",
              item:#"SYSTEM_SYSRULES_richTextDisplayField"(value:{
                #"SYSTEM_SYSRULES_richTextIcon"(icon:ri!icon,size:"MEDIUM_PLUS")})),
                #"SYSTEM_SYSRULES_sideBySideItem"(width:"5X",
                  item:#"SYSTEM_SYSRULES_richTextDisplayField"(value:{
          #"SYSTEM_SYSRULES_richTextHeader"(
          text:ri!label
          )})),#"SYSTEM_SYSRULES_sideBySideItem"(width:"10X"),#"SYSTEM_SYSRULES_sideBySideItem"(width:"10X"),#"SYSTEM_SYSRULES_sideBySideItem"(width:"10X")
      }
    )}))
)</definition>
        <namedTypedValue>
            <name>label</name>
            <type>
                <name>string</name>
                <namespace>http://www.w3.org/2001/XMLSchema</namespace>
            </type>
            <value/>
        </namedTypedValue>
        <namedTypedValue>
            <name>icon</name>
            <type>
                <name>string</name>
                <namespace>http://www.w3.org/2001/XMLSchema</namespace>
            </type>
            <value/>
        </namedTypedValue>
        <preferredEditor>interface</preferredEditor>
        <offlineEnabled>false</offlineEnabled>
    </rule>
    <roleMap public="true">
        <role inherit="true" allowForAll="false" name="readers">
            <users/>
            <groups/>
        </role>
        <role inherit="true" allowForAll="false" name="authors">
            <users/>
            <groups/>
        </role>
        <role inherit="true" allowForAll="false" name="administrators">
            <users/>
            <groups/>
        </role>
        <role inherit="false" allowForAll="false" name="denyReaders">
            <users/>
            <groups/>
        </role>
        <role inherit="false" allowForAll="false" name="denyAuthors">
            <users/>
            <groups/>
        </role>
        <role inherit="false" allowForAll="false" name="denyAdministrators">
            <users/>
            <groups/>
        </role>
    </roleMap>
    <typedValue>
        <type>
            <name>RuleTestConfig?list</name>
            <namespace>http://www.appian.com/ae/types/2009</namespace>
        </type>
        <value>
            <el>
                <a:name/>
                <a:ruleInputTestConfigs>
                    <a:value xmlns:xsi="http://www.w3.org/2001/XMLSchema-instance" xsi:type="a:Expression">"Test"</a:value>
                    <a:nameRef>label</a:nameRef>
                    <a:id>1</a:id>
                </a:ruleInputTestConfigs>
                <a:ruleInputTestConfigs>
                    <a:value xmlns:xsd="http://www.w3.org/2001/XMLSchema" xmlns:xsi="http://www.w3.org/2001/XMLSchema-instance" xsi:type="xsd:string"/>
                    <a:nameRef>icon</a:nameRef>
                    <a:id>2</a:id>
                </a:ruleInputTestConfigs>
                <a:assertions xmlns:xsi="http://www.w3.org/2001/XMLSchema-instance" xsi:nil="true"/>
            </el>
        </value>
    </typedValue>
    <history>
        <historyInfo versionUuid="_a-0000e530-51df-8000-9bb2-011c48011c48_2077321"/>
        <historyInfo versionUuid="_a-0000e530-51df-8000-9bb2-011c48011c48_2084579"/>
    </history>
</contentHaul>
