<?xml version="1.0" encoding="UTF-8" standalone="yes"?>
<contentHaul xmlns:a="http://www.appian.com/ae/types/2009">
    <versionUuid>_a-0000e530-51df-8000-9bb2-011c48011c48_2073725</versionUuid>
    <rule>
        <name>HMS_qeGetCommentsById</name>
        <uuid>_a-0000e530-51df-8000-9bb2-011c48011c48_2073563</uuid>
        <description>QE to get comments for the given patient id or doctor id</description>
        <parentUuid>_a-0000e50e-6062-8000-9bb0-011c48011c48_2058722</parentUuid>
        <visibility>
            <advertise>false</advertise>
            <hierarchy>true</hierarchy>
            <indexable>true</indexable>
            <quota>false</quota>
            <searchable>true</searchable>
            <system>false</system>
            <unlogged>false</unlogged>
        </visibility>
        <definition>#"SYSTEM_SYSRULES_queryEntity_v1"(
  entity: #"_a-0000e530-51df-8000-9bb2-011c48011c48_2073504",
  query: #"SYSTEM_SYSRULES_query"(
    logicalExpression: #"SYSTEM_SYSRULES_queryLogicalExpression"(
      operator:"OR",
      filters:{
        #"SYSTEM_SYSRULES_queryFilter"(
          field:"patientId",
          operator:"=",
          value:ri!patientId,
          applyWhen: not(isnull(ri!patientID))
        ),
        #"SYSTEM_SYSRULES_queryFilter"(
          field:"doctorId",
          operator:"=",
          value:ri!doctorId,
          applyWhen: not(isnull(ri!doctorId))
        ),
        /*a!queryFilter(*/
          /*field:"userId",*/
          /*operator:"=",*/
          /*value:loggedInUser(),*/
          /*applyWhen: not(isnull(ri!patientID))*/
        /*)*/
      }
    ),
    pagingInfo: #"SYSTEM_SYSRULES_pagingInfo"(
      startIndex: 1,
      batchSize: -1,
      sort:#"SYSTEM_SYSRULES_sortInfo"(
        field:"commentedon",
        ascending: true
      )
    )
  ),
  fetchTotalCount: false
)</definition>
        <namedTypedValue>
            <name>patientID</name>
            <type>
                <name>int</name>
                <namespace>http://www.w3.org/2001/XMLSchema</namespace>
            </type>
        </namedTypedValue>
        <namedTypedValue>
            <name>doctorId</name>
            <type>
                <name>int</name>
                <namespace>http://www.w3.org/2001/XMLSchema</namespace>
            </type>
        </namedTypedValue>
        <preferredEditor>legacy</preferredEditor>
        <offlineEnabled>false</offlineEnabled>
    </rule>
    <roleMap public="true">
        <role inherit="true" allowForAll="false" name="readers">
            <users/>
            <groups/>
        </role>
        <role inherit="true" allowForAll="false" name="authors">
            <users/>
            <groups/>
        </role>
        <role inherit="true" allowForAll="false" name="administrators">
            <users/>
            <groups/>
        </role>
        <role inherit="false" allowForAll="false" name="denyReaders">
            <users/>
            <groups/>
        </role>
        <role inherit="false" allowForAll="false" name="denyAuthors">
            <users/>
            <groups/>
        </role>
        <role inherit="false" allowForAll="false" name="denyAdministrators">
            <users/>
            <groups/>
        </role>
    </roleMap>
    <history>
        <historyInfo versionUuid="_a-0000e530-51df-8000-9bb2-011c48011c48_2073725"/>
    </history>
</contentHaul>
