<?xml version="1.0" encoding="UTF-8" standalone="yes"?>
<contentHaul xmlns:a="http://www.appian.com/ae/types/2009">
    <versionUuid>_a-0000e530-51df-8000-9bb2-011c48011c48_2076024</versionUuid>
    <rule>
        <name>HMS_uiInformationDashboard</name>
        <uuid>_a-0000e530-51df-8000-9bb2-011c48011c48_2065088</uuid>
        <description>Dashboard to display generic information </description>
        <parentUuid>_a-0000e50e-6062-8000-9bb0-011c48011c48_2058716</parentUuid>
        <visibility>
            <advertise>false</advertise>
            <hierarchy>true</hierarchy>
            <indexable>true</indexable>
            <quota>false</quota>
            <searchable>true</searchable>
            <system>false</system>
            <unlogged>false</unlogged>
        </visibility>
        <definition>a!localVariables(
/*
This translation was made by the Translation Application. 
@Author: Alejandro Rueda
@Version: 4.1.1
*/
/* Using user's locale language */
local!languageBundle: #"_a-0000e45f-fabf-8000-9ba2-011c48011c48_43945"("HMS APP", null),
a!localVariables(
  local!selectedQuestion: a!refreshVariable(value: NULL),
  local!questionsData: #"_a-0000e530-51df-8000-9bb2-011c48011c48_2065669"(),
  local!questions: index(local!questionsData, "question", NULL),
  local!ids: index(local!questionsData, "id", NULL),
  /**/
  local!category,
  local!searchTerm,
  local!search: false,
  #"SYSTEM_SYSRULES_formLayout_v1"(
    contents: {
      /*a!richTextDisplayField(*/
        /*labelPosition: "COLLAPSED",*/
        /*value: {*/
          /*a!richTextItem(*/
            /*text: {*/
              /*"Hello, " &amp; user(loggedinuser(), "firstName") &amp; "."*/
            /*},*/
            /*size: "LARGE",*/
            /*style: "STRONG"*/
          /*),*/
/*          */
        /*},*/
        /*align: "LEFT"*/
      /*),*/
      #"SYSTEM_SYSRULES_dropdownField_v1"(
        choiceLabels: local!questions,
        placeholder:#"_a-0000e45f-fabf-8000-9ba2-011c48011c48_43932"("HMS_uiInformationDashboard_Doyouhaveaquestion_0046", local!languageBundle, null),
        choiceValues: local!ids,
        value: local!selectedQuestion,
      saveInto: local!selectedQuestion,
      searchDisplay : "ON"),
      /*a!pickerFieldCustom(*/
        /*label:rule!LA_SimpleTranslation("HMS_uiInformationDashboard_Doyouhaveaquestion_0052", local!languageBundle, null),*/
        /*placeholder:rule!LA_SimpleTranslation("HMS_uiInformationDashboard_Doyouhaveaquestion_0053", local!languageBundle, null),*/
        /*showWhen: isnull(local!category),*/
        /*maxSelections: 1,*/
        /*suggestFunction: rule!ucArrayPickerFilter(*/
          /*filter: _,*/
          /*labels: local!questions,*/
          /*identifiers: local!ids*/
        /*),*/
        /*selectedLabels: a!forEach(*/
          /*items: local!selectedQuestion,*/
          /*expression: index(*/
            /*local!questions,*/
            /*{ local!selectedQuestion }*/
          /*)*/
        /*),*/
        /*value: local!selectedQuestion,*/
        /*saveInto: local!selectedQuestion*/
      /*),*/
      #"SYSTEM_SYSRULES_columnsLayout"(
        columns: {
          #"SYSTEM_SYSRULES_columnLayout"(
            contents: {
              /* If you haven't clicked on a card, show the search */
              if(
                isnull(local!category),
                {
                  /* If you haven't searched, show the cards */
                  if(
                    and(not(local!search),#"_a-0000e0f2-6b66-8000-9ba2-011c48011c48_627873"(local!selectedQuestion)),
                    #"SYSTEM_SYSRULES_columnsLayout"(
                      columns: {
                        #"SYSTEM_SYSRULES_columnLayout"(
                          contents: {
                            #"SYSTEM_SYSRULES_cardLayout"(
                              contents: #"SYSTEM_SYSRULES_richTextDisplayField"(
                                label: "",
                                value: {
                                  #"SYSTEM_SYSRULES_richTextIcon"(
                                    icon: "search",
                                    color: "#FFB6C1",
                                    size: "LARGE"
                                  ),
                                  char(10),
                                  #"SYSTEM_SYSRULES_richTextItem_v1"(
                                    text:{#"_a-0000e45f-fabf-8000-9ba2-011c48011c48_43932"("HMS_uiInformationDashboard_SelfDiagnosis_0097", local!languageBundle, null) },
                                    size: "LARGE",
                                    color: "SECONDARY"
                                  ),
                                  char(10),
                                  #"SYSTEM_SYSRULES_richTextItem_v1"(
                                    text:{#"_a-0000e45f-fabf-8000-9ba2-011c48011c48_43932"("HMS_uiInformationDashboard_BreastSelfExam_0103", local!languageBundle, null) },
                                    color: "#FF1493"
                                  )
                                },
                                align: "CENTER"
                              ),
                              /* Setting this variable would be used to navigate to a category of answers */
                              link: #"SYSTEM_SYSRULES_dynamicLink"(
                                saveInto: a!save(local!category, "Breast Self-Exam")
                              ),
                              height: "AUTO",
                              marginBelow: "STANDARD"
                            )
                          }
                        ),
                        /*a!columnLayout(*/
                          /*contents: {*/
                            /*a!cardLayout(*/
                              /*contents: a!richTextDisplayField(*/
                                /*value: {*/
                                  /*a!richTextIcon(*/
                                    /*icon: "building-o",*/
                                    /*color: "#FFB6C1",*/
                                    /*size: "LARGE"*/
                                  /*),*/
                                  /*char(10),*/
                                  /*a!richTextItem(*/
                                    /*text:{rule!LA_SimpleTranslation("HMS_uiInformationDashboard_NearbyHospitals_0130", local!languageBundle, null) },*/
                                    /*size: "LARGE",*/
                                    /*color: "SECONDARY"*/
                                  /*),*/
                                  /*char(10),*/
                                  /*a!richTextItem(*/
                                    /*text:{rule!LA_SimpleTranslation("HMS_uiInformationDashboard_FindAHospital_0136", local!languageBundle, null) },*/
                                    /*color: "#FF1493"*/
                                  /*)*/
                                /*},*/
                                /*align: "CENTER"*/
                              /*),*/
/*                               */
                              /*link: a!dynamicLink(*/
                                /*saveInto: a!save(local!category, "Nearby Hospitals")*/
                              /*),*/
                              /*height: "AUTO",*/
                              /*marginBelow: "STANDARD"*/
                            /*)*/
                          /*}*/
                        /*),*/
                        #"SYSTEM_SYSRULES_columnLayout"(
                          contents: {
                            #"SYSTEM_SYSRULES_cardLayout"(
                              contents: #"SYSTEM_SYSRULES_richTextDisplayField"(
                                value: {
                                  #"SYSTEM_SYSRULES_richTextIcon"(
                                    icon: "calendar",
                                    color: "#FFB6C1",
                                    size: "LARGE"
                                  ),
                                  char(10),
                                  #"SYSTEM_SYSRULES_richTextItem_v1"(
                                    text:{#"_a-0000e45f-fabf-8000-9ba2-011c48011c48_43932"("HMS_uiInformationDashboard_BookAppointment_0163", local!languageBundle, null) },
                                    size: "LARGE",
                                    color: "SECONDARY"
                                  ),
                                  char(10),
                                  #"SYSTEM_SYSRULES_richTextItem_v1"(
                                    text:{#"_a-0000e45f-fabf-8000-9ba2-011c48011c48_43932"("HMS_uiInformationDashboard_Speaktoexperts_0169", local!languageBundle, null) },
                                    color: "#FF1493"
                                  )
                                },
                                align: "CENTER"
                              ),
                              /* Setting this variable would be used to navigate to a category of answers */
                              link: 
                              /*a!dynamicLink(saveInto: a!save(local!category, "Time"))*/
                              #"SYSTEM_SYSRULES_startProcessLink"(processModel: #"_a-0000e530-51df-8000-9bb2-011c48011c48_2070929")
                              ,
                              height: "AUTO",
                              marginBelow: "STANDARD"
                            )
                          }
                        )
                      }
                    ),
                    {
                      #"SYSTEM_SYSRULES_richTextDisplayField"(
                        labelPosition: "COLLAPSED",
                        value: {
                          #"SYSTEM_SYSRULES_richTextIcon"(
                            icon: "long-arrow-left",
                            link: #"SYSTEM_SYSRULES_dynamicLink"(
                              saveInto: {
                                a!save(local!search, false),
                                a!save(local!searchTerm, ""),
                                a!save(local!category, null)
                              }
                            ),
                            linkStyle: "STANDALONE"
                          ),
                          " ",
                          #"SYSTEM_SYSRULES_richTextItem_v1"(
                            text:{#"_a-0000e45f-fabf-8000-9ba2-011c48011c48_43932"("HMS_uiInformationDashboard_GoBack_0204", local!languageBundle, null) },
                            link: #"SYSTEM_SYSRULES_dynamicLink"(
                              saveInto: {
                                a!save(local!search, false),
                                a!save(local!searchTerm, ""),
                                a!save(local!category, null),
                                a!save(local!selectedQuestion,NULL)
                              }
                            ),
                            linkStyle: "STANDALONE"
                          )
                        }
                      ),
                      {}
                    }
                  )
                },
                {
                  #"SYSTEM_SYSRULES_richTextDisplayField"(
                    labelPosition: "COLLAPSED",
                    value: {
                      #"SYSTEM_SYSRULES_richTextItem_v1"(
                        linkStyle: "STANDALONE",
                        text:{#"_a-0000e45f-fabf-8000-9ba2-011c48011c48_43932"("HMS_uiInformationDashboard_AllCategories_0227", local!languageBundle, null) },
                        link: #"SYSTEM_SYSRULES_dynamicLink"(
                          saveInto: {
                            a!save(local!search, false),
                            a!save(local!category, null)
                          }
                        )
                      ),
                      " / ",
                      local!category
                    }
                  ),
                  #"SYSTEM_SYSRULES_cardLayout"(
                    contents: #"_a-0000e530-51df-8000-9bb2-011c48011c48_2064987"(),
                    showBorder: false(),
                    showWhen: exact(local!category, "Breast Self-Exam")
                  ),
                  #"SYSTEM_SYSRULES_cardLayout"(
                    contents: #"_a-0000e530-51df-8000-9bb2-011c48011c48_2067990"(mapMarkers : NULL, fitBounds : true()),
                    showBorder: false(),
                    showWhen: exact(local!category, "Nearby Hospitals")
                  )
                }
              )
            },
            width: "AUTO"
          )
        },
        stackWhen: {
          "PHONE",
          "TABLET_PORTRAIT",
          "TABLET_LANDSCAPE",
          "DESKTOP_NARROW"
        }
      ),
      /*Answers Section*/
      if(
        #"b8ffe8b7-0dca-439a-867c-b8898b3db7ea"(local!selectedQuestion),
        {},
        choose(
          local!selectedQuestion,
          {
            /*What is BC*/
            #"SYSTEM_SYSRULES_sectionLayout_v1"(
              label:#"_a-0000e45f-fabf-8000-9ba2-011c48011c48_43932"("HMS_uiInformationDashboard_WhatisBreastCancer_0271", local!languageBundle, null),
              contents: {
                #"SYSTEM_SYSRULES_sideBySideLayout"(
                  items: {
                    #"SYSTEM_SYSRULES_sideBySideItem"(
                      item: #"SYSTEM_SYSRULES_paragraphField"(
                        readOnly: true(),
                        value: "Breast cancer is a group of diseases in which cells in breast tissue change and divide uncontrolled, typically resulting in a lump or mass. Most breast cancers begin in the lobules (milk glands) or in the ducts that connect the lobules."
                      )
                    ),
                    #"SYSTEM_SYSRULES_sideBySideItem"(item: #"SYSTEM_SYSRULES_paragraphField"(readOnly: true()))
                  }
                )
              }
            )
          },
          {
            /*Who gets breast cancer?*/
            #"SYSTEM_SYSRULES_sectionLayout_v1"(
              label:#"_a-0000e45f-fabf-8000-9ba2-011c48011c48_43932"("HMS_uiInformationDashboard_WhogetsBreastCancer_0290", local!languageBundle, null),
              contents: {
                #"SYSTEM_SYSRULES_sideBySideLayout"(
                  items: {
                    #"SYSTEM_SYSRULES_sideBySideItem"(
                      item: #"SYSTEM_SYSRULES_paragraphField"(
                        readOnly: true(),
                        value: "Men can get breast cancer too, but they account for less than 1% of all breast cancer cases. Among women, breast cancer is the most second most common cancer diagnosed, after skin cancer, and the second leading cause of cancer deaths, after lung cancer."
                      )
                    ),
                    #"SYSTEM_SYSRULES_sideBySideItem"(item: #"SYSTEM_SYSRULES_paragraphField"(readOnly: true()))
                  }
                )
              }
            )
          },
          {
            /*How common is breast cancer?*/
            #"SYSTEM_SYSRULES_sectionLayout_v1"(
              label:#"_a-0000e45f-fabf-8000-9ba2-011c48011c48_43932"("HMS_uiInformationDashboard_Howcommonisbreastcancer_0309", local!languageBundle, null),
              contents: {
                #"SYSTEM_SYSRULES_sideBySideLayout"(
                  items: {
                    #"SYSTEM_SYSRULES_sideBySideItem"(
                      item: #"SYSTEM_SYSRULES_paragraphField"(
                        readOnly: true(),
                        value: "On average, 1 in 8 women will develop breast cancer in their lifetimes. About two-thirds of women with breast cancer are 55 or older. Most of the rest are between 35 and 54.
Fortunately, breast cancer is very treatable if you spot it early. Localized cancer (meaning it hasn’t spread outside your breast) can usually be treated before it spreads."
                      )
                    ),
                    #"SYSTEM_SYSRULES_sideBySideItem"(item: #"SYSTEM_SYSRULES_paragraphField"(readOnly: true()))
                  }
                )
              }
            )
          },
          {
            /*Symptoms?*/
            #"SYSTEM_SYSRULES_sectionLayout_v1"(
              label:#"_a-0000e45f-fabf-8000-9ba2-011c48011c48_43932"("HMS_uiInformationDashboard_SymptomsofBreastCancer_0330", local!languageBundle, null),
              contents: {
                #"SYSTEM_SYSRULES_sideBySideLayout"(
                  items: {
                    #"SYSTEM_SYSRULES_sideBySideItem"(
                      item: #"SYSTEM_SYSRULES_paragraphField"(
                        readOnly: true(),
                        value: "-A lump or thickened area in or near your breast or underarm that lasts through your period
-A mass or lump, even if it feels as small as a pea
-A change in your breast’s size, shape, or curve
-Nipple discharge that can be bloody or clear
-Changes in the skin of your breast or your nipple. It could be dimpled, puckered, scaly, or inflamed.
-Red skin on your breast or nipple
-Changes in the shape or position of your nipple
-An area that’s different from any other area on either breast
-A hard, marble-sized spot under your skin
"
                      )
                    ),
                    #"SYSTEM_SYSRULES_sideBySideItem"(item: #"SYSTEM_SYSRULES_paragraphField"(readOnly: true()))
                  }
                )
              }
            )
          },
          {
            /*Types?*/
            #"SYSTEM_SYSRULES_sectionLayout_v1"(
              label:#"_a-0000e45f-fabf-8000-9ba2-011c48011c48_43932"("HMS_uiInformationDashboard_TypesofBreastCancer_0358", local!languageBundle, null),
              contents: {
                #"SYSTEM_SYSRULES_sideBySideLayout"(
                  items: {
                    #"SYSTEM_SYSRULES_sideBySideItem"(
                      item: #"SYSTEM_SYSRULES_richTextDisplayField"(
                        readOnly: true(),
                        value: {
                          #"SYSTEM_SYSRULES_richTextItem_v1"(
                            text:#"_a-0000e45f-fabf-8000-9ba2-011c48011c48_43932"("HMS_uiInformationDashboard_Insitucancers_0367", local!languageBundle, null) &amp;" ",
                            style: "STRONG"
                          ),
                          #"SYSTEM_SYSRULES_richTextItem_v1"(
                            text:" " &amp;#"_a-0000e45f-fabf-8000-9ba2-011c48011c48_43932"("HMS_uiInformationDashboard_Thesetypeshaventspreadpastthed_0371", local!languageBundle, null)
                          ),
                          char(10),
                          #"SYSTEM_SYSRULES_richTextItem_v1"(
                            text:#"_a-0000e45f-fabf-8000-9ba2-011c48011c48_43932"("HMS_uiInformationDashboard_Invasivecancers_0375", local!languageBundle, null) &amp;" ",
                            style: "STRONG"
                          ),
                          #"SYSTEM_SYSRULES_richTextItem_v1"(
                            text:" " &amp;#"_a-0000e45f-fabf-8000-9ba2-011c48011c48_43932"("HMS_uiInformationDashboard_Thesehavespreadorinvadedthesur_0379", local!languageBundle, null)
                          ),
                          char(10),
                          char(10),
                          #"SYSTEM_SYSRULES_richTextItem_v1"(
                            text:#"_a-0000e45f-fabf-8000-9ba2-011c48011c48_43932"("HMS_uiInformationDashboard_Lesscommontypesofcancersare_0384", local!languageBundle, null) &amp;" ",
                            style: "STRONG"
                          ),
                          char(10),
                          char(10),
                          #"SYSTEM_SYSRULES_richTextItem_v1"(
                            text:#"_a-0000e45f-fabf-8000-9ba2-011c48011c48_43932"("HMS_uiInformationDashboard_Inflammatorybreastcancer_0390", local!languageBundle, null) &amp;" ",
                            style: "STRONG"
                          ),
                          #"SYSTEM_SYSRULES_richTextItem_v1"(
                            text:" " &amp;#"_a-0000e45f-fabf-8000-9ba2-011c48011c48_43932"("HMS_uiInformationDashboard_Thisraretypeiscausedbyinflamma_0394", local!languageBundle, null)
                          ),
                          char(10),
                          #"SYSTEM_SYSRULES_richTextItem_v1"(
                            text:#"_a-0000e45f-fabf-8000-9ba2-011c48011c48_43932"("HMS_uiInformationDashboard_Pagetsdiseaseofthenipple_0398", local!languageBundle, null) &amp;" ",
                            style: "STRONG"
                          ),
                          #"SYSTEM_SYSRULES_richTextItem_v1"(
                            text:" " &amp;#"_a-0000e45f-fabf-8000-9ba2-011c48011c48_43932"("HMS_uiInformationDashboard_Thistypeaffectstheareolathethi_0402", local!languageBundle, null)
                          ),
                          char(10),
                          #"SYSTEM_SYSRULES_richTextItem_v1"(
                            text:#"_a-0000e45f-fabf-8000-9ba2-011c48011c48_43932"("HMS_uiInformationDashboard_Phyllodestumorsofthebreast_0406", local!languageBundle, null) &amp;" ",
                            style: "STRONG"
                          ),
                          #"SYSTEM_SYSRULES_richTextItem_v1"(
                            text:" " &amp;#"_a-0000e45f-fabf-8000-9ba2-011c48011c48_43932"("HMS_uiInformationDashboard_Theseraretumorsgrowinaleaflike_0410", local!languageBundle, null)
                          ),
                          char(10),
                          #"SYSTEM_SYSRULES_richTextItem_v1"(
                            text:#"_a-0000e45f-fabf-8000-9ba2-011c48011c48_43932"("HMS_uiInformationDashboard_Metastaticbreastcancer_0414", local!languageBundle, null) &amp;" ",
                            style: "STRONG"
                          ),
                          #"SYSTEM_SYSRULES_richTextItem_v1"(
                            text:" " &amp;#"_a-0000e45f-fabf-8000-9ba2-011c48011c48_43932"("HMS_uiInformationDashboard_Thisiscancerthathasspreadtoano_0418", local!languageBundle, null)
                          ),
                          
                        }
                      )
                    ),
                    #"SYSTEM_SYSRULES_sideBySideItem"(item: #"SYSTEM_SYSRULES_paragraphField"(readOnly: true()))
                  }
                )
              }
            )
          },
          {
            /*In Situ?*/
            #"SYSTEM_SYSRULES_sectionLayout_v1"(
              label:#"_a-0000e45f-fabf-8000-9ba2-011c48011c48_43932"("HMS_uiInformationDashboard_InSituCancers_0433", local!languageBundle, null),
              contents: {
                #"SYSTEM_SYSRULES_sideBySideLayout"(
                  items: {
                    #"SYSTEM_SYSRULES_sideBySideItem"(
                      item: #"SYSTEM_SYSRULES_richTextDisplayField"(
                        readOnly: true(),
                        value: {
                          #"SYSTEM_SYSRULES_richTextItem_v1"(
                            text:" " &amp;#"_a-0000e45f-fabf-8000-9ba2-011c48011c48_43932"("HMS_uiInformationDashboard_Thesetypeshaventspreadpastthed_0442", local!languageBundle, null)
                          ),
                          char(10),
                          char(10),
                          #"SYSTEM_SYSRULES_richTextItem_v1"(
                            text:" " &amp;#"_a-0000e45f-fabf-8000-9ba2-011c48011c48_43932"("HMS_uiInformationDashboard_DuctalcarcinomainsituDCIS_0447", local!languageBundle, null),
                            style: "STRONG"
                          ),
                          #"SYSTEM_SYSRULES_richTextItem_v1"(
                            text:" " &amp;#"_a-0000e45f-fabf-8000-9ba2-011c48011c48_43932"("HMS_uiInformationDashboard_Thisisductalcarcinomainitsearl_0451", local!languageBundle, null)
                          ),
                          char(10),
                          #"SYSTEM_SYSRULES_richTextItem_v1"(
                            text:" " &amp;#"_a-0000e45f-fabf-8000-9ba2-011c48011c48_43932"("HMS_uiInformationDashboard_LobularcarcinomainsituLCIS_0455", local!languageBundle, null),
                            style: "STRONG"
                          ),
                          #"SYSTEM_SYSRULES_richTextItem_v1"(
                            text:#"_a-0000e45f-fabf-8000-9ba2-011c48011c48_43932"("HMS_uiInformationDashboard_Thisisfoundonlyinthelobuleswhi_0459", local!languageBundle, null)
                          ),
                          
                        }
                      )
                    ),
                    #"SYSTEM_SYSRULES_sideBySideItem"(item: #"SYSTEM_SYSRULES_paragraphField"(readOnly: true()))
                  }
                )
              }
            )
          },
          {
            /*Invasive?*/
            #"SYSTEM_SYSRULES_sectionLayout_v1"(
              label:#"_a-0000e45f-fabf-8000-9ba2-011c48011c48_43932"("HMS_uiInformationDashboard_InvasiveCancers_0474", local!languageBundle, null),
              contents: {
                #"SYSTEM_SYSRULES_sideBySideLayout"(
                  items: {
                    #"SYSTEM_SYSRULES_sideBySideItem"(
                      item: #"SYSTEM_SYSRULES_richTextDisplayField"(
                        readOnly: true(),
                        value: {
                          #"SYSTEM_SYSRULES_richTextItem_v1"(
                            text:" " &amp;#"_a-0000e45f-fabf-8000-9ba2-011c48011c48_43932"("HMS_uiInformationDashboard_Thesehavespreadorinvadedthesur_0483", local!languageBundle, null)
                          ),
                          char(10),
                          char(10),
                          #"SYSTEM_SYSRULES_richTextItem_v1"(
                            text:" " &amp;#"_a-0000e45f-fabf-8000-9ba2-011c48011c48_43932"("HMS_uiInformationDashboard_Invasiveorinfiltratingductalca_0488", local!languageBundle, null),
                            style: "STRONG"
                          ),
                          #"SYSTEM_SYSRULES_richTextItem_v1"(
                            text:#"_a-0000e45f-fabf-8000-9ba2-011c48011c48_43932"("HMS_uiInformationDashboard_Thiscancerstartsinthemilkducts_0492", local!languageBundle, null)
                          ),
                          char(10),
                          #"SYSTEM_SYSRULES_richTextItem_v1"(
                            text:" " &amp;#"_a-0000e45f-fabf-8000-9ba2-011c48011c48_43932"("HMS_uiInformationDashboard_InvasivelobularcarcinomaILC_0496", local!languageBundle, null),
                            style: "STRONG"
                          ),
                          #"SYSTEM_SYSRULES_richTextItem_v1"(
                            text:#"_a-0000e45f-fabf-8000-9ba2-011c48011c48_43932"("HMS_uiInformationDashboard_Thiscancerstartsinthelobulesbu_0500", local!languageBundle, null)
                          )
                        }
                      )
                    ),
                    #"SYSTEM_SYSRULES_sideBySideItem"(item: #"SYSTEM_SYSRULES_paragraphField"(readOnly: true()))
                  }
                )
              }
            )
          },
          {
            /*Diagnosis?*/
            #"SYSTEM_SYSRULES_sectionLayout_v1"(
              label:#"_a-0000e45f-fabf-8000-9ba2-011c48011c48_43932"("HMS_uiInformationDashboard_Howisbreastcancerdiagnosed_0514", local!languageBundle, null),
              contents: {
                #"SYSTEM_SYSRULES_sideBySideLayout"(
                  items: {
                    #"SYSTEM_SYSRULES_sideBySideItem"(
                      item: #"SYSTEM_SYSRULES_paragraphField"(
                        readOnly: true(),
                        value: "Breast cancer is typically detected either during screening, before symptoms have developed, or after a woman notices a lump. Most masses seen on a mammogram and most breast lumps turn out to be benign (not cancerous). When cancer is suspected, tissue for microscopic analysis is usually obtained from a needle biopsy (fine-needle or larger core-needle) and less often from a surgical biopsy. Selection of the type of biopsy is based on multiple factors, including the size and location of the mass, as well as patient factors and preferences and resources."
                      )
                    ),
                    #"SYSTEM_SYSRULES_sideBySideItem"(item: #"SYSTEM_SYSRULES_paragraphField"(readOnly: true()))
                  }
                )
              }
            )
          },
          {
            /*Past Cases?*/
            #"SYSTEM_SYSRULES_sectionLayout_v1"(
              label:#"_a-0000e45f-fabf-8000-9ba2-011c48011c48_43932"("HMS_uiInformationDashboard_Howmanywomenalivetodayhaveever_0533", local!languageBundle, null),
              contents: {
                #"SYSTEM_SYSRULES_sideBySideLayout"(
                  items: {
                    #"SYSTEM_SYSRULES_sideBySideItem"(
                      item: #"SYSTEM_SYSRULES_paragraphField"(
                        readOnly: true(),
                        value: "More than 3.8 million US women with a history of breast cancer were alive on January 1, 2019. Some of these women were cancer-free, while others still had evidence of cancer and may have been undergoing treatment.
More than 150,000 breast cancer survivors are living with metastatic disease, three-fourths of whom were originally diagnosed with stage I-III."
                      )
                    ),
                    #"SYSTEM_SYSRULES_sideBySideItem"(item: #"SYSTEM_SYSRULES_paragraphField"(readOnly: true()))
                  }
                )
              }
            )
          },
          {
            /*Risk?*/
            #"SYSTEM_SYSRULES_sectionLayout_v1"(
              label:#"_a-0000e45f-fabf-8000-9ba2-011c48011c48_43932"("HMS_uiInformationDashboard_Whatistheriskofbeingdiagnosedw_0554", local!languageBundle, null),
              contents: {
                #"SYSTEM_SYSRULES_sideBySideLayout"(
                  items: {
                    #"SYSTEM_SYSRULES_sideBySideItem"(
                      item: #"SYSTEM_SYSRULES_paragraphField"(
                        readOnly: true(),
                        value: "Approximately 1 in 8 women (13%) will be diagnosed with invasive breast cancer in their lifetime.
Lifetime risk is an average of risk for all women and accounts for deaths from other causes that may preempt a breast cancer diagnosis."
                      )
                    ),
                    #"SYSTEM_SYSRULES_sideBySideItem"(item: #"SYSTEM_SYSRULES_paragraphField"(readOnly: true()))
                  }
                )
              }
            )
          }
        )
      )
    }
  )
)
)</definition>
        <preferredEditor>interface</preferredEditor>
        <offlineEnabled>false</offlineEnabled>
    </rule>
    <roleMap public="true">
        <role inherit="true" allowForAll="false" name="readers">
            <users/>
            <groups/>
        </role>
        <role inherit="true" allowForAll="false" name="authors">
            <users/>
            <groups/>
        </role>
        <role inherit="true" allowForAll="false" name="administrators">
            <users/>
            <groups/>
        </role>
        <role inherit="false" allowForAll="false" name="denyReaders">
            <users/>
            <groups/>
        </role>
        <role inherit="false" allowForAll="false" name="denyAuthors">
            <users/>
            <groups/>
        </role>
        <role inherit="false" allowForAll="false" name="denyAdministrators">
            <users/>
            <groups/>
        </role>
    </roleMap>
    <history>
        <historyInfo versionUuid="_a-0000e530-51df-8000-9bb2-011c48011c48_2076023"/>
        <historyInfo versionUuid="_a-0000e530-51df-8000-9bb2-011c48011c48_2076024"/>
    </history>
</contentHaul>
