<?xml version="1.0" encoding="UTF-8" standalone="yes"?>
<contentHaul xmlns:a="http://www.appian.com/ae/types/2009">
    <versionUuid>_a-0000e530-51df-8000-9bb2-011c48011c48_2086013</versionUuid>
    <rule>
        <name>HMS_uiKnowledgeCenter</name>
        <uuid>_a-0000e530-51df-8000-9bb2-011c48011c48_2077322</uuid>
        <description></description>
        <parentUuid>_a-0000e50e-6062-8000-9bb0-011c48011c48_2058716</parentUuid>
        <visibility>
            <advertise>false</advertise>
            <hierarchy>true</hierarchy>
            <indexable>true</indexable>
            <quota>false</quota>
            <searchable>true</searchable>
            <system>false</system>
            <unlogged>false</unlogged>
        </visibility>
        <definition>a!localVariables(
/*
This translation was made by the Translation Application. 
@Author: Alejandro Rueda
@Version: 4.1.1
*/
/* Using user's locale language */
local!languageBundle: #"_a-0000e45f-fabf-8000-9ba2-011c48011c48_43945"("HMS APP", null),
a!localVariables(
  local!section: 0,
  {
    
    #"SYSTEM_SYSRULES_columnsLayout"(
      columns: {
        /*a!columnLayout(),*/
        #"SYSTEM_SYSRULES_columnLayout"(
          contents: {
            #"SYSTEM_SYSRULES_billboardLayout_v1"(
            backgroundMedia: #"SYSTEM_SYSRULES_documentImage"(document: #"_a-0000e530-51df-8000-9bb2-011c48011c48_2064959"[4]),
            height:"SHORT",
            overlay: #"SYSTEM_SYSRULES_fullOverlay"(
            contents:{
            #"SYSTEM_SYSRULES_columnsLayout"(
              columns: #"SYSTEM_SYSRULES_columnLayout"(
                contents:
                #"SYSTEM_SYSRULES_richTextDisplayField"(
                  value: {
                    #"SYSTEM_SYSRULES_richTextIcon"(
                      icon: "group",
                      color: "#FFB6C1",
                      size: "LARGE"
                    ),
                    char(10),
                    #"SYSTEM_SYSRULES_richTextItem_v1"(
                      text:{#"_a-0000e45f-fabf-8000-9ba2-011c48011c48_43932"("HMS_uiKnowledgeCenter_SelfDiagnosis_0077", local!languageBundle, null) },
                      color: "SECONDARY",
                      size: "LARGE"
                    ),
                    char(10),
                    #"SYSTEM_SYSRULES_richTextItem_v1"(
                      text:{#"_a-0000e45f-fabf-8000-9ba2-011c48011c48_43932"("HMS_uiKnowledgeCenter_Explorecommunity_0083", local!languageBundle, null) },
                      color: "#FF1493"
                    )
                  },
                  align: "CENTER"
                )
              )
            ) 
            })),
              #"_a-0000e530-51df-8000-9bb2-011c48011c48_2075840"()
          },width:"AUTO"
        ),
        #"SYSTEM_SYSRULES_columnLayout"(
          contents: {
            #"SYSTEM_SYSRULES_billboardLayout_v1"(
              backgroundMedia: #"SYSTEM_SYSRULES_documentImage"(document: #"_a-0000e530-51df-8000-9bb2-011c48011c48_2064959"[4]),
              height:"SHORT",
              overlay: #"SYSTEM_SYSRULES_fullOverlay"(
                contents:{
                  #"SYSTEM_SYSRULES_richTextDisplayField"(
                  value: {
                    #"SYSTEM_SYSRULES_richTextIcon"(
                      icon: "group",
                      color: "#FFB6C1",
                      size: "LARGE"
                    ),
                    char(10),
                    #"SYSTEM_SYSRULES_richTextItem_v1"(
                      text:{#"_a-0000e45f-fabf-8000-9ba2-011c48011c48_43932"("HMS_uiKnowledgeCenter_Community_0041", local!languageBundle, null) },
                      color: "SECONDARY",
                      size: "LARGE"
                    ),
                    char(10),
                    #"SYSTEM_SYSRULES_richTextItem_v1"(
                      text:{#"_a-0000e45f-fabf-8000-9ba2-011c48011c48_43932"("HMS_uiKnowledgeCenter_Explorecommunity_0047", local!languageBundle, null) },
                      color: "#FF1493"
                    )
                  },
                  align: "CENTER"
                  )
                })),
                  #"_a-0000e530-51df-8000-9bb2-011c48011c48_2065076"(
                    barHex: #"_a-0000e530-51df-8000-9bb2-011c48011c48_2065001"[5],
                    keywords: "breast+cancer+care"
                  
              )
              
            /*,{})*/,
              #"SYSTEM_SYSRULES_richTextDisplayField"(),
            #"SYSTEM_SYSRULES_boxLayout"(
              label: "Web Links",
              style: #"_a-0000e530-51df-8000-9bb2-011c48011c48_2065001"[5],
              contents: {
                #"SYSTEM_SYSRULES_richTextDisplayField"(
                  label: "Rich Text",
                  labelPosition: "COLLAPSED",
                  value: {
                    #"SYSTEM_SYSRULES_richTextIcon"(
                      icon: "spinner"
                    ),
                    
                    #"SYSTEM_SYSRULES_richTextItem_v1"(
                      linkStyle: "STANDALONE",
                      text: " https://www.elcompanies.com",
                      link: #"SYSTEM_SYSRULES_safeLink"(uri:"https://www.elcompanies.com/en/our-commitments/the-breast-cancer-campaign")
                    )
                  }
                ),
                #"SYSTEM_SYSRULES_richTextDisplayField"(
                  label: "Rich Text",
                  labelPosition: "COLLAPSED",
                  value: {
                    #"SYSTEM_SYSRULES_richTextIcon"(
                      icon: "spinner"
                    ),
                    #"SYSTEM_SYSRULES_richTextItem_v1"(
                      linkStyle: "STANDALONE",
                      text: " https://breastcancernow.org",
                      link: #"SYSTEM_SYSRULES_safeLink"(uri:"https://breastcancernow.org/information-support/support-you")
                    )
                  }
                ),
                #"SYSTEM_SYSRULES_richTextDisplayField"(
                  label: "Rich Text",
                  labelPosition: "COLLAPSED",
                  value: {
                    #"SYSTEM_SYSRULES_richTextIcon"(
                      icon: "spinner"
                    ),
                    #"SYSTEM_SYSRULES_richTextItem_v1"(
                      linkStyle: "STANDALONE",
                      text: " https://www.breastcancer.org",
                      link: #"SYSTEM_SYSRULES_safeLink"(uri:"https://www.breastcancer.org/community/discussion")
                    )
                  }
                )
              },
              marginBelow: "STANDARD"
            )
          },
          width: "MEDIUM_PLUS"
        )
        /*a!columnLayout()*/
        
      }
    )
    
    
  }
)
)</definition>
        <preferredEditor>interface</preferredEditor>
        <offlineEnabled>false</offlineEnabled>
    </rule>
    <roleMap public="true">
        <role inherit="true" allowForAll="false" name="readers">
            <users/>
            <groups/>
        </role>
        <role inherit="true" allowForAll="false" name="authors">
            <users/>
            <groups/>
        </role>
        <role inherit="true" allowForAll="false" name="administrators">
            <users/>
            <groups/>
        </role>
        <role inherit="false" allowForAll="false" name="denyReaders">
            <users/>
            <groups/>
        </role>
        <role inherit="false" allowForAll="false" name="denyAuthors">
            <users/>
            <groups/>
        </role>
        <role inherit="false" allowForAll="false" name="denyAdministrators">
            <users/>
            <groups/>
        </role>
    </roleMap>
    <history>
        <historyInfo versionUuid="_a-0000e530-51df-8000-9bb2-011c48011c48_2077403"/>
        <historyInfo versionUuid="_a-0000e530-51df-8000-9bb2-011c48011c48_2086013"/>
    </history>
</contentHaul>
