<?xml version="1.0" encoding="UTF-8" standalone="yes"?>
<contentHaul xmlns:a="http://www.appian.com/ae/types/2009">
    <versionUuid>_a-0000e530-51df-8000-9bb2-011c48011c48_2077090</versionUuid>
    <rule>
        <name>HMS_uiRecordSummary</name>
        <uuid>_a-0000e530-51df-8000-9bb2-011c48011c48_2069719</uuid>
        <description>patient record summary  </description>
        <parentUuid>_a-0000e50e-6062-8000-9bb0-011c48011c48_2058716</parentUuid>
        <visibility>
            <advertise>false</advertise>
            <hierarchy>true</hierarchy>
            <indexable>true</indexable>
            <quota>false</quota>
            <searchable>true</searchable>
            <system>false</system>
            <unlogged>false</unlogged>
        </visibility>
        <definition>a!localVariables(
/*
This translation was made by the Translation Application. 
@Author: Alejandro Rueda
@Version: 4.1.1
*/
/* Using user's locale language */
local!languageBundle: #"_a-0000e45f-fabf-8000-9ba2-011c48011c48_43945"("HMS APP", null),
a!localVariables(local!navigationValue,
local!selectedDocId:null,
  local!patientDetails: index(
    index(
      #"_a-0000e530-51df-8000-9bb2-011c48011c48_2069001"(
        primaryDoctorId: null,
        patientAppianID: null
      ),
      "data",
      null
    ),
    ri!patientId,
    null
  ),
  local!selectedSection:0,
  local!options: 2,
  local!results: {
    {
      action: "Medicines",
      completionPercentage: 60
    },
    {
      action: "Eating",
      completionPercentage: 72
    },
    {
      action: "Daily Task",
      completionPercentage: 51
    },
    {
      action: "Exercise",
      completionPercentage: 33
    }
  },
  {#"SYSTEM_SYSRULES_richTextDisplayField"(
    value:{
      #"SYSTEM_SYSRULES_richTextIcon"(icon:"reply",color:"#ffa500",link:#"SYSTEM_SYSRULES_submitLink"(),linkStyle: "STANDALONE")," ",
      #"SYSTEM_SYSRULES_richTextItem_v1"(color:"#ffa500",
        text:#"_a-0000e45f-fabf-8000-9ba2-011c48011c48_43932"("HMS_uiRecordSummary_Back_0056", local!languageBundle, null),link:#"SYSTEM_SYSRULES_submitLink"(),linkStyle: "STANDALONE"
      )
      }
      ),
    #"SYSTEM_SYSRULES_columnsLayout"(
      columns: {
        #"SYSTEM_SYSRULES_columnLayout"(
          contents: {
            #"SYSTEM_SYSRULES_billboardLayout_v1"(
              backgroundMedia: #"SYSTEM_SYSRULES_documentImage"(document: #"_a-0000e530-51df-8000-9bb2-011c48011c48_2064959"[4]),
              /*height: "TALL",*/
              marginBelow: "NONE",
              overlay: #"SYSTEM_SYSRULES_fullOverlay"(
                contents: {
                  #"SYSTEM_SYSRULES_imageField_v1"(
                    images: /*a!userImage(user: loggedInUser())*/
                    #"SYSTEM_SYSRULES_documentImage"(
                      document: #"_a-0000e530-51df-8000-9bb2-011c48011c48_2069063"[ri!patientId]
                    ),
                    size: "LARGE",
                    style: "AVATAR",
                    align: "CENTER"
                  ),
                  #"SYSTEM_SYSRULES_richTextDisplayField"(
                    labelPosition: "COLLAPSED",
                    value: {
                      #"SYSTEM_SYSRULES_richTextItem_v1"(
                        text: index(
                          local!patientDetails,
                          "patientFirstName",
                          null
                        ) &amp; " " &amp; index(
                          local!patientDetails,
                          "patientLastName",
                          null
                        ),
                        size: "MEDIUM_PLUS"
                      )
                    },
                    align: "CENTER"
                  ),
                  #"SYSTEM_SYSRULES_richTextDisplayField"(),
                  #"SYSTEM_SYSRULES_sideBySideLayout"(
                    items: {
                      #"SYSTEM_SYSRULES_sideBySideItem"(
                        item: #"SYSTEM_SYSRULES_richTextDisplayField"(
                          value: #"SYSTEM_SYSRULES_richTextIcon"(
                            icon: "phone",
                            link: #"SYSTEM_SYSRULES_dynamicLink"(saveInto: a!save(local!options, 1)),
                            linkStyle: "STANDALONE",
                            color: if(local!options = 1, "#FFA500", "#ffffff"),
                            size: "MEDIUM_PLUS"
                          )
                        )
                      ),
                      #"SYSTEM_SYSRULES_sideBySideItem"(
                        item: #"SYSTEM_SYSRULES_richTextDisplayField"(
                          value: #"SYSTEM_SYSRULES_richTextIcon"(
                            icon: "address-book",
                            link: #"SYSTEM_SYSRULES_dynamicLink"(saveInto: a!save(local!options, 2)),
                            linkStyle: "STANDALONE",
                            color: if(local!options = 2, "#FFA500", "#ffffff"),
                            size: "MEDIUM_PLUS"
                          ),
                          align: "CENTER"
                        )
                      ),
                      #"SYSTEM_SYSRULES_sideBySideItem"(
                        item: #"SYSTEM_SYSRULES_richTextDisplayField"(
                          value: #"SYSTEM_SYSRULES_richTextIcon"(
                            icon: "envelope",
                            link: #"SYSTEM_SYSRULES_dynamicLink"(saveInto: a!save(local!options, 3)),
                            linkStyle: "STANDALONE",
                            color: if(local!options = 3, "#FFA500", "#ffffff"),
                            size: "MEDIUM_PLUS"
                          ),
                          align: "RIGHT"
                        )
                      )
                    }
                  ),
                  
                },
                style: "SEMI_DARK"
              )
            )
          },
          width: "NARROW_PLUS"
        ),
        #"SYSTEM_SYSRULES_columnLayout"(
          contents: {
            #"SYSTEM_SYSRULES_cardLayout"(
              style: "#ffe9ec",
              /*style:"STANDARD",*/
              showBorder: false,
              contents: {
                #"SYSTEM_SYSRULES_columnsLayout"(
                  columns: {
                    #"SYSTEM_SYSRULES_columnLayout"(
                      contents: {
                        #"SYSTEM_SYSRULES_paragraphField"(readOnly: true),
                        #"SYSTEM_SYSRULES_sideBySideLayout"(
                          items: {#"SYSTEM_SYSRULES_sideBySideItem"(
                            width: "2X"),
                            #"SYSTEM_SYSRULES_sideBySideItem"(
                              width: "1X",
                              item: #"SYSTEM_SYSRULES_richTextDisplayField"(
                                value: {
                                  #"SYSTEM_SYSRULES_richTextIcon"(
                                    icon: "hourglass-half",
                                    size: "LARGE"
                                  )
                                }
                              )
                            ),
                            #"SYSTEM_SYSRULES_sideBySideItem"(
                              width: "1X",
                              item: #"SYSTEM_SYSRULES_richTextDisplayField"(
                                value: {
                                  #"SYSTEM_SYSRULES_richTextItem_v1"(text:#"_a-0000e45f-fabf-8000-9ba2-011c48011c48_43932"("HMS_uiRecordSummary_Age_0175", local!languageBundle, null), size: "SMALL"),
                                  char(10),
                                  #"SYSTEM_SYSRULES_richTextItem_v1"(text: local!patientDetails.Age)
                                }
                              )
                            ),
                            #"SYSTEM_SYSRULES_sideBySideItem"(width: "5X"),
                            #"SYSTEM_SYSRULES_sideBySideItem"(
                              width: "1X",
                              item: #"SYSTEM_SYSRULES_richTextDisplayField"(
                                value: {
                                  #"SYSTEM_SYSRULES_richTextIcon"(
                                    icon: "transgender-alt",
                                    size: "LARGE"
                                  )
                                }
                              )
                            ),
                            #"SYSTEM_SYSRULES_sideBySideItem"(
                              width: "2X",
                              item: #"SYSTEM_SYSRULES_richTextDisplayField"(
                                value: {
                                  #"SYSTEM_SYSRULES_richTextItem_v1"(text:#"_a-0000e45f-fabf-8000-9ba2-011c48011c48_43932"("HMS_uiRecordSummary_Gender_0197", local!languageBundle, null), size: "SMALL"),
                                  char(10),
                                  #"SYSTEM_SYSRULES_richTextItem_v1"(
                                    text: local!patientDetails.patientGender
                                  )
                                }
                              )
                            ),
                            #"SYSTEM_SYSRULES_sideBySideItem"(width: "4X"),
                            
                          }
                        ),
                      }
                    ),
                    #"SYSTEM_SYSRULES_columnLayout"(
                      contents: {
                        rangeSliderField(
                          hideSelectorLabel: true,
                          /*height: "SHORT",*/
                          /*label:rule!LA_SimpleTranslation("HMS_uiRecordSummary_RangeSlider_0216", local!languageBundle, null),*/
                          /*labelPosition: "ABOVE",*/
                          validations: {},
                          minLabel: 0,
                          maxLabel: 4,
                          /*showLabel: true,*/
                          minRange: 0,
                          maxRange: 4,
                          interval: null,
                          enableDoubleSelection: null,
                          color: if(1, "POSITIVE", "ACCENT"),
                          rangeSliderValue: 2,
                          /*rangeSliderValue: local!patientDetails.cancerStage,*/
                          
                        ),
                        #"SYSTEM_SYSRULES_richTextDisplayField"(
                          align: "CENTER",
                          value: {
                            #"SYSTEM_SYSRULES_richTextItem_v1"(text:#"_a-0000e45f-fabf-8000-9ba2-011c48011c48_43932"("HMS_uiRecordSummary_Stage_0234", local!languageBundle, null) &amp;" ", size: "SMALL"),
                            /*char(10),*/
                            #"SYSTEM_SYSRULES_richTextItem_v1"(text:#"_a-0000e45f-fabf-8000-9ba2-011c48011c48_43932"("HMS_uiRecordSummary_IIA_0236", local!languageBundle, null), style: "STRONG")
                          }
                        )
                      }
                    )
                  }
                ),
                #"SYSTEM_SYSRULES_paragraphField"(readOnly: true),
              }
            ),
            #"SYSTEM_SYSRULES_cardLayout"(
              /*style: "ACCENT",*/
            showBorder: false),
            #"SYSTEM_SYSRULES_columnsLayout"(
              columns: {
                #"SYSTEM_SYSRULES_columnLayout"(
                  contents: #"SYSTEM_SYSRULES_cardLayout"(
                    link: #"SYSTEM_SYSRULES_dynamicLink"(saveInto: a!save(local!selectedSection,1)),
                    style: if(local!selectedSection=1,"ACCENT","#FFFFFF"),
                    showBorder: if(local!selectedSection=1,false,true),
                    contents: {
                      #"SYSTEM_SYSRULES_richTextDisplayField"(),
                      #"SYSTEM_SYSRULES_richTextDisplayField"(
                        align: "CENTER",
                        value: {
                          #"SYSTEM_SYSRULES_richTextIcon"(
                            icon: "heartbeat",
                            size: "LARGE",
                            color: "ACCENT"
                          ),
                          char(10),
                          #"SYSTEM_SYSRULES_richTextHeader"(
                            text:#"_a-0000e45f-fabf-8000-9ba2-011c48011c48_43932"("HMS_uiRecordSummary_Scans_0269", local!languageBundle, null),
                            size: "MEDIUM",
                            color: "ACCENT"
                          )
                        }
                      ),
                      #"SYSTEM_SYSRULES_richTextDisplayField"()
                    }
                  )
                ),
                #"SYSTEM_SYSRULES_columnLayout"(
                  contents: #"SYSTEM_SYSRULES_cardLayout"(
                    link: #"SYSTEM_SYSRULES_dynamicLink"(saveInto: a!save(local!selectedSection,2)),
                    style: if(local!selectedSection=2,"ACCENT","#FFFFFF"),
                    showBorder: if(local!selectedSection=2,false,true),
                    contents: {
                      #"SYSTEM_SYSRULES_richTextDisplayField"(),
                      #"SYSTEM_SYSRULES_richTextDisplayField"(
                        align: "CENTER",
                        value: {
                          #"SYSTEM_SYSRULES_richTextIcon"(
                            icon: "list-ul",
                            size: "LARGE",
                            color: "ACCENT"
                          ),
                          #"SYSTEM_SYSRULES_richTextHeader"(
                            text:#"_a-0000e45f-fabf-8000-9ba2-011c48011c48_43932"("HMS_uiRecordSummary_RecentConsultations_0295", local!languageBundle, null),
                            size: "MEDIUM",
                            color: "ACCENT"
                          )
                        }
                      ),
                      #"SYSTEM_SYSRULES_richTextDisplayField"(),
                      
                    }
                  )
                ),
                #"SYSTEM_SYSRULES_columnLayout"(
                  contents: #"SYSTEM_SYSRULES_cardLayout"(
                    link: #"SYSTEM_SYSRULES_dynamicLink"(saveInto: a!save(local!selectedSection,3)),
                    style: if(local!selectedSection=3,"ACCENT","#FFFFFF"),
                    showBorder: if(local!selectedSection=3,false,true),
                    contents: {
                      #"SYSTEM_SYSRULES_richTextDisplayField"(),
                      #"SYSTEM_SYSRULES_richTextDisplayField"(
                        align: "CENTER",
                        value: {
                          #"SYSTEM_SYSRULES_richTextIcon"(
                            icon: "sliders",
                            size: "LARGE",
                            color: "ACCENT"
                          ),
                          #"SYSTEM_SYSRULES_richTextHeader"(
                            text:#"_a-0000e45f-fabf-8000-9ba2-011c48011c48_43932"("HMS_uiRecordSummary_AIPredictions_0322", local!languageBundle, null),
                            size: "MEDIUM",
                            color: "ACCENT"
                          )
                        }
                      ),
                      #"SYSTEM_SYSRULES_richTextDisplayField"(),
                      
                    }
                  )
                ),
                
              }
            ),
            
          }
        )
      }
    ),
    #"SYSTEM_SYSRULES_columnsLayout"(
      columns: {
        #"SYSTEM_SYSRULES_columnLayout"(
          width: "NARROW_PLUS",
          contents: {
            #"SYSTEM_SYSRULES_billboardLayout_v1"(
              backgroundMedia: #"SYSTEM_SYSRULES_documentImage"(document: #"_a-0000e530-51df-8000-9bb2-011c48011c48_2064959"[4]),
              /*height: "TALL",*/
              marginBelow: "NONE",
              overlay: #"SYSTEM_SYSRULES_fullOverlay"(
                contents: {
                  #"SYSTEM_SYSRULES_richTextDisplayField"(
                    value: #"SYSTEM_SYSRULES_richTextHeader"(text:#"_a-0000e45f-fabf-8000-9ba2-011c48011c48_43932"("HMS_uiRecordSummary_WeeklyResults_0353", local!languageBundle, null), )
                  ),
                  #"SYSTEM_SYSRULES_richTextDisplayField"(),
                  #"SYSTEM_SYSRULES_forEach"(
                    local!results,
                    #"SYSTEM_SYSRULES_columnsLayout"(
                      columns: {
                        #"SYSTEM_SYSRULES_columnLayout"(
                          contents: {
                            #"SYSTEM_SYSRULES_richTextDisplayField"(value: fv!item.action)
                          }
                        ),
                        #"SYSTEM_SYSRULES_columnLayout"(
                          contents: {
                            #"SYSTEM_SYSRULES_progressBarField"(
                              color: if(
                                tointeger(fv!item.completionPercentage) &gt; 70,
                                "#FFA500",
                                if(
                                  tointeger(fv!item.completionPercentage) &lt; 50,
                                  "NEGATIVE",
                                  "POSITIVE"
                                )
                              ),
                              percentage: tointeger(fv!item.completionPercentage),
                              /*showPercentage: false*/
                            )
                          }
                        )
                      }
                    )
                  )
                },
                style: "DARK"
              )
            )
          }
        ),
        #"SYSTEM_SYSRULES_columnLayout"(
          contents:{
            #"SYSTEM_SYSRULES_sectionLayout_v1"(showWhen: local!selectedSection=1,
              contents:{
                #"SYSTEM_SYSRULES_columnsLayout"(
                  columns:{
                    #"SYSTEM_SYSRULES_columnLayout"(
                      contents:#"SYSTEM_SYSRULES_documentBrowserFieldColumns_v1"(
                        rootFolder: #"_a-0000e530-51df-8000-9bb2-011c48011c48_2074817",
                        navigationValue: local!navigationValue,
                        navigationSaveInto: local!navigationValue,selectionValue:local!selectedDocId,
                        selectionSaveInto: local!selectedDocId
                      )
                    ),
                    #"SYSTEM_SYSRULES_columnLayout"(
                      /*width:"NARROW",*/
                      contents:{
                        #"SYSTEM_SYSRULES_imageField_v1"(
                          align:"CENTER",
                          showWhen: not(isnull(local!selectedDocId)),
  images:{
    #"SYSTEM_SYSRULES_documentImage"(
      document: local!selectedDocId
    )
  }
)
                      }
                    )
                  }
                ),
              }
            ),
            if(local!selectedSection=2,
              #"_a-0000e530-51df-8000-9bb2-011c48011c48_2069987"(),
              if(local!selectedSection=3,
              #"_a-0000e530-51df-8000-9bb2-011c48011c48_2076986"(),{})
            )
          }
        )
      }
    )
  }
)
)</definition>
        <namedTypedValue>
            <name>patientId</name>
            <type>
                <name>int</name>
                <namespace>http://www.w3.org/2001/XMLSchema</namespace>
            </type>
        </namedTypedValue>
        <preferredEditor>interface</preferredEditor>
        <offlineEnabled>false</offlineEnabled>
    </rule>
    <roleMap public="true">
        <role inherit="true" allowForAll="false" name="readers">
            <users/>
            <groups/>
        </role>
        <role inherit="true" allowForAll="false" name="authors">
            <users/>
            <groups/>
        </role>
        <role inherit="true" allowForAll="false" name="administrators">
            <users/>
            <groups/>
        </role>
        <role inherit="false" allowForAll="false" name="denyReaders">
            <users/>
            <groups/>
        </role>
        <role inherit="false" allowForAll="false" name="denyAuthors">
            <users/>
            <groups/>
        </role>
        <role inherit="false" allowForAll="false" name="denyAdministrators">
            <users/>
            <groups/>
        </role>
    </roleMap>
    <typedValue>
        <type>
            <name>RuleTestConfig?list</name>
            <namespace>http://www.appian.com/ae/types/2009</namespace>
        </type>
        <value>
            <el>
                <a:name/>
                <a:ruleInputTestConfigs>
                    <a:value xmlns:xsd="http://www.w3.org/2001/XMLSchema" xmlns:xsi="http://www.w3.org/2001/XMLSchema-instance" xsi:type="xsd:int">1</a:value>
                    <a:nameRef>patientId</a:nameRef>
                    <a:id>1</a:id>
                </a:ruleInputTestConfigs>
                <a:assertions xmlns:xsi="http://www.w3.org/2001/XMLSchema-instance" xsi:nil="true"/>
            </el>
        </value>
    </typedValue>
    <history>
        <historyInfo versionUuid="_a-0000e530-51df-8000-9bb2-011c48011c48_2077089"/>
        <historyInfo versionUuid="_a-0000e530-51df-8000-9bb2-011c48011c48_2077090"/>
    </history>
</contentHaul>
