<?xml version="1.0" encoding="UTF-8" standalone="yes"?>
<contentHaul xmlns:a="http://www.appian.com/ae/types/2009">
    <versionUuid>_a-0000e530-51df-8000-9bb2-011c48011c48_2069539</versionUuid>
    <rule>
        <name>HMS_uiPatientAddMedicalHistory</name>
        <uuid>_a-0000e530-51df-8000-9bb2-011c48011c48_2065769</uuid>
        <description>Interface for patient to add his/her medical history</description>
        <parentUuid>_a-0000e50e-6062-8000-9bb0-011c48011c48_2058716</parentUuid>
        <visibility>
            <advertise>false</advertise>
            <hierarchy>true</hierarchy>
            <indexable>true</indexable>
            <quota>false</quota>
            <searchable>true</searchable>
            <system>false</system>
            <unlogged>false</unlogged>
        </visibility>
        <definition>a!localVariables(
/*
This translation was made by the Translation Application. 
@Author: Alejandro Rueda
@Version: 4.1.1
*/
/* Using user's locale language */
local!languageBundle: #"_a-0000e45f-fabf-8000-9ba2-011c48011c48_43945"("HMS APP", null),
a!localVariables(
  local!holdMammogramDocIds,
  local!holdUltrasoundDocIds,
  local!holdMRIDocIds,
  local!holdPrescriptionDocIds,
  #"SYSTEM_SYSRULES_formLayout_v1"(
    label:#"_a-0000e45f-fabf-8000-9ba2-011c48011c48_43932"("HMS_uiPatientAddMedicalHistory_MedicalHistory_0024", local!languageBundle, null),
    contents: {
      #"SYSTEM_SYSRULES_sectionLayout_v1"(
        contents: {
          #"SYSTEM_SYSRULES_columnsLayout"(
            columns: {
              #"SYSTEM_SYSRULES_columnLayout"(
                contents: {
                  #"SYSTEM_SYSRULES_dateField"(
                    label:#"_a-0000e45f-fabf-8000-9ba2-011c48011c48_43932"("HMS_uiPatientAddMedicalHistory_ConsultationDate_0033", local!languageBundle, null),
                    labelPosition: "ABOVE",
                    value: ri!medicalHistory.consultationDate,
                    saveInto: {ri!medicalHistory.consultationDate},
                    validations: {}
                  )
                }
              ),
              #"SYSTEM_SYSRULES_columnLayout"(
                contents: {
                  #"SYSTEM_SYSRULES_textField"(
                    label:#"_a-0000e45f-fabf-8000-9ba2-011c48011c48_43932"("HMS_uiPatientAddMedicalHistory_ConsultedDoctor_0044", local!languageBundle, null),
                    labelPosition: "ABOVE",
                    value: ri!medicalHistory.consultedDoctor,
                    saveInto: {ri!medicalHistory.consultedDoctor},
                    refreshAfter: "UNFOCUS",
                    validations: {}
                  )
                }
              ),
              #"SYSTEM_SYSRULES_columnLayout"(
                contents: {
                  #"SYSTEM_SYSRULES_textField"(
                    label:#"_a-0000e45f-fabf-8000-9ba2-011c48011c48_43932"("HMS_uiPatientAddMedicalHistory_DoctorsSpecialization_0056", local!languageBundle, null),
                    labelPosition: "ABOVE",
                    value: ri!medicalHistory.doctorSpecialization,
                    saveInto: {ri!medicalHistory.doctorSpecialization},
                    refreshAfter: "UNFOCUS",
                    validations: {}
                  )
                }
              )
            }
          )
        }
      ),
      #"SYSTEM_SYSRULES_sectionLayout_v1"(
        label:#"_a-0000e45f-fabf-8000-9ba2-011c48011c48_43932"("HMS_uiPatientAddMedicalHistory_LabReports_0070", local!languageBundle, null),
        contents: {
          #"SYSTEM_SYSRULES_columnsLayout"(
            columns: {
              #"SYSTEM_SYSRULES_columnLayout"(
                contents: {
                  #"SYSTEM_SYSRULES_fileUploadField_v1"(
                    label:#"_a-0000e45f-fabf-8000-9ba2-011c48011c48_43932"("HMS_uiPatientAddMedicalHistory_UploadMammograms_0077", local!languageBundle, null),
                    labelPosition: "ABOVE",
                    value:local!holdMammogramDocIds,
                    saveInto: {local!holdMammogramDocIds},
                    validations: {}
                  )
                }
              ),
              #"SYSTEM_SYSRULES_columnLayout"(
                contents: {
                  #"SYSTEM_SYSRULES_fileUploadField_v1"(
                    label:#"_a-0000e45f-fabf-8000-9ba2-011c48011c48_43932"("HMS_uiPatientAddMedicalHistory_UploadUltrasoundScans_0088", local!languageBundle, null),
                    labelPosition: "ABOVE",
                    value:local!holdUltrasoundDocIds,
                    saveInto: {local!holdUltrasoundDocIds},
                    validations: {}
                  )
                }
              )
            }
          ),
          #"SYSTEM_SYSRULES_columnsLayout"(
            columns: {
              #"SYSTEM_SYSRULES_columnLayout"(
                contents: {
                  #"SYSTEM_SYSRULES_fileUploadField_v1"(
                    label:#"_a-0000e45f-fabf-8000-9ba2-011c48011c48_43932"("HMS_uiPatientAddMedicalHistory_UploadMRIReports_0103", local!languageBundle, null) &amp;" ",
                    labelPosition: "ABOVE",
                    value: local!holdMRIDocIds,
                    saveInto: {local!holdMRIDocIds},
                    validations: {}
                  )
                }
              ),
              #"SYSTEM_SYSRULES_columnLayout"(
                contents: {
                  #"SYSTEM_SYSRULES_fileUploadField_v1"(
                    label:#"_a-0000e45f-fabf-8000-9ba2-011c48011c48_43932"("HMS_uiPatientAddMedicalHistory_Prescriptions_0114", local!languageBundle, null),
                    labelPosition: "ABOVE",
                    value:local!holdPrescriptionDocIds,
                    saveInto: {local!holdPrescriptionDocIds},
                    validations: {}
                  )
                }
              )
            }
          ),
          #"SYSTEM_SYSRULES_paragraphField"(
            label:#"_a-0000e45f-fabf-8000-9ba2-011c48011c48_43932"("HMS_uiPatientAddMedicalHistory_AddNote_0125", local!languageBundle, null) &amp;" ",
            labelPosition: "ABOVE",
            value: ri!medicalHistory.patientNotes,
            saveInto: {ri!medicalHistory.patientNotes},
            refreshAfter: "UNFOCUS",
            height: "MEDIUM",
            validations: {}
          )
        }
      )
    },
    buttons: #"SYSTEM_SYSRULES_ButtonLayout"(
      primaryButtons: {
        #"SYSTEM_SYSRULES_ButtonWidget"(
          label:#"_a-0000e45f-fabf-8000-9ba2-011c48011c48_43932"("HMS_uiPatientAddMedicalHistory_Submit_0139", local!languageBundle, null),
          submit: true,
          style: "PRIMARY",
          saveInto: {
            a!save(ri!medicalHistory.mammogramDocIds,tostring(local!holdMammogramDocIds)),
            a!save(ri!medicalHistory.ultrasoundDocIds,tostring(local!holdUltrasoundDocIds)),
            a!save(ri!medicalHistory.mriDocIds,tostring(local!holdMRIDocIds)),
            a!save(ri!medicalHistory.prescriptionDocIds,tostring(local!holdPrescriptionDocIds)),
            
          }
        )
      },
      secondaryButtons: {
        #"SYSTEM_SYSRULES_ButtonWidget"(
          label:#"_a-0000e45f-fabf-8000-9ba2-011c48011c48_43932"("HMS_uiPatientAddMedicalHistory_Cancel_0153", local!languageBundle, null),
          value: true,
          saveInto: ri!cancel,
          submit: true,
          style: "NORMAL",
          validate: false
        )
      }
    )
  )
)
)</definition>
        <namedTypedValue>
            <name>cancel</name>
            <type>
                <name>boolean</name>
                <namespace>http://www.w3.org/2001/XMLSchema</namespace>
            </type>
        </namedTypedValue>
        <namedTypedValue>
            <name>medicalHistory</name>
            <type>
                <name>HMS_MedicalHistory</name>
                <namespace>urn:com:appian:types:hms</namespace>
            </type>
        </namedTypedValue>
        <preferredEditor>interface</preferredEditor>
        <offlineEnabled>false</offlineEnabled>
    </rule>
    <roleMap public="true">
        <role inherit="true" allowForAll="false" name="readers">
            <users/>
            <groups/>
        </role>
        <role inherit="true" allowForAll="false" name="authors">
            <users/>
            <groups/>
        </role>
        <role inherit="true" allowForAll="false" name="administrators">
            <users/>
            <groups/>
        </role>
        <role inherit="false" allowForAll="false" name="denyReaders">
            <users/>
            <groups/>
        </role>
        <role inherit="false" allowForAll="false" name="denyAuthors">
            <users/>
            <groups/>
        </role>
        <role inherit="false" allowForAll="false" name="denyAdministrators">
            <users/>
            <groups/>
        </role>
    </roleMap>
    <history>
        <historyInfo versionUuid="_a-0000e530-51df-8000-9bb2-011c48011c48_2069538"/>
        <historyInfo versionUuid="_a-0000e530-51df-8000-9bb2-011c48011c48_2069539"/>
    </history>
</contentHaul>
