<?xml version="1.0" encoding="UTF-8" standalone="yes"?>
<contentHaul xmlns:a="http://www.appian.com/ae/types/2009">
    <versionUuid>_a-0000e530-51df-8000-9bb2-011c48011c48_2069591</versionUuid>
    <rule>
        <name>HMS_fetchDoctorInfo</name>
        <uuid>_a-0000e530-51df-8000-9bb2-011c48011c48_2069553</uuid>
        <description>QE Rule to fetch doctor information</description>
        <parentUuid>_a-0000e50e-6062-8000-9bb0-011c48011c48_2057350</parentUuid>
        <visibility>
            <advertise>false</advertise>
            <hierarchy>true</hierarchy>
            <indexable>true</indexable>
            <quota>false</quota>
            <searchable>true</searchable>
            <system>false</system>
            <unlogged>false</unlogged>
        </visibility>
        <definition>#"SYSTEM_SYSRULES_queryEntity_v1"(
  entity: #"_a-0000e530-51df-8000-9bb2-011c48011c48_2069559",
  query: #"SYSTEM_SYSRULES_query"(
    logicalexpression: #"SYSTEM_SYSRULES_queryLogicalExpression"(
      operator: "AND",
      filters: {
        #"SYSTEM_SYSRULES_queryFilter"(
          field: "doctorID",
          operator: "=",
          value: ri!doctorID,
          applyWhen: not(isnull(ri!doctorID))
        )
      },
      ignoreFiltersWithEmptyValues: true
    ),
    pagingInfo: #"SYSTEM_SYSRULES_pagingInfo"(startIndex: 1, batchSize: - 1)
  ),
  fetchTotalCount: false
)</definition>
        <namedTypedValue>
            <name>doctorID</name>
            <type>
                <name>int</name>
                <namespace>http://www.w3.org/2001/XMLSchema</namespace>
            </type>
        </namedTypedValue>
        <preferredEditor>legacy</preferredEditor>
        <offlineEnabled>false</offlineEnabled>
    </rule>
    <roleMap public="true">
        <role inherit="true" allowForAll="false" name="readers">
            <users/>
            <groups/>
        </role>
        <role inherit="true" allowForAll="false" name="authors">
            <users/>
            <groups/>
        </role>
        <role inherit="true" allowForAll="false" name="administrators">
            <users/>
            <groups/>
        </role>
        <role inherit="false" allowForAll="false" name="denyReaders">
            <users/>
            <groups/>
        </role>
        <role inherit="false" allowForAll="false" name="denyAuthors">
            <users/>
            <groups/>
        </role>
        <role inherit="false" allowForAll="false" name="denyAdministrators">
            <users/>
            <groups/>
        </role>
    </roleMap>
    <history>
        <historyInfo versionUuid="_a-0000e530-51df-8000-9bb2-011c48011c48_2069591"/>
    </history>
</contentHaul>
