<?xml version="1.0" encoding="UTF-8" standalone="yes"?>
<contentHaul xmlns:a="http://www.appian.com/ae/types/2009">
    <versionUuid>_a-0000e530-51df-8000-9bb2-011c48011c48_2069495</versionUuid>
    <rule>
        <name>HMS_uiDummy</name>
        <uuid>_a-0000e530-51df-8000-9bb2-011c48011c48_2065896</uuid>
        <description>RND Interface</description>
        <parentUuid>_a-0000e50e-6062-8000-9bb0-011c48011c48_2058716</parentUuid>
        <visibility>
            <advertise>false</advertise>
            <hierarchy>true</hierarchy>
            <indexable>true</indexable>
            <quota>false</quota>
            <searchable>true</searchable>
            <system>false</system>
            <unlogged>false</unlogged>
        </visibility>
        <definition>a!localVariables(
/*
This translation was made by the Translation Application. 
@Author: Alejandro Rueda
@Version: 4.1.1
*/
/* Using user's locale language */
local!languageBundle: #"_a-0000e45f-fabf-8000-9ba2-011c48011c48_43945"("HMS APP", null),
#"SYSTEM_SYSRULES_formLayout_v1"(
  label:#"_a-0000e45f-fabf-8000-9ba2-011c48011c48_43932"("HMS_uiDummy_Info_0019", local!languageBundle, null),
  contents: {
    #"SYSTEM_SYSRULES_columnsLayout"(
      columns: {
        #"SYSTEM_SYSRULES_columnLayout"(
          contents: {
            #"SYSTEM_SYSRULES_textField"(
              label:#"_a-0000e45f-fabf-8000-9ba2-011c48011c48_43932"("HMS_uiDummy_FirstName_0026", local!languageBundle, null),
              labelPosition: "ABOVE",
              value: ri!HMS_PatientInfo.patientFirstName,
              saveInto: ri!HMS_PatientInfo.patientFirstName,
              validations: if(
                len(ri!HMS_PatientInfo.patientFirstName) &gt; 50,
                "Value may not be longer than 50 characters. You have entered " &amp; len(ri!HMS_PatientInfo.patientFirstName) &amp; " characters.",
                null
              )
            ),
            #"SYSTEM_SYSRULES_textField"(
              label:#"_a-0000e45f-fabf-8000-9ba2-011c48011c48_43932"("HMS_uiDummy_EmailId_0037", local!languageBundle, null),
              labelPosition: "ABOVE",
              value: ri!HMS_PatientInfo.patientEmailId,
              saveInto: ri!HMS_PatientInfo.patientEmailId,
              validations: if(
                len(ri!HMS_PatientInfo.patientEmailId) &gt; 100,
                "Value may not be longer than 100 characters. You have entered " &amp; len(ri!HMS_PatientInfo.patientEmailId) &amp; " characters.",
                null
              )
            ),
            #"SYSTEM_SYSRULES_integerField"(
              label:#"_a-0000e45f-fabf-8000-9ba2-011c48011c48_43932"("HMS_uiDummy_Age_0048", local!languageBundle, null),
              labelPosition: "ABOVE",
              value: ri!HMS_PatientInfo.Age,
              saveInto: ri!HMS_PatientInfo.Age
            ),
            #"SYSTEM_SYSRULES_dropdownField_v1"(
              label:#"_a-0000e45f-fabf-8000-9ba2-011c48011c48_43932"("HMS_uiDummy_Gender_0054", local!languageBundle, null),
              labelPosition: "ABOVE",
              placeholder:#"_a-0000e45f-fabf-8000-9ba2-011c48011c48_43932"("HMS_uiDummy_ChooseGender_0056", local!languageBundle, null),
              choiceLabels: {
                "Female",
                "Male",
                "Non-Binary",
                "Transgender",
                "Prefer Not To Say"
              },
              choiceValues: {
                "Female",
                "Male",
                "Non-Binary",
                "Transgender",
                "Prefer Not To Say"
              },
              value: ri!HMS_PatientInfo.patientGender,
              saveInto: ri!HMS_PatientInfo.patientGender,
              
            ),
            
            #"SYSTEM_SYSRULES_textField"(
              label:#"_a-0000e45f-fabf-8000-9ba2-011c48011c48_43932"("HMS_uiDummy_Location_0078", local!languageBundle, null),
              labelPosition: "ABOVE",
              value: ri!HMS_PatientInfo.patientLocation,
              saveInto: ri!HMS_PatientInfo.patientLocation,
              validations: if(
                len(ri!HMS_PatientInfo.patientLocation) &gt; 100,
                "Value may not be longer than 100 characters. You have entered " &amp; len(ri!HMS_PatientInfo.patientLocation) &amp; " characters.",
                null
              )
            ),
            #"SYSTEM_SYSRULES_textField"(
              label:#"_a-0000e45f-fabf-8000-9ba2-011c48011c48_43932"("HMS_uiDummy_GuardianFirstName_0089", local!languageBundle, null),
              labelPosition: "ABOVE",
              value: ri!HMS_PatientInfo.guardianFirstName,
              saveInto: ri!HMS_PatientInfo.guardianFirstName,
              validations: if(
                len(ri!HMS_PatientInfo.guardianFirstName) &gt; 50,
                "Value may not be longer than 50 characters. You have entered " &amp; len(ri!HMS_PatientInfo.guardianFirstName) &amp; " characters.",
                null
              )
            ),
            #"SYSTEM_SYSRULES_integerField"(
              label:#"_a-0000e45f-fabf-8000-9ba2-011c48011c48_43932"("HMS_uiDummy_GuardianContactNumber_0100", local!languageBundle, null),
              labelPosition: "ABOVE",
              value: ri!HMS_PatientInfo.patientGuardianNumber,
              saveInto: ri!HMS_PatientInfo.patientGuardianNumber
            )
          }
        ),
        #"SYSTEM_SYSRULES_columnLayout"(
          contents: {
            #"SYSTEM_SYSRULES_textField"(
              label:#"_a-0000e45f-fabf-8000-9ba2-011c48011c48_43932"("HMS_uiDummy_MiddleName_0110", local!languageBundle, null),
              labelPosition: "ABOVE",
              value: ri!HMS_PatientInfo.patientMiddleName,
              saveInto: ri!HMS_PatientInfo.patientMiddleName,
              validations: if(
                len(ri!HMS_PatientInfo.patientMiddleName) &gt; 50,
                "Value may not be longer than 50 characters. You have entered " &amp; len(ri!HMS_PatientInfo.patientMiddleName) &amp; " characters.",
                null
              )
            ),
            #"SYSTEM_SYSRULES_textField"(
              label:#"_a-0000e45f-fabf-8000-9ba2-011c48011c48_43932"("HMS_uiDummy_ContactNumber_0121", local!languageBundle, null),
              labelPosition: "ABOVE",
              value: ri!HMS_PatientInfo.patientContactNumber,
              saveInto: ri!HMS_PatientInfo.patientContactNumber,
              validations: if(
                len(
                  ri!HMS_PatientInfo.patientContactNumber
                ) &gt; 15,
                "Value may not be longer than 15 characters. You have entered " &amp; len(
                  ri!HMS_PatientInfo.patientContactNumber
                ) &amp; " characters.",
                null
              )
            ),
            #"SYSTEM_SYSRULES_floatingPointField"(
              label:#"_a-0000e45f-fabf-8000-9ba2-011c48011c48_43932"("HMS_uiDummy_Height_0136", local!languageBundle, null),
              labelPosition: "ABOVE",
              value: ri!HMS_PatientInfo.patientHeight,
              saveInto: ri!HMS_PatientInfo.patientHeight
            ),
            #"SYSTEM_SYSRULES_textField"(
              label:#"_a-0000e45f-fabf-8000-9ba2-011c48011c48_43932"("HMS_uiDummy_PredisposedConditions_0142", local!languageBundle, null),
              labelPosition: "ABOVE",
              value: ri!HMS_PatientInfo.patientPredisposedConditions,
              saveInto: ri!HMS_PatientInfo.patientPredisposedConditions,
              validations: if(
                len(
                  ri!HMS_PatientInfo.patientPredisposedConditions
                ) &gt; 255,
                "Value may not be longer than 255 characters. You have entered " &amp; len(
                  ri!HMS_PatientInfo.patientPredisposedConditions
                ) &amp; " characters.",
                null
              )
            ),
            #"SYSTEM_SYSRULES_textField"(readOnly: true()),
            #"SYSTEM_SYSRULES_textField"(readOnly: true()),
            #"SYSTEM_SYSRULES_textField"(
              label:#"_a-0000e45f-fabf-8000-9ba2-011c48011c48_43932"("HMS_uiDummy_GuardianMiddleName_0159", local!languageBundle, null),
              labelPosition: "ABOVE",
              value: ri!HMS_PatientInfo.guardianMiddleName,
              saveInto: ri!HMS_PatientInfo.guardianMiddleName,
              validations: if(
                len(ri!HMS_PatientInfo.guardianMiddleName) &gt; 50,
                "Value may not be longer than 50 characters. You have entered " &amp; len(ri!HMS_PatientInfo.guardianMiddleName) &amp; " characters.",
                null
              )
            ),
            
            #"SYSTEM_SYSRULES_textField"(
              label:#"_a-0000e45f-fabf-8000-9ba2-011c48011c48_43932"("HMS_uiDummy_GuardianEmail_0171", local!languageBundle, null),
              labelPosition: "ABOVE",
              value: ri!HMS_PatientInfo.guardianEmail,
              saveInto: ri!HMS_PatientInfo.guardianEmail,
              validations: if(
                len(ri!HMS_PatientInfo.guardianEmail) &gt; 100,
                "Value may not be longer than 100 characters. You have entered " &amp; len(ri!HMS_PatientInfo.guardianEmail) &amp; " characters.",
                null
              )
            )
          }
        ),
        #"SYSTEM_SYSRULES_columnLayout"(
          contents: {
            #"SYSTEM_SYSRULES_textField"(
              label:#"_a-0000e45f-fabf-8000-9ba2-011c48011c48_43932"("HMS_uiDummy_LastName_0186", local!languageBundle, null),
              labelPosition: "ABOVE",
              value: ri!HMS_PatientInfo.patientLastName,
              saveInto: ri!HMS_PatientInfo.patientLastName,
              validations: if(
                len(ri!HMS_PatientInfo.patientLastName) &gt; 50,
                "Value may not be longer than 50 characters. You have entered " &amp; len(ri!HMS_PatientInfo.patientLastName) &amp; " characters.",
                null
              )
            ),
            #"SYSTEM_SYSRULES_textField"(
              label:#"_a-0000e45f-fabf-8000-9ba2-011c48011c48_43932"("HMS_uiDummy_ZoomId_0197", local!languageBundle, null),
              labelPosition: "ABOVE",
              value: ri!HMS_PatientInfo.patientZoomId,
              saveInto: ri!HMS_PatientInfo.patientZoomId,
              validations: if(
                len(ri!HMS_PatientInfo.patientZoomId) &gt; 60,
                "Value may not be longer than 60 characters. You have entered " &amp; len(ri!HMS_PatientInfo.patientZoomId) &amp; " characters.",
                null
              )
            ),
            #"SYSTEM_SYSRULES_floatingPointField"(
              label:#"_a-0000e45f-fabf-8000-9ba2-011c48011c48_43932"("HMS_uiDummy_Weight_0208", local!languageBundle, null),
              labelPosition: "ABOVE",
              value: ri!HMS_PatientInfo.patientWeight,
              saveInto: ri!HMS_PatientInfo.patientWeight
            ),
            #"SYSTEM_SYSRULES_textField"(
              label:#"_a-0000e45f-fabf-8000-9ba2-011c48011c48_43932"("HMS_uiDummy_Allergies_0214", local!languageBundle, null),
              labelPosition: "ABOVE",
              value: ri!HMS_PatientInfo.patientAllergies,
              saveInto: ri!HMS_PatientInfo.patientAllergies,
              validations: if(
                len(ri!HMS_PatientInfo.patientAllergies) &gt; 255,
                "Value may not be longer than 255 characters. You have entered " &amp; len(ri!HMS_PatientInfo.patientAllergies) &amp; " characters.",
                null
              )
            ),
            #"SYSTEM_SYSRULES_textField"(readOnly: true()),
            #"SYSTEM_SYSRULES_textField"(readOnly: true()),
            #"SYSTEM_SYSRULES_textField"(
              label:#"_a-0000e45f-fabf-8000-9ba2-011c48011c48_43932"("HMS_uiDummy_GuardianLastName_0227", local!languageBundle, null),
              labelPosition: "ABOVE",
              value: ri!HMS_PatientInfo.guardianLastName,
              saveInto: ri!HMS_PatientInfo.guardianLastName,
              validations: if(
                len(ri!HMS_PatientInfo.guardianLastName) &gt; 50,
                "Value may not be longer than 50 characters. You have entered " &amp; len(ri!HMS_PatientInfo.guardianLastName) &amp; " characters.",
                null
              )
            ),
            
          }
        )
      }
    )
  },
  buttons: #"SYSTEM_SYSRULES_ButtonLayout"(
    primaryButtons: {
      #"SYSTEM_SYSRULES_ButtonWidget"(
        label:#"_a-0000e45f-fabf-8000-9ba2-011c48011c48_43932"("HMS_uiDummy_Submit_0246", local!languageBundle, null),
        submit: true,
        style: "PRIMARY"
      )
    },
    secondaryButtons: {
      #"SYSTEM_SYSRULES_ButtonWidget"(
        label:#"_a-0000e45f-fabf-8000-9ba2-011c48011c48_43932"("HMS_uiDummy_Cancel_0253", local!languageBundle, null),
        value: true,
        saveInto: ri!cancel,
        submit: true,
        style: "NORMAL",
        validate: false
      )
    }
  )
)
)</definition>
        <namedTypedValue>
            <name>HMS_PatientInfo</name>
            <type>
                <name>HMS_PatientInfo</name>
                <namespace>urn:com:appian:types:hms</namespace>
            </type>
        </namedTypedValue>
        <namedTypedValue>
            <name>cancel</name>
            <type>
                <name>boolean</name>
                <namespace>http://www.w3.org/2001/XMLSchema</namespace>
            </type>
        </namedTypedValue>
        <preferredEditor>interface</preferredEditor>
        <offlineEnabled>false</offlineEnabled>
    </rule>
    <roleMap public="true">
        <role inherit="true" allowForAll="false" name="readers">
            <users/>
            <groups/>
        </role>
        <role inherit="true" allowForAll="false" name="authors">
            <users/>
            <groups/>
        </role>
        <role inherit="true" allowForAll="false" name="administrators">
            <users/>
            <groups/>
        </role>
        <role inherit="false" allowForAll="false" name="denyReaders">
            <users/>
            <groups/>
        </role>
        <role inherit="false" allowForAll="false" name="denyAuthors">
            <users/>
            <groups/>
        </role>
        <role inherit="false" allowForAll="false" name="denyAdministrators">
            <users/>
            <groups/>
        </role>
    </roleMap>
    <typedValue>
        <type>
            <name>RuleTestConfig?list</name>
            <namespace>http://www.appian.com/ae/types/2009</namespace>
        </type>
        <value>
            <el>
                <a:name/>
                <a:ruleInputTestConfigs>
                    <a:value xmlns:xsi="http://www.w3.org/2001/XMLSchema-instance" xsi:type="a:Expression">'type!{urn:com:appian:types:hms}HMS_PatientInfo'()</a:value>
                    <a:nameRef>HMS_PatientInfo</a:nameRef>
                    <a:id/>
                </a:ruleInputTestConfigs>
                <a:ruleInputTestConfigs>
                    <a:value xmlns:xsd="http://www.w3.org/2001/XMLSchema" xmlns:xsi="http://www.w3.org/2001/XMLSchema-instance" xsi:nil="true" xsi:type="xsd:boolean"/>
                    <a:nameRef>cancel</a:nameRef>
                    <a:id/>
                </a:ruleInputTestConfigs>
                <a:assertions xmlns:xsi="http://www.w3.org/2001/XMLSchema-instance" xsi:nil="true"/>
            </el>
        </value>
    </typedValue>
    <history>
        <historyInfo versionUuid="_a-0000e530-51df-8000-9bb2-011c48011c48_2069494"/>
        <historyInfo versionUuid="_a-0000e530-51df-8000-9bb2-011c48011c48_2069495"/>
    </history>
</contentHaul>
