<?xml version="1.0" encoding="UTF-8" standalone="yes"?>
<contentHaul xmlns:a="http://www.appian.com/ae/types/2009">
    <versionUuid>_a-0000e530-51df-8000-9bb2-011c48011c48_2086501</versionUuid>
    <rule>
        <name>HMS_uiChatBox</name>
        <uuid>_a-0000e530-51df-8000-9bb2-011c48011c48_2070972</uuid>
        <description>Interface for Chat Box</description>
        <parentUuid>_a-0000e50e-6062-8000-9bb0-011c48011c48_2058716</parentUuid>
        <visibility>
            <advertise>false</advertise>
            <hierarchy>true</hierarchy>
            <indexable>true</indexable>
            <quota>false</quota>
            <searchable>true</searchable>
            <system>false</system>
            <unlogged>false</unlogged>
        </visibility>
        <definition>a!localVariables(
/*
This translation was made by the Translation Application. 
@Author: Alejandro Rueda
@Version: 4.1.1
*/
/* Using user's locale language */
local!languageBundle: #"_a-0000e45f-fabf-8000-9ba2-011c48011c48_43945"("HMS APP", null),
a!localVariables(
  local!message: null,
  local!newComment: 'type!{urn:com:appian:types:hms}HMS_Comments'(
    id: null,
    comments: local!message,
    userType: if(
      isnull(ri!patientId),
      #"_a-0000e530-51df-8000-9bb2-011c48011c48_2073488"[1],
      #"_a-0000e530-51df-8000-9bb2-011c48011c48_2073488"[2]
    ),
    userId: loggedInUser(),
    commentedon: now(),
    patientId: 1,
    doctorId: 1
  ),
  with(
    local!allComments: index(
      #"_a-0000e530-51df-8000-9bb2-011c48011c48_2073563"(
        /*patientID: ri!patientId,*/
        /*doctorId: ri!doctorId*/
        patientID: 1,
        doctorId: 1
      ),
      "Data",
      null
    ),
    {
      #"SYSTEM_SYSRULES_cardLayout"(
        /*label:rule!LA_SimpleTranslation("HMS_uiChatBox_Doctorclarifications_0047", local!languageBundle, null),style:"ACCENT",*/
        contents: {
          /*a!paragraphField(value: local!allComments),*/
          #"SYSTEM_SYSRULES_forEach"(
            local!allComments,
            if(isnull(fv!item.patientId),
            #"SYSTEM_SYSRULES_cardLayout"(showBorder: false,style:"#FFFFFF",
              contents: {
                #"SYSTEM_SYSRULES_columnsLayout"(
                  columns: {
                    #"SYSTEM_SYSRULES_columnLayout"(
                      width: "EXTRA_NARROW",
                      contents: {
                        #"SYSTEM_SYSRULES_imageField_v1"(
                          images: #"SYSTEM_SYSRULES_userImage"(user: touser("doctor")),
                          size: "TINY",
                          style: "AVATAR",
                          align: "CENTER"
                        )}),
                        #"SYSTEM_SYSRULES_columnLayout"(
                          width: "NARROW",
                          contents: {
                        #"SYSTEM_SYSRULES_richTextDisplayField"(
                          value: {
                            #"SYSTEM_SYSRULES_richTextItem_v1"(
                              text: concat(
                                user(touser("doctor"), "firstName"),
                                " ",
                                user(touser("doctor"), "lastName")
                              )
                            ),
                            char(10),
                            #"SYSTEM_SYSRULES_richTextItem_v1"(
                              text: if(
                                find("AM", tostring(fv!item.commentedon), 1) &lt;&gt; 0,
                                split(fv!item.commentedon, "AM")[1] &amp; " am",
                                if(
                                  find("PM", tostring(fv!item.commentedon), 1) &lt;&gt; 0,
                                  split(fv!item.commentedon, "PM")[1] &amp; " pm",
                                  null
                                )
                              )
                            )
                          }
                        )
                      }
                    ),
                    #"SYSTEM_SYSRULES_columnLayout"(
                      width: "WIDE",
                      contents: #"SYSTEM_SYSRULES_richTextDisplayField"(
                        align: "LEFT",
                        value: {
                          #"SYSTEM_SYSRULES_richTextItem_v1"(size: "MEDIUM", text: fv!item.comments)
                        }
                      )
                    )
                  }
                )
              }
            ),
            #"SYSTEM_SYSRULES_cardLayout"(showBorder: false,style:#"_a-0000e530-51df-8000-9bb2-011c48011c48_2065001"[5],
              contents: {
                #"SYSTEM_SYSRULES_columnsLayout"(
                  columns: {
                        #"SYSTEM_SYSRULES_columnLayout"(
                          /*width: "WIDE",*/
                          contents: #"SYSTEM_SYSRULES_richTextDisplayField"(align:"RIGHT",
                            value: {
                              #"SYSTEM_SYSRULES_richTextItem_v1"(size: "MEDIUM", text: fv!item.comments)
                            }
                          )
                        ),
                        #"SYSTEM_SYSRULES_columnLayout"(
                          width: "NARROW",
                          contents: {
                            #"SYSTEM_SYSRULES_richTextDisplayField"(align:"RIGHT",
                              value: {
                                #"SYSTEM_SYSRULES_richTextItem_v1"(
                                  text: concat(
                                    user(touser("patient"), "firstName"),
                                    " ",
                                    user(touser("patient"), "lastName")
                                  )
                                ),
                                char(10),
                                #"SYSTEM_SYSRULES_richTextItem_v1"(
                                  text: if(
                                    find("AM", tostring(fv!item.commentedon), 1) &lt;&gt; 0,
                                    split(fv!item.commentedon, "AM")[1] &amp; " am",
                                    if(
                                      find("PM", tostring(fv!item.commentedon), 1) &lt;&gt; 0,
                                      split(fv!item.commentedon, "PM")[1] &amp; " pm",
                                      null
                                    )
                                  )
                                )
                              }
                            )
                          }
                        ),
                        #"SYSTEM_SYSRULES_columnLayout"(
                          width: "EXTRA_NARROW",
                          contents: {
                            #"SYSTEM_SYSRULES_imageField_v1"(
                              images: #"SYSTEM_SYSRULES_userImage"(user: touser("patient")),
                              size: "TINY",
                              style: "AVATAR",
                              align: "CENTER"
                            )}),
                  }
                )
              }
            ))
          )
        },
        /*marginBelow: "STANDARD"*/
      ),
      #"SYSTEM_SYSRULES_paragraphField"(
        placeholder:#"_a-0000e45f-fabf-8000-9ba2-011c48011c48_43932"("HMS_uiChatBox_Askyourclarifications_0165", local!languageBundle, null),
        labelPosition: "ABOVE",
        value: local!message,
        saveInto: local!message,
        refreshAfter: "UNFOCUS",
        height: "MEDIUM",
        validations: {}
      ),
      #"SYSTEM_SYSRULES_ButtonLayout"(
        primaryButtons: #"SYSTEM_SYSRULES_ButtonWidget"(
          label: "",
          icon: "send",
          style: "PRIMARY",
          saveInto: {
            #"SYSTEM_SYSRULES_writeToDataStoreEntity"(
              dataStoreEntity: #"_a-0000e530-51df-8000-9bb2-011c48011c48_2073504",
              valueToStore: local!newComment
            ),
            a!save(local!newComment, null)
          }
        ),
        secondaryButtons: #"SYSTEM_SYSRULES_ButtonWidget"(
          label:#"_a-0000e45f-fabf-8000-9ba2-011c48011c48_43932"("HMS_uiChatBox_Clear_0187", local!languageBundle, null),
          style: "SECONDARY",
          saveInto: a!save(local!message, null)
        )
      )
    }
  )
)
)</definition>
        <namedTypedValue>
            <name>patientId</name>
            <type>
                <name>int</name>
                <namespace>http://www.w3.org/2001/XMLSchema</namespace>
            </type>
        </namedTypedValue>
        <namedTypedValue>
            <name>doctorId</name>
            <type>
                <name>int</name>
                <namespace>http://www.w3.org/2001/XMLSchema</namespace>
            </type>
        </namedTypedValue>
        <preferredEditor>interface</preferredEditor>
        <offlineEnabled>false</offlineEnabled>
    </rule>
    <roleMap public="true">
        <role inherit="true" allowForAll="false" name="readers">
            <users/>
            <groups/>
        </role>
        <role inherit="true" allowForAll="false" name="authors">
            <users/>
            <groups/>
        </role>
        <role inherit="true" allowForAll="false" name="administrators">
            <users/>
            <groups/>
        </role>
        <role inherit="false" allowForAll="false" name="denyReaders">
            <users/>
            <groups/>
        </role>
        <role inherit="false" allowForAll="false" name="denyAuthors">
            <users/>
            <groups/>
        </role>
        <role inherit="false" allowForAll="false" name="denyAdministrators">
            <users/>
            <groups/>
        </role>
    </roleMap>
    <history>
        <historyInfo versionUuid="_a-0000e530-51df-8000-9bb2-011c48011c48_2077258"/>
        <historyInfo versionUuid="_a-0000e530-51df-8000-9bb2-011c48011c48_2086501"/>
    </history>
</contentHaul>
