<?xml version="1.0" encoding="UTF-8" standalone="yes"?>
<contentHaul xmlns:a="http://www.appian.com/ae/types/2009">
    <versionUuid>_a-0000e530-51df-8000-9bb2-011c48011c48_2086307</versionUuid>
    <rule>
        <name>HMS_uiPatientsScreen</name>
        <uuid>_a-0000e530-51df-8000-9bb2-011c48011c48_2064904</uuid>
        <description>Interface for Patients</description>
        <parentUuid>_a-0000e50e-6062-8000-9bb0-011c48011c48_2058716</parentUuid>
        <visibility>
            <advertise>false</advertise>
            <hierarchy>true</hierarchy>
            <indexable>true</indexable>
            <quota>false</quota>
            <searchable>true</searchable>
            <system>false</system>
            <unlogged>false</unlogged>
        </visibility>
        <definition>a!localVariables(
  /*
This translation was made by the Translation Application. 
@Author: Alejandro Rueda
@Version: 4.1.1
*/
  /* Using user's locale language */
  local!languageBundle: #"_a-0000e45f-fabf-8000-9ba2-011c48011c48_43945"("HMS APP", null),
  a!localVariables(
    local!category,
    local!searchTerm,
    local!selectedQuestion: a!refreshVariable(value: NULL),
    local!questionsData: #"_a-0000e530-51df-8000-9bb2-011c48011c48_2065669"(),
    local!questions: index(local!questionsData, "question", NULL),
    local!ids: index(local!questionsData, "id", NULL),
    local!patientData: a!refreshVariable(
      value: cast(
        typeof(
          'type!{urn:com:appian:types:hms}HMS_PatientInfo'()
        ),
        index(
          #"_a-0000e530-51df-8000-9bb2-011c48011c48_2069001"(patientAppianID: loggedInUser()),
          "data",
          NULL
        )
      )
    ),
    /**/
    local!search: false,
    local!helpfulLinks: /* This variable would normally be retrieved with a rule like rule!getPopularHelpTopics(). */
    {
      a!map(
        icon: "user",
        title: "Mischa Franklin (Facilities Manager)",
        linkUrl: ""
      ),
      a!map(
        icon: "money",
        title: "Submit Expense Report",
        linkUrl: ""
      ),
      a!map(
        icon: "check-square",
        title: "Submit An IT Service Desk Case",
        linkUrl: "",
        isNew: true
      ),
      a!map(
        icon: "external-link",
        title: "Time Management System",
        linkUrl: ""
      )
    },
    #"SYSTEM_SYSRULES_headerContentLayout"(
      header: #"SYSTEM_SYSRULES_billboardLayout_v1"(
        backgroundMedia: #"SYSTEM_SYSRULES_documentImage"(document: #"_a-0000e530-51df-8000-9bb2-011c48011c48_2064959"[4]),
        height: "MEDIUM",
        showWhen: #"b8ffe8b7-0dca-439a-867c-b8898b3db7ea"(local!category),
        marginBelow: "NONE",
        overlay: #"SYSTEM_SYSRULES_columnOverlay"(
          alignVertical: "MIDDLE",
          contents: {
            #"SYSTEM_SYSRULES_richTextDisplayField"(
              labelPosition: "COLLAPSED",
              value: {
                #"SYSTEM_SYSRULES_richTextItem_v1"(
                  text: {
                    "Hello, " &amp; user(loggedinuser(), "firstName") &amp; "."
                  },
                  size: "MEDIUM"
                ),
                char(10),
                #"SYSTEM_SYSRULES_richTextItem_v1"(
                  text: {
                    #"_a-0000e45f-fabf-8000-9ba2-011c48011c48_43932"(
                      "HMS_uiPatientsScreen_Weareheretohelp_0083",
                      local!languageBundle,
                      null
                    )
                  },
                  size: "LARGE"
                )
              },
              align: "CENTER"
            )
          },
          style: "SEMI_LIGHT"
        )
      ),
      contents: {
        /*a!richTextDisplayField(*/
        /*labelPosition: "COLLAPSED",*/
        /*value: {*/
        /*a!richTextItem(*/
        /*text: {*/
        /*"Hello, " &amp; user(loggedinuser(), "firstName") &amp; "."*/
        /*},*/
        /*size: "LARGE",*/
        /*style: "STRONG"*/
        /*),*/
        /*          */
        /*},*/
        /*align: "LEFT"*/
        /*),*/
        a!localVariables(
          local!date: a!refreshVariable(
            value: local!patientData.nextconsultationdate,
            refreshOnReferencedVarChange: false()
          ),
          #"SYSTEM_SYSRULES_cardLayout"(
            contents: {
              #"SYSTEM_SYSRULES_sideBySideLayout"(
                items: {
                  /*a!sideBySideItem(*/
                  /*item: a!richTextDisplayField(*/
                  /*labelPosition: "COLLAPSED",*/
                  /*value: {*/
                  /*a!richTextIcon(*/
                  /*icon: "exclamation-circle",*/
                  /*color: "POSITIVE",*/
                  /*size: "MEDIUM"*/
                  /*)*/
                  /*}*/
                  /*),*/
                  /*width: "MINIMIZE"*/
                  /*),*/
                  #"SYSTEM_SYSRULES_sideBySideItem"(
                    /* Replace this rich text with your error message */
                    item: #"SYSTEM_SYSRULES_richTextDisplayField"(
                      labelPosition: "COLLAPSED",
                      value: {
                        #"SYSTEM_SYSRULES_richTextItem_v1"(
                          text: {
                            "You have an appointment scheduled for"
                          },
                          style: "PLAIN"
                        ),
                        " ",
                        todate(local!date) &amp; ", " &amp; time(local!date) &amp; ". Location - " &amp; local!patientData.hospitalName
                      },
                      align: "CENTER"
                    )
                  )
                },
                alignVertical: "MIDDLE",
                spacing: "STANDARD"
              )
            },
            showWhen: and(
              showWhen: #"b8ffe8b7-0dca-439a-867c-b8898b3db7ea"(local!category),
              not(
                isnull(local!patientData.nextconsultationdate)
              ),
              todatetime(local!date) &gt; now()
            ),
            style: #"_a-0000e530-51df-8000-9bb2-011c48011c48_2065001"[5],
            marginBelow: "STANDARD",
            accessibilityText: #"_a-0000e45f-fabf-8000-9ba2-011c48011c48_43932"(
              "HMS_uiPatientsScreen_Errormessage_0161",
              local!languageBundle,
              null
            )
          )
        ),
        /*a!pickerFieldCustom(*/
          /*placeholder: rule!LA_SimpleTranslation(*/
            /*"HMS_uiPatientsScreen_Doyouhaveaquestion_0165",*/
            /*local!languageBundle,*/
            /*null*/
          /*),*/
          /*showWhen: isnull(local!category),*/
          /*maxSelections: 1,*/
          /*suggestFunction: rule!ucArrayPickerFilter(*/
            /*filter: _,*/
            /*labels: local!questions,*/
            /*identifiers: local!ids*/
          /*),*/
          /*selectedLabels: a!forEach(*/
            /*items: local!selectedQuestion,*/
            /*expression: index(*/
              /*local!questions,*/
              /*{ local!selectedQuestion }*/
            /*)*/
          /*),*/
          /*value: local!selectedQuestion,*/
          /*saveInto: local!selectedQuestion*/
        /*),*/
        #"SYSTEM_SYSRULES_dropdownField_v1"(
          placeholder: #"_a-0000e45f-fabf-8000-9ba2-011c48011c48_43932"(
            "HMS_uiPatientsScreen_Doyouhaveaquestion_0165",
            local!languageBundle,
            null
          ),
          choiceLabels: local!questions,
          choiceValues: local!ids,
          value: local!selectedQuestion,
          saveInto: local!selectedQuestion,
          searchDisplay : "ON",
          showWhen: isnull(local!category)
        ),
        #"SYSTEM_SYSRULES_columnsLayout"(
          columns: {
            #"SYSTEM_SYSRULES_columnLayout"(
              contents: {
                /* If you haven't clicked on a card, show the search */
                if(
                  isnull(local!category),
                  {
                    /* If you haven't searched, show the cards */
                    if(
                      and(
                        not(local!search),
                        #"_a-0000e0f2-6b66-8000-9ba2-011c48011c48_627873"(local!selectedQuestion)
                      ),
                      #"SYSTEM_SYSRULES_columnsLayout"(
                        columns: {
                          #"SYSTEM_SYSRULES_columnLayout"(
                            contents: {
                              #"SYSTEM_SYSRULES_cardLayout"(
                                contents: #"SYSTEM_SYSRULES_richTextDisplayField"(
                                  value: {
                                    #"SYSTEM_SYSRULES_richTextIcon"(
                                      icon: "calendar",
                                      color: "#FFB6C1",
                                      size: "LARGE"
                                    ),
                                    char(10),
                                    #"SYSTEM_SYSRULES_richTextItem_v1"(
                                      text: {
                                        #"_a-0000e45f-fabf-8000-9ba2-011c48011c48_43932"(
                                          "HMS_uiPatientsScreen_BookAppointment_0211",
                                          local!languageBundle,
                                          null
                                        )
                                      },
                                      color: "SECONDARY",
                                      size: "MEDIUM_PLUS"
                                    ),
                                    char(10),
                                    #"SYSTEM_SYSRULES_richTextItem_v1"(
                                      text: {
                                        #"_a-0000e45f-fabf-8000-9ba2-011c48011c48_43932"(
                                          "HMS_uiPatientsScreen_Speaktoexperts_0217",
                                          local!languageBundle,
                                          null
                                        )
                                      },
                                      color: "#FF1493"
                                    )
                                  },
                                  align: "CENTER"
                                ),
                                /* Setting this variable would be used to navigate to a category of answers */
                                link: /*a!dynamicLink(saveInto: a!save(local!category, "Time"))*/
                                #"SYSTEM_SYSRULES_startProcessLink"(
                                  processModel: #"_a-0000e530-51df-8000-9bb2-011c48011c48_2070929"
                                ),
                                height: "AUTO",
                                marginBelow: "STANDARD"
                              ),
                              #"SYSTEM_SYSRULES_cardLayout"(
                                contents: #"SYSTEM_SYSRULES_richTextDisplayField"(
                                  value: {
                                    #"SYSTEM_SYSRULES_richTextIcon"(
                                      icon: "search",
                                      color: "#FFB6C1",
                                      size: "LARGE"
                                    ),
                                    char(10),
                                    #"SYSTEM_SYSRULES_richTextItem_v1"(
                                      text: {
                                        #"_a-0000e45f-fabf-8000-9ba2-011c48011c48_43932"(
                                          "HMS_uiPatientsScreen_SelfDiagnosis_0222",
                                          local!languageBundle,
                                          null
                                        )
                                      },
                                      color: "SECONDARY",
                                      size: "MEDIUM_PLUS"
                                    ),
                                    char(10),
                                    #"SYSTEM_SYSRULES_richTextItem_v1"(
                                      text: {
                                        #"_a-0000e45f-fabf-8000-9ba2-011c48011c48_43932"(
                                          "HMS_uiPatientsScreen_SelfDiagnosis_0223",
                                          local!languageBundle,
                                          null
                                        )
                                      },
                                      color: "#FF1493"
                                    )
                                  },
                                  align: "CENTER"
                                ),
                                link: #"SYSTEM_SYSRULES_dynamicLink"(saveInto: a!save(local!category, 6)),
                                height: "AUTO",
                                marginBelow: "STANDARD"
                              )
                            }
                          ),
                          #"SYSTEM_SYSRULES_columnLayout"(
                            contents: {
                              #"SYSTEM_SYSRULES_cardLayout"(
                                contents: #"SYSTEM_SYSRULES_richTextDisplayField"(
                                  value: {
                                    #"SYSTEM_SYSRULES_richTextIcon"(
                                      icon: "info-circle",
                                      color: "#FFB6C1",
                                      size: "LARGE"
                                    ),
                                    char(10),
                                    #"SYSTEM_SYSRULES_richTextItem_v1"(
                                      text: {
                                        #"_a-0000e45f-fabf-8000-9ba2-011c48011c48_43932"(
                                          "HMS_uiPatientsScreen_MyData_0245",
                                          local!languageBundle,
                                          null
                                        )
                                      },
                                      color: "SECONDARY",
                                      size: "MEDIUM_PLUS"
                                    ),
                                    char(10),
                                    #"SYSTEM_SYSRULES_richTextItem_v1"(
                                      text: {
                                        #"_a-0000e45f-fabf-8000-9ba2-011c48011c48_43932"(
                                          "HMS_uiPatientsScreen_FITBITInfo_0251",
                                          local!languageBundle,
                                          null
                                        )
                                      },
                                      color: "#FF1493"
                                    )
                                  },
                                  align: "CENTER"
                                ),
                                link: #"SYSTEM_SYSRULES_dynamicLink"(saveInto: a!save(local!category, 2)),
                                height: "AUTO",
                                marginBelow: "STANDARD"
                              ),
                              #"SYSTEM_SYSRULES_cardLayout"(
                                contents: #"SYSTEM_SYSRULES_richTextDisplayField"(
                                  value: {
                                    #"SYSTEM_SYSRULES_richTextIcon"(
                                      icon: "comments-o",
                                      color: "#FFB6C1",
                                      size: "LARGE"
                                    ),
                                    char(10),
                                    #"SYSTEM_SYSRULES_richTextItem_v1"(
                                      text: {
                                        #"_a-0000e45f-fabf-8000-9ba2-011c48011c48_43932"(
                                          "HMS_uiPatientsScreen_Letstalk_0305",
                                          local!languageBundle,
                                          null
                                        )
                                      },
                                      color: "SECONDARY",
                                      size: "MEDIUM_PLUS"
                                    ),
                                    char(10),
                                    #"SYSTEM_SYSRULES_richTextItem_v1"(
                                      text: {
                                        #"_a-0000e45f-fabf-8000-9ba2-011c48011c48_43932"(
                                          "HMS_uiPatientsScreen_SpeaktoDoctor_0311",
                                          local!languageBundle,
                                          null
                                        )
                                      },
                                      color: "#FF1493"
                                    )
                                  },
                                  align: "CENTER"
                                ),
                                link: #"SYSTEM_SYSRULES_dynamicLink"(saveInto: a!save(local!category, 4)),
                                height: "AUTO",
                                marginBelow: "STANDARD"
                              )
                            }
                          ),
                          #"SYSTEM_SYSRULES_columnLayout"(
                            contents: {
                              #"SYSTEM_SYSRULES_cardLayout"(
                                contents: #"SYSTEM_SYSRULES_richTextDisplayField"(
                                  value: {
                                    #"SYSTEM_SYSRULES_richTextIcon"(
                                      icon: "calendar-o",
                                      color: "#FFB6C1",
                                      size: "LARGE"
                                    ),
                                    char(10),
                                    #"SYSTEM_SYSRULES_richTextItem_v1"(
                                      text: {
                                        #"_a-0000e45f-fabf-8000-9ba2-011c48011c48_43932"(
                                          "HMS_uiPatientsScreen_Consultations_0275",
                                          local!languageBundle,
                                          null
                                        )
                                      },
                                      color: "SECONDARY",
                                      size: "MEDIUM_PLUS"
                                    ),
                                    char(10),
                                    #"SYSTEM_SYSRULES_richTextItem_v1"(
                                      text: {
                                        #"_a-0000e45f-fabf-8000-9ba2-011c48011c48_43932"(
                                          "HMS_uiPatientsScreen_ConsultationsandAppointments_0281",
                                          local!languageBundle,
                                          null
                                        )
                                      },
                                      color: "#FF1493"
                                    )
                                  },
                                  align: "CENTER"
                                ),
                                link: #"SYSTEM_SYSRULES_dynamicLink"(saveInto: a!save(local!category, 3)),
                                height: "AUTO",
                                marginBelow: "STANDARD"
                              ),
                              #"SYSTEM_SYSRULES_cardLayout"(
                                contents: #"SYSTEM_SYSRULES_richTextDisplayField"(
                                  label: "",
                                  value: {
                                    #"SYSTEM_SYSRULES_richTextIcon"(
                                      icon: "search",
                                      color: "#FFB6C1",
                                      size: "LARGE"
                                    ),
                                    char(10),
                                    #"SYSTEM_SYSRULES_richTextItem_v1"(
                                      text: {
                                        #"_a-0000e45f-fabf-8000-9ba2-011c48011c48_43932"(
                                          "HMS_uiPatientsScreen_KnowledgeCenter_0336",
                                          local!languageBundle,
                                          null
                                        )
                                      },
                                      color: "SECONDARY",
                                      size: "MEDIUM_PLUS"
                                    ),
                                    char(10),
                                    #"SYSTEM_SYSRULES_richTextItem_v1"(
                                      text: {
                                        #"_a-0000e45f-fabf-8000-9ba2-011c48011c48_43932"(
                                          "HMS_uiPatientsScreen_Speaktocommunity_0342",
                                          local!languageBundle,
                                          null
                                        )
                                      },
                                      color: "#FF1493"
                                    )
                                  },
                                  align: "CENTER"
                                ),
                                /* Setting this variable would be used to navigate to a category of answers */
                                link: #"SYSTEM_SYSRULES_dynamicLink"(saveInto: a!save(local!category, 5)),
                                height: "AUTO",
                                marginBelow: "STANDARD"
                              )
                            }
                          )
                          
                        }
                      ),
                      {
                        #"SYSTEM_SYSRULES_richTextDisplayField"(
                          labelPosition: "COLLAPSED",
                          value: {
                            #"SYSTEM_SYSRULES_richTextIcon"(
                              icon: "long-arrow-left",
                              link: #"SYSTEM_SYSRULES_dynamicLink"(
                                saveInto: {
                                  a!save(local!search, false),
                                  a!save(local!searchTerm, ""),
                                  a!save(local!category, null)
                                }
                              ),
                              linkStyle: "STANDALONE"
                            ),
                            " ",
                            #"SYSTEM_SYSRULES_richTextItem_v1"(
                              text: {
                                #"_a-0000e45f-fabf-8000-9ba2-011c48011c48_43932"(
                                  "HMS_uiPatientsScreen_GoBack_0377",
                                  local!languageBundle,
                                  null
                                )
                              },
                              link: #"SYSTEM_SYSRULES_dynamicLink"(
                                saveInto: {
                                  a!save(local!search, false),
                                  a!save(local!searchTerm, ""),
                                  a!save(local!category, null),
                                  a!save(local!selectedQuestion, NULL)
                                }
                              ),
                              linkStyle: "STANDALONE"
                            )
                          }
                        ),
                        {}
                      }
                    )
                  },
                  {
                    #"SYSTEM_SYSRULES_richTextDisplayField"(
                      labelPosition: "COLLAPSED",
                      value: {
                        #"SYSTEM_SYSRULES_richTextItem_v1"(
                          text: {
                            #"_a-0000e45f-fabf-8000-9ba2-011c48011c48_43932"(
                              "HMS_uiPatientsScreen_AllCategories_0400",
                              local!languageBundle,
                              null
                            )
                          },
                          link: #"SYSTEM_SYSRULES_dynamicLink"(
                            saveInto: {
                              a!save(local!search, false),
                              a!save(local!category, null)
                            }
                          ),
                          linkStyle: "STANDALONE"
                        ),
                        " / ",
                        index(
                          {
                            "Book Appointment",
                            "My Data",
                            "My Consultations",
                            "Lets Talk",
                            "Knowledge Center",
                            "Self Diagnosis"
                          },
                          local!category,
                          null
                        )
                      }
                    ),
                    #"SYSTEM_SYSRULES_cardLayout"(
                      contents: #"_a-0000e530-51df-8000-9bb2-011c48011c48_2077322"(),
                      showWhen: exact(local!category, 5),
                      showBorder: false()
                    ),
                    #"SYSTEM_SYSRULES_cardLayout"(
                      contents: #"_a-0000e530-51df-8000-9bb2-011c48011c48_2077220"(),
                      showWhen: exact(local!category, 4)
                    ),
                    #"SYSTEM_SYSRULES_cardLayout"(
                      contents: #"_a-0000e530-51df-8000-9bb2-011c48011c48_2077557"(),
                      showWhen: exact(local!category, 3),
                      showBorder: false()
                    ),
                    #"SYSTEM_SYSRULES_cardLayout"(
                      contents: #"_a-0000e530-51df-8000-9bb2-011c48011c48_2073348"(),
                      showWhen: exact(local!category, 2),
                      showBorder: false()
                    ),
                    #"SYSTEM_SYSRULES_cardLayout"(
                      contents: #"_a-0000e530-51df-8000-9bb2-011c48011c48_2064987"(),
                      showWhen: exact(local!category, 6),
                      showBorder: false()
                    )
                  }
                )
              },
              width: "AUTO"
            )
          },
          stackWhen: {
            "PHONE",
            "TABLET_PORTRAIT",
            "TABLET_LANDSCAPE",
            "DESKTOP_NARROW"
          }
        ),
        /*Answers Section*/
        if(
          #"b8ffe8b7-0dca-439a-867c-b8898b3db7ea"(local!selectedQuestion),
          {},
          choose(
            local!selectedQuestion,
            {
              /*What is BC*/
              #"SYSTEM_SYSRULES_sectionLayout_v1"(
                label: #"_a-0000e45f-fabf-8000-9ba2-011c48011c48_43932"(
                  "HMS_uiPatientsScreen_WhatisBreastCancer_0460",
                  local!languageBundle,
                  null
                ),
                contents: {
                  #"SYSTEM_SYSRULES_sideBySideLayout"(
                    items: {
                      #"SYSTEM_SYSRULES_sideBySideItem"(
                        item: #"SYSTEM_SYSRULES_paragraphField"(
                          value: "Breast cancer is a group of diseases in which cells in breast tissue change and divide uncontrolled, typically resulting in a lump or mass. Most breast cancers begin in the lobules (milk glands) or in the ducts that connect the lobules.",
                          readOnly: true()
                        )
                      ),
                      #"SYSTEM_SYSRULES_sideBySideItem"(item: #"SYSTEM_SYSRULES_paragraphField"(readOnly: true()))
                    }
                  )
                }
              )
            },
            {
              /*Who gets breast cancer?*/
              #"SYSTEM_SYSRULES_sectionLayout_v1"(
                label: #"_a-0000e45f-fabf-8000-9ba2-011c48011c48_43932"(
                  "HMS_uiPatientsScreen_WhogetsBreastCancer_0479",
                  local!languageBundle,
                  null
                ),
                contents: {
                  #"SYSTEM_SYSRULES_sideBySideLayout"(
                    items: {
                      #"SYSTEM_SYSRULES_sideBySideItem"(
                        item: #"SYSTEM_SYSRULES_paragraphField"(
                          value: "Men can get breast cancer too, but they account for less than 1% of all breast cancer cases. Among women, breast cancer is the most second most common cancer diagnosed, after skin cancer, and the second leading cause of cancer deaths, after lung cancer.",
                          readOnly: true()
                        )
                      ),
                      #"SYSTEM_SYSRULES_sideBySideItem"(item: #"SYSTEM_SYSRULES_paragraphField"(readOnly: true()))
                    }
                  )
                }
              )
            },
            {
              /*How common is breast cancer?*/
              #"SYSTEM_SYSRULES_sectionLayout_v1"(
                label: #"_a-0000e45f-fabf-8000-9ba2-011c48011c48_43932"(
                  "HMS_uiPatientsScreen_Howcommonisbreastcancer_0498",
                  local!languageBundle,
                  null
                ),
                contents: {
                  #"SYSTEM_SYSRULES_sideBySideLayout"(
                    items: {
                      #"SYSTEM_SYSRULES_sideBySideItem"(
                        item: #"SYSTEM_SYSRULES_paragraphField"(
                          value: "On average, 1 in 8 women will develop breast cancer in their lifetimes. About two-thirds of women with breast cancer are 55 or older. Most of the rest are between 35 and 54.
Fortunately, breast cancer is very treatable if you spot it early. Localized cancer (meaning it hasn’t spread outside your breast) can usually be treated before it spreads.",
                          readOnly: true()
                        )
                      ),
                      #"SYSTEM_SYSRULES_sideBySideItem"(item: #"SYSTEM_SYSRULES_paragraphField"(readOnly: true()))
                    }
                  )
                }
              )
            },
            {
              /*Symptoms?*/
              #"SYSTEM_SYSRULES_sectionLayout_v1"(
                label: #"_a-0000e45f-fabf-8000-9ba2-011c48011c48_43932"(
                  "HMS_uiPatientsScreen_SymptomsofBreastCancer_0519",
                  local!languageBundle,
                  null
                ),
                contents: {
                  #"SYSTEM_SYSRULES_sideBySideLayout"(
                    items: {
                      #"SYSTEM_SYSRULES_sideBySideItem"(
                        item: #"SYSTEM_SYSRULES_paragraphField"(
                          value: "-A lump or thickened area in or near your breast or underarm that lasts through your period
-A mass or lump, even if it feels as small as a pea
-A change in your breast’s size, shape, or curve
-Nipple discharge that can be bloody or clear
-Changes in the skin of your breast or your nipple. It could be dimpled, puckered, scaly, or inflamed.
-Red skin on your breast or nipple
-Changes in the shape or position of your nipple
-An area that’s different from any other area on either breast
-A hard, marble-sized spot under your skin
",
                          readOnly: true()
                        )
                      ),
                      #"SYSTEM_SYSRULES_sideBySideItem"(item: #"SYSTEM_SYSRULES_paragraphField"(readOnly: true()))
                    }
                  )
                }
              )
            },
            {
              /*Types?*/
              #"SYSTEM_SYSRULES_sectionLayout_v1"(
                label: #"_a-0000e45f-fabf-8000-9ba2-011c48011c48_43932"(
                  "HMS_uiPatientsScreen_TypesofBreastCancer_0547",
                  local!languageBundle,
                  null
                ),
                contents: {
                  #"SYSTEM_SYSRULES_sideBySideLayout"(
                    items: {
                      #"SYSTEM_SYSRULES_sideBySideItem"(
                        item: #"SYSTEM_SYSRULES_richTextDisplayField"(
                          value: {
                            #"SYSTEM_SYSRULES_richTextItem_v1"(
                              text: #"_a-0000e45f-fabf-8000-9ba2-011c48011c48_43932"(
                                "HMS_uiPatientsScreen_Insitucancers_0556",
                                local!languageBundle,
                                null
                              ) &amp; " ",
                              style: "STRONG"
                            ),
                            #"SYSTEM_SYSRULES_richTextItem_v1"(
                              text: " " &amp; #"_a-0000e45f-fabf-8000-9ba2-011c48011c48_43932"(
                                "HMS_uiPatientsScreen_Thesetypeshaventspreadpastthed_0560",
                                local!languageBundle,
                                null
                              )
                            ),
                            char(10),
                            #"SYSTEM_SYSRULES_richTextItem_v1"(
                              text: #"_a-0000e45f-fabf-8000-9ba2-011c48011c48_43932"(
                                "HMS_uiPatientsScreen_Invasivecancers_0564",
                                local!languageBundle,
                                null
                              ) &amp; " ",
                              style: "STRONG"
                            ),
                            #"SYSTEM_SYSRULES_richTextItem_v1"(
                              text: " " &amp; #"_a-0000e45f-fabf-8000-9ba2-011c48011c48_43932"(
                                "HMS_uiPatientsScreen_Thesehavespreadorinvadedthesur_0568",
                                local!languageBundle,
                                null
                              )
                            ),
                            char(10),
                            char(10),
                            #"SYSTEM_SYSRULES_richTextItem_v1"(
                              text: #"_a-0000e45f-fabf-8000-9ba2-011c48011c48_43932"(
                                "HMS_uiPatientsScreen_Lesscommontypesofcancersare_0573",
                                local!languageBundle,
                                null
                              ) &amp; " ",
                              style: "STRONG"
                            ),
                            char(10),
                            char(10),
                            #"SYSTEM_SYSRULES_richTextItem_v1"(
                              text: #"_a-0000e45f-fabf-8000-9ba2-011c48011c48_43932"(
                                "HMS_uiPatientsScreen_Inflammatorybreastcancer_0579",
                                local!languageBundle,
                                null
                              ) &amp; " ",
                              style: "STRONG"
                            ),
                            #"SYSTEM_SYSRULES_richTextItem_v1"(
                              text: " " &amp; #"_a-0000e45f-fabf-8000-9ba2-011c48011c48_43932"(
                                "HMS_uiPatientsScreen_Thisraretypeiscausedbyinflamma_0583",
                                local!languageBundle,
                                null
                              )
                            ),
                            char(10),
                            #"SYSTEM_SYSRULES_richTextItem_v1"(
                              text: #"_a-0000e45f-fabf-8000-9ba2-011c48011c48_43932"(
                                "HMS_uiPatientsScreen_Pagetsdiseaseofthenipple_0587",
                                local!languageBundle,
                                null
                              ) &amp; " ",
                              style: "STRONG"
                            ),
                            #"SYSTEM_SYSRULES_richTextItem_v1"(
                              text: " " &amp; #"_a-0000e45f-fabf-8000-9ba2-011c48011c48_43932"(
                                "HMS_uiPatientsScreen_Thistypeaffectstheareolathethi_0591",
                                local!languageBundle,
                                null
                              )
                            ),
                            char(10),
                            #"SYSTEM_SYSRULES_richTextItem_v1"(
                              text: #"_a-0000e45f-fabf-8000-9ba2-011c48011c48_43932"(
                                "HMS_uiPatientsScreen_Phyllodestumorsofthebreast_0595",
                                local!languageBundle,
                                null
                              ) &amp; " ",
                              style: "STRONG"
                            ),
                            #"SYSTEM_SYSRULES_richTextItem_v1"(
                              text: " " &amp; #"_a-0000e45f-fabf-8000-9ba2-011c48011c48_43932"(
                                "HMS_uiPatientsScreen_Theseraretumorsgrowinaleaflike_0599",
                                local!languageBundle,
                                null
                              )
                            ),
                            char(10),
                            #"SYSTEM_SYSRULES_richTextItem_v1"(
                              text: #"_a-0000e45f-fabf-8000-9ba2-011c48011c48_43932"(
                                "HMS_uiPatientsScreen_Metastaticbreastcancer_0603",
                                local!languageBundle,
                                null
                              ) &amp; " ",
                              style: "STRONG"
                            ),
                            #"SYSTEM_SYSRULES_richTextItem_v1"(
                              text: " " &amp; #"_a-0000e45f-fabf-8000-9ba2-011c48011c48_43932"(
                                "HMS_uiPatientsScreen_Thisiscancerthathasspreadtoano_0607",
                                local!languageBundle,
                                null
                              )
                            )
                            
                          }
                        )
                      ),
                      #"SYSTEM_SYSRULES_sideBySideItem"(item: #"SYSTEM_SYSRULES_paragraphField"(readOnly: true()))
                    }
                  )
                }
              )
            },
            {
              /*In Situ?*/
              #"SYSTEM_SYSRULES_sectionLayout_v1"(
                label: #"_a-0000e45f-fabf-8000-9ba2-011c48011c48_43932"(
                  "HMS_uiPatientsScreen_InSituCancers_0622",
                  local!languageBundle,
                  null
                ),
                contents: {
                  #"SYSTEM_SYSRULES_sideBySideLayout"(
                    items: {
                      #"SYSTEM_SYSRULES_sideBySideItem"(
                        item: #"SYSTEM_SYSRULES_richTextDisplayField"(
                         
                          value: {
                            #"SYSTEM_SYSRULES_richTextItem_v1"(
                              text: " " &amp; #"_a-0000e45f-fabf-8000-9ba2-011c48011c48_43932"(
                                "HMS_uiPatientsScreen_Thesetypeshaventspreadpastthed_0631",
                                local!languageBundle,
                                null
                              )
                            ),
                            char(10),
                            char(10),
                            #"SYSTEM_SYSRULES_richTextItem_v1"(
                              text: " " &amp; #"_a-0000e45f-fabf-8000-9ba2-011c48011c48_43932"(
                                "HMS_uiPatientsScreen_DuctalcarcinomainsituDCIS_0636",
                                local!languageBundle,
                                null
                              ),
                              style: "STRONG"
                            ),
                            #"SYSTEM_SYSRULES_richTextItem_v1"(
                              text: " " &amp; #"_a-0000e45f-fabf-8000-9ba2-011c48011c48_43932"(
                                "HMS_uiPatientsScreen_Thisisductalcarcinomainitsearl_0640",
                                local!languageBundle,
                                null
                              )
                            ),
                            char(10),
                            #"SYSTEM_SYSRULES_richTextItem_v1"(
                              text: " " &amp; #"_a-0000e45f-fabf-8000-9ba2-011c48011c48_43932"(
                                "HMS_uiPatientsScreen_LobularcarcinomainsituLCIS_0644",
                                local!languageBundle,
                                null
                              ),
                              style: "STRONG"
                            ),
                            #"SYSTEM_SYSRULES_richTextItem_v1"(
                              text: #"_a-0000e45f-fabf-8000-9ba2-011c48011c48_43932"(
                                "HMS_uiPatientsScreen_Thisisfoundonlyinthelobuleswhi_0648",
                                local!languageBundle,
                                null
                              )
                            )
                            
                          }
                        )
                      ),
                      #"SYSTEM_SYSRULES_sideBySideItem"(item: #"SYSTEM_SYSRULES_paragraphField"(readOnly: true()))
                    }
                  )
                }
              )
            },
            {
              /*Invasive?*/
              #"SYSTEM_SYSRULES_sectionLayout_v1"(
                label: #"_a-0000e45f-fabf-8000-9ba2-011c48011c48_43932"(
                  "HMS_uiPatientsScreen_InvasiveCancers_0663",
                  local!languageBundle,
                  null
                ),
                contents: {
                  #"SYSTEM_SYSRULES_sideBySideLayout"(
                    items: {
                      #"SYSTEM_SYSRULES_sideBySideItem"(
                        item: #"SYSTEM_SYSRULES_richTextDisplayField"(
                         
                          value: {
                            #"SYSTEM_SYSRULES_richTextItem_v1"(
                              text: " " &amp; #"_a-0000e45f-fabf-8000-9ba2-011c48011c48_43932"(
                                "HMS_uiPatientsScreen_Thesehavespreadorinvadedthesur_0672",
                                local!languageBundle,
                                null
                              )
                            ),
                            char(10),
                            char(10),
                            #"SYSTEM_SYSRULES_richTextItem_v1"(
                              text: " " &amp; #"_a-0000e45f-fabf-8000-9ba2-011c48011c48_43932"(
                                "HMS_uiPatientsScreen_Invasiveorinfiltratingductalca_0677",
                                local!languageBundle,
                                null
                              ),
                              style: "STRONG"
                            ),
                            #"SYSTEM_SYSRULES_richTextItem_v1"(
                              text: #"_a-0000e45f-fabf-8000-9ba2-011c48011c48_43932"(
                                "HMS_uiPatientsScreen_Thiscancerstartsinthemilkducts_0681",
                                local!languageBundle,
                                null
                              )
                            ),
                            char(10),
                            #"SYSTEM_SYSRULES_richTextItem_v1"(
                              text: " " &amp; #"_a-0000e45f-fabf-8000-9ba2-011c48011c48_43932"(
                                "HMS_uiPatientsScreen_InvasivelobularcarcinomaILC_0685",
                                local!languageBundle,
                                null
                              ),
                              style: "STRONG"
                            ),
                            #"SYSTEM_SYSRULES_richTextItem_v1"(
                              text: #"_a-0000e45f-fabf-8000-9ba2-011c48011c48_43932"(
                                "HMS_uiPatientsScreen_Thiscancerstartsinthelobulesbu_0689",
                                local!languageBundle,
                                null
                              )
                            )
                          }
                        )
                      ),
                      #"SYSTEM_SYSRULES_sideBySideItem"(item: #"SYSTEM_SYSRULES_paragraphField"(readOnly: true()))
                    }
                  )
                }
              )
            },
            {
              /*Diagnosis?*/
              #"SYSTEM_SYSRULES_sectionLayout_v1"(
                label: #"_a-0000e45f-fabf-8000-9ba2-011c48011c48_43932"(
                  "HMS_uiPatientsScreen_Howisbreastcancerdiagnosed_0703",
                  local!languageBundle,
                  null
                ),
                contents: {
                  #"SYSTEM_SYSRULES_sideBySideLayout"(
                    items: {
                      #"SYSTEM_SYSRULES_sideBySideItem"(
                        item: #"SYSTEM_SYSRULES_paragraphField"(
                          value: "Breast cancer is typically detected either during screening, before symptoms have developed, or after a woman notices a lump. Most masses seen on a mammogram and most breast lumps turn out to be benign (not cancerous). When cancer is suspected, tissue for microscopic analysis is usually obtained from a needle biopsy (fine-needle or larger core-needle) and less often from a surgical biopsy. Selection of the type of biopsy is based on multiple factors, including the size and location of the mass, as well as patient factors and preferences and resources.",
                          readOnly: true()
                        )
                      ),
                      #"SYSTEM_SYSRULES_sideBySideItem"(item: #"SYSTEM_SYSRULES_paragraphField"(readOnly: true()))
                    }
                  )
                }
              )
            },
            {
              /*Past Cases?*/
              #"SYSTEM_SYSRULES_sectionLayout_v1"(
                label: #"_a-0000e45f-fabf-8000-9ba2-011c48011c48_43932"(
                  "HMS_uiPatientsScreen_Howmanywomenalivetodayhaveever_0722",
                  local!languageBundle,
                  null
                ),
                contents: {
                  #"SYSTEM_SYSRULES_sideBySideLayout"(
                    items: {
                      #"SYSTEM_SYSRULES_sideBySideItem"(
                        item: #"SYSTEM_SYSRULES_paragraphField"(
                          value: "More than 3.8 million US women with a history of breast cancer were alive on January 1, 2019. Some of these women were cancer-free, while others still had evidence of cancer and may have been undergoing treatment.
More than 150,000 breast cancer survivors are living with metastatic disease, three-fourths of whom were originally diagnosed with stage I-III.",
                          readOnly: true()
                        )
                      ),
                      #"SYSTEM_SYSRULES_sideBySideItem"(item: #"SYSTEM_SYSRULES_paragraphField"(readOnly: true()))
                    }
                  )
                }
              )
            },
            {
              /*Risk?*/
              #"SYSTEM_SYSRULES_sectionLayout_v1"(
                label: #"_a-0000e45f-fabf-8000-9ba2-011c48011c48_43932"(
                  "HMS_uiPatientsScreen_Whatistheriskofbeingdiagnosedw_0743",
                  local!languageBundle,
                  null
                ),
                contents: {
                  #"SYSTEM_SYSRULES_sideBySideLayout"(
                    items: {
                      #"SYSTEM_SYSRULES_sideBySideItem"(
                        item: #"SYSTEM_SYSRULES_paragraphField"(
                          value: "Approximately 1 in 8 women (13%) will be diagnosed with invasive breast cancer in their lifetime.
Lifetime risk is an average of risk for all women and accounts for deaths from other causes that may preempt a breast cancer diagnosis.",
                          readOnly: true()
                        )
                      ),
                      #"SYSTEM_SYSRULES_sideBySideItem"(item: #"SYSTEM_SYSRULES_paragraphField"(readOnly: true()))
                    }
                  )
                }
              )
            },
            { #"_a-0000e530-51df-8000-9bb2-011c48011c48_2064987"() }
          )
        )
        /*a!sectionLayout(divider: "ABOVE"),*/
        
      },
      backgroundColor: "WHITE"
    )
  )
)</definition>
        <preferredEditor>interface</preferredEditor>
        <offlineEnabled>false</offlineEnabled>
    </rule>
    <roleMap public="true">
        <role inherit="true" allowForAll="false" name="readers">
            <users/>
            <groups/>
        </role>
        <role inherit="true" allowForAll="false" name="authors">
            <users/>
            <groups/>
        </role>
        <role inherit="true" allowForAll="false" name="administrators">
            <users/>
            <groups/>
        </role>
        <role inherit="false" allowForAll="false" name="denyReaders">
            <users/>
            <groups/>
        </role>
        <role inherit="false" allowForAll="false" name="denyAuthors">
            <users/>
            <groups/>
        </role>
        <role inherit="false" allowForAll="false" name="denyAdministrators">
            <users/>
            <groups/>
        </role>
    </roleMap>
    <history>
        <historyInfo versionUuid="_a-0000e530-51df-8000-9bb2-011c48011c48_2077700"/>
        <historyInfo versionUuid="_a-0000e530-51df-8000-9bb2-011c48011c48_2086307"/>
    </history>
</contentHaul>
