<?xml version="1.0" encoding="UTF-8" standalone="yes"?>
<contentHaul xmlns:a="http://www.appian.com/ae/types/2009">
    <versionUuid>_a-0000e530-51df-8000-9bb2-011c48011c48_2087399</versionUuid>
    <rule>
        <name>HMS_uiSection_nearbyHospitals</name>
        <uuid>_a-0000e530-51df-8000-9bb2-011c48011c48_2067990</uuid>
        <description></description>
        <parentUuid>_a-0000e50e-6062-8000-9bb0-011c48011c48_2058716</parentUuid>
        <visibility>
            <advertise>false</advertise>
            <hierarchy>true</hierarchy>
            <indexable>true</indexable>
            <quota>false</quota>
            <searchable>true</searchable>
            <system>false</system>
            <unlogged>false</unlogged>
        </visibility>
        <definition>a!localVariables(
  /*
This translation was made by the Translation Application. 
@Author: Alejandro Rueda
@Version: 4.1.1
*/
  /* Using user's locale language */
  local!languageBundle: #"_a-0000e45f-fabf-8000-9ba2-011c48011c48_43945"("HMS APP", null),
  a!localVariables(
    local!mapMarkers: {
      {
        name: "Dubin Breast Center of The Tisch Cancer Institute",
        content: "Dubin Breast Center of The Tisch Cancer Institute",
        lat: 40.789718,
        lng: - 73.954290
      },
      {
        name: "Breast Center at Weill Cornell Medicine",
        content: "Breast Center at Weill Cornell Medicine",
        lat: 40.765382,
        lng: - 73.955986
      },
      {
        name: "Memorial Sloan Kettering Evelyn H. Lauder Breast Center",
        content: "Memorial Sloan Kettering Evelyn H. Lauder Breast Center",
        lat: 40.765409,
        lng: - 73.960656
      },
      
    },
    local!markerClicked,
    {
      fn!googleMapsDisplayField(
        label: #"_a-0000e45f-fabf-8000-9ba2-011c48011c48_43932"(
          "HMS_uiSection_nearbyHospitals_Hotel_0043",
          local!languageBundle,
          null
        ),
        labelPosition: "COLLAPSED",
        disabled: false,
        validations: {},
        height: "AUTO",
        showWhen: true,
        /*googleMapsApiKey: "",*/
        mapMarkers: local!mapMarkers,
        zoomLevel: 15,
        mapCenter: local!mapMarkers[1],
        fitBounds: if(
          #"b8ffe8b7-0dca-439a-867c-b8898b3db7ea"(ri!fitBounds),
          true(),
          ri!fitBounds
        ),
        enableZoom: true(),
        enablePanning: true(),
        enableStreetView: true(),
        onMarkerSelected: {
          a!save(
            target: local!markerClicked,
            value: save!value
          ),
          a!save(
            ri!selectedHospital,
            index(save!value, "name", NULL)
          )
        }
      )
    }
  )
)</definition>
        <namedTypedValue>
            <name>mapMarkers</name>
            <type>
                <name>Variant</name>
                <namespace>http://www.appian.com/ae/types/2009</namespace>
            </type>
        </namedTypedValue>
        <namedTypedValue>
            <name>fitBounds</name>
            <type>
                <name>boolean</name>
                <namespace>http://www.w3.org/2001/XMLSchema</namespace>
            </type>
        </namedTypedValue>
        <namedTypedValue>
            <name>selectedHospital</name>
            <type>
                <name>string</name>
                <namespace>http://www.w3.org/2001/XMLSchema</namespace>
            </type>
            <value/>
        </namedTypedValue>
        <preferredEditor>interface</preferredEditor>
        <offlineEnabled>false</offlineEnabled>
    </rule>
    <roleMap public="true">
        <role inherit="true" allowForAll="false" name="readers">
            <users/>
            <groups/>
        </role>
        <role inherit="true" allowForAll="false" name="authors">
            <users/>
            <groups/>
        </role>
        <role inherit="true" allowForAll="false" name="administrators">
            <users/>
            <groups/>
        </role>
        <role inherit="false" allowForAll="false" name="denyReaders">
            <users/>
            <groups/>
        </role>
        <role inherit="false" allowForAll="false" name="denyAuthors">
            <users/>
            <groups/>
        </role>
        <role inherit="false" allowForAll="false" name="denyAdministrators">
            <users/>
            <groups/>
        </role>
    </roleMap>
    <typedValue>
        <type>
            <name>RuleTestConfig?list</name>
            <namespace>http://www.appian.com/ae/types/2009</namespace>
        </type>
        <value>
            <el>
                <a:name/>
                <a:ruleInputTestConfigs>
                    <a:value xmlns:xsi="http://www.w3.org/2001/XMLSchema-instance" xsi:type="a:Expression">{ 
  {name: "JW Marriott Hotel", content: "JW Marriott Hotel", lat:46.224527,  lng:6.133094},
  {name: "Hotel Woodland", content: "Hotel Woodland", lat:46.214080,  lng:6.151597},
  {name: "The O Hotel", content: "The O Hotel", lat:46.205595,  lng:6.140958},
}</a:value>
                    <a:nameRef>mapMarkers</a:nameRef>
                    <a:id>1</a:id>
                </a:ruleInputTestConfigs>
                <a:ruleInputTestConfigs>
                    <a:value xmlns:xsd="http://www.w3.org/2001/XMLSchema" xmlns:xsi="http://www.w3.org/2001/XMLSchema-instance" xsi:nil="true" xsi:type="xsd:boolean"/>
                    <a:nameRef>fitBounds</a:nameRef>
                    <a:id>2</a:id>
                </a:ruleInputTestConfigs>
                <a:ruleInputTestConfigs>
                    <a:value xmlns:xsd="http://www.w3.org/2001/XMLSchema" xmlns:xsi="http://www.w3.org/2001/XMLSchema-instance" xsi:type="xsd:string"/>
                    <a:nameRef>selectedHospital</a:nameRef>
                    <a:id>3</a:id>
                </a:ruleInputTestConfigs>
                <a:assertions xmlns:xsi="http://www.w3.org/2001/XMLSchema-instance" xsi:nil="true"/>
            </el>
        </value>
    </typedValue>
    <history>
        <historyInfo versionUuid="_a-0000e530-51df-8000-9bb2-011c48011c48_2071795"/>
        <historyInfo versionUuid="_a-0000e530-51df-8000-9bb2-011c48011c48_2087399"/>
    </history>
</contentHaul>
