<?xml version="1.0" encoding="UTF-8" standalone="yes"?>
<contentHaul xmlns:a="http://www.appian.com/ae/types/2009">
    <versionUuid>_a-0000e530-51df-8000-9bb2-011c48011c48_2065686</versionUuid>
    <rule>
        <name>HMS_qeFetchQuestions</name>
        <uuid>_a-0000e530-51df-8000-9bb2-011c48011c48_2065669</uuid>
        <description>QE Rule to fetch data from the Questions Table</description>
        <parentUuid>_a-0000e50e-6062-8000-9bb0-011c48011c48_2057350</parentUuid>
        <visibility>
            <advertise>false</advertise>
            <hierarchy>true</hierarchy>
            <indexable>true</indexable>
            <quota>false</quota>
            <searchable>true</searchable>
            <system>false</system>
            <unlogged>false</unlogged>
        </visibility>
        <definition>a!localVariables(
  local!data: #"SYSTEM_SYSRULES_queryEntity_v1"(
    entity: #"_a-0000e530-51df-8000-9bb2-011c48011c48_2065663",
    query: #"SYSTEM_SYSRULES_query"(
      selection: #"SYSTEM_SYSRULES_querySelection"(
        columns: {
          #"SYSTEM_SYSRULES_queryColumn"(field: "id"),
          #"SYSTEM_SYSRULES_queryColumn"(field: "question")
        }
      ),
      pagingInfo: #"SYSTEM_SYSRULES_pagingInfo"(
        startIndex: 1,
        batchSize: - 1,
        sort: #"SYSTEM_SYSRULES_sortInfo"(field: "id", ascending: true)
      )
    ),
    fetchTotalCount: false
  ),
  index(local!data, "data", NULL)
)</definition>
        <preferredEditor>legacy</preferredEditor>
        <offlineEnabled>false</offlineEnabled>
    </rule>
    <roleMap public="true">
        <role inherit="true" allowForAll="false" name="readers">
            <users/>
            <groups/>
        </role>
        <role inherit="true" allowForAll="false" name="authors">
            <users/>
            <groups/>
        </role>
        <role inherit="true" allowForAll="false" name="administrators">
            <users/>
            <groups/>
        </role>
        <role inherit="false" allowForAll="false" name="denyReaders">
            <users/>
            <groups/>
        </role>
        <role inherit="false" allowForAll="false" name="denyAuthors">
            <users/>
            <groups/>
        </role>
        <role inherit="false" allowForAll="false" name="denyAdministrators">
            <users/>
            <groups/>
        </role>
    </roleMap>
    <history>
        <historyInfo versionUuid="_a-0000e530-51df-8000-9bb2-011c48011c48_2065686"/>
    </history>
</contentHaul>
