<?xml version="1.0" encoding="UTF-8" standalone="yes"?>
<contentHaul xmlns:a="http://www.appian.com/ae/types/2009">
    <versionUuid>_a-0000e530-51df-8000-9bb2-011c48011c48_2084929</versionUuid>
    <rule>
        <name>HMS_uiCommunityCalendar</name>
        <uuid>_a-0000e530-51df-8000-9bb2-011c48011c48_2075840</uuid>
        <description>Interface to show calendar and different events in community tab </description>
        <parentUuid>_a-0000e50e-6062-8000-9bb0-011c48011c48_2058716</parentUuid>
        <visibility>
            <advertise>false</advertise>
            <hierarchy>true</hierarchy>
            <indexable>true</indexable>
            <quota>false</quota>
            <searchable>true</searchable>
            <system>false</system>
            <unlogged>false</unlogged>
        </visibility>
        <definition>a!localVariables(
/*
This translation was made by the Translation Application. 
@Author: Alejandro Rueda
@Version: 4.1.1
*/
/* Using user's locale language */
local!languageBundle: #"_a-0000e45f-fabf-8000-9ba2-011c48011c48_43945"("HMS APP", null),
load(
  local!viewType:"MONTH",
  local!selectedEvent,
  local!currentDate:today(),
  local!events:{
    {
      id: "2",
      calendarId: "1",
      title: "Breast Cancer Support Group",
      category: "time",
      start: "2020-10-06T12:30:00.000Z",
      end: "2020-10-06T13:30:00.000Z",
      location: "Phelps Hospital Northwell Health, Sleepy Hollow, NY",
      /*attendees: "Free Entry ",*/
      body: "To register, please reach out to Carol Greiner"
    },
    {
      id: "3",
      calendarId: "1",
      title: "Potluck",
      category: "time",
      start: "2020-01-27T06:30:00.000Z",
      end: "2020-01-27T13:30:00.000Z",
      location: "1234 Main Street",
      attendees:{"Array of values: ","Mary","Sue"},
      body: "Yearly potluck."
    },
    {
      id: "4",
      calendarId: "1",
      title: "Moving For Life Dance Exercise Class for Breast Cancer Recovery ONLINE",
      category: "time",
      start: "2020-10-20T02:30:00.000Z",
      end: "2020-10-20T06:30:00.000Z",
      location: "Location
Mulberry Commons Park
160-172 Mulberry Street
Newark, NJ 07102
United States",
      body: "www.MakingStridesWalk.org/NewarkNJ"
    },
    {
      id: "4",
      calendarId: "1",
      title: "POP N PINK III Breast Cancer Brunch &amp; Awards",
      category: "time",
      start: "2020-10-21T02:30:00.000Z",
      end: "2020-10-21T06:30:00.000Z",
      location: "Location
Mulberry Commons Park
160-172 Mulberry Street
Newark, NJ 07102
United States",
      body: "www.MakingStridesWalk.org/NewarkNJ"
    },
    {
      id: "4",
      calendarId: "1",
      title: "Making Strides Against Breast Cancer of Newark Walk",
      category: "time",
      start: "2020-10-18T02:30:00.000Z",
      end: "2020-10-18T06:30:00.000Z",
      location: "Location
Mulberry Commons Park
160-172 Mulberry Street
Newark, NJ 07102
United States",
      body: "www.MakingStridesWalk.org/NewarkNJ"
    }
    
  },
  #"SYSTEM_SYSRULES_boxLayout"(
  label:"Upcoming Seminars / Events",
  contents: {
      #"SYSTEM_SYSRULES_columnsLayout"(
        columns:{
          #"SYSTEM_SYSRULES_columnLayout"(
            contents:{
              /*a!buttonArrayLayout(*/
                /*align: "START",*/
                /*buttons:{*/
                  /*a!buttonWidget(*/
                    /*label:rule!LA_SimpleTranslation("HMS_uiCommunityCalendar_Month_0102", local!languageBundle, null),*/
                    /*value:"MONTH",*/
                    /*saveInto:local!viewType,*/
                    /*style:if(local!viewType="month","PRIMARY","SECONDARY")*/
                  /*),*/
                  /*a!buttonWidget(*/
                    /*label:rule!LA_SimpleTranslation("HMS_uiCommunityCalendar_Week_0108", local!languageBundle, null),*/
                    /*value:"WEEK",*/
                    /*saveInto:local!viewType,*/
                    /*style:if(local!viewType="week","PRIMARY","SECONDARY")*/
                  /*),*/
                  /*a!buttonWidget(*/
                    /*label:rule!LA_SimpleTranslation("HMS_uiCommunityCalendar_AllDay_0114", local!languageBundle, null),*/
                    /*value:"DAY",*/
                    /*saveInto:{*/
                      /*local!viewType,*/
                      /*a!save(local!currentDate,today())*/
                    /*},*/
                    /*style:if(local!viewType="day","PRIMARY","SECONDARY")*/
                  /*)           */
                /*}*/
              /*)             */
            }
          ),
          #"SYSTEM_SYSRULES_columnLayout"(
            contents:{
              #"SYSTEM_SYSRULES_ButtonArrayLayout"(
                buttons:{
                  #"SYSTEM_SYSRULES_ButtonWidget"(
                    label:#"_a-0000e45f-fabf-8000-9ba2-011c48011c48_43932"("HMS_uiCommunityCalendar_PreviousMonth_0131", local!languageBundle, null),
                    value:-7,
                    saveInto:a!save(
                      local!currentDate,
                      eomonth(local!currentDate,-1)
                    )
                  ),
                  #"SYSTEM_SYSRULES_ButtonWidget"(
                    label:#"_a-0000e45f-fabf-8000-9ba2-011c48011c48_43932"("HMS_uiCommunityCalendar_NextMonth_0139", local!languageBundle, null),
                    value:7,
                    saveInto:a!save(
                      local!currentDate,
                      eomonth(local!currentDate,1)
                    )
                  )          
                },
                showWhen:local!viewType="month",
                align:"END"
              ),              
              #"SYSTEM_SYSRULES_ButtonArrayLayout"(
                buttons:{
                  #"SYSTEM_SYSRULES_ButtonWidget"(
                    label:#"_a-0000e45f-fabf-8000-9ba2-011c48011c48_43932"("HMS_uiCommunityCalendar_PreviousWeek_0153", local!languageBundle, null),
                    value:-7,
                    saveInto:a!save(
                      local!currentDate,
                      local!currentDate+save!value
                    )
                  ),
                  #"SYSTEM_SYSRULES_ButtonWidget"(
                    label:#"_a-0000e45f-fabf-8000-9ba2-011c48011c48_43932"("HMS_uiCommunityCalendar_NextWeek_0161", local!languageBundle, null),
                    value:7,
                    saveInto:a!save(
                      local!currentDate,
                      local!currentDate+save!value
                    )
                  )          
                },
                showWhen:local!viewType="week",
                align:"END"
              ),
              #"SYSTEM_SYSRULES_ButtonArrayLayout"(
                buttons:{
                  #"SYSTEM_SYSRULES_ButtonWidget"(
                    label:#"_a-0000e45f-fabf-8000-9ba2-011c48011c48_43932"("HMS_uiCommunityCalendar_PreviousDay_0175", local!languageBundle, null),
                    value:-1,
                    saveInto:a!save(
                      local!currentDate,
                      local!currentDate+save!value
                    )
                  ),
                  #"SYSTEM_SYSRULES_ButtonWidget"(
                    label:#"_a-0000e45f-fabf-8000-9ba2-011c48011c48_43932"("HMS_uiCommunityCalendar_NextDay_0183", local!languageBundle, null),
                    value:1,
                    saveInto:a!save(
                      local!currentDate,
                      local!currentDate+save!value
                    )
                  )          
                },
                showWhen:local!viewType="day",
                align:"END"
              )                
            }
          )
        }
      ),
      #"SYSTEM_SYSRULES_columnsLayout"(
        columns:{
          #"SYSTEM_SYSRULES_columnLayout"(
            contents:{
              calendarDisplayField(
                viewType:"MONTH",
                dateContext:local!currentDate,
                detailDateFormat:"YYYY-MM-DD",
                useDetailPopup: true,
                events:local!events,
                selectedEvent: local!selectedEvent
              )            
            }
          )
        }
      )
      /*a!paragraphField(*/
      /*label:rule!LA_SimpleTranslation("HMS_uiCommunityCalendar_SelectedEvent_0215", local!languageBundle, null),*/
      /*value:local!selectedEvent,*/
      /*saveInto:local!selectedEvent*/
      /*)  */
    },
  /*isInitiallyCollapsed: true,*/
  style: #"_a-0000e530-51df-8000-9bb2-011c48011c48_2065001"[5],isCollapsible: true
  )
)
)</definition>
        <preferredEditor>interface</preferredEditor>
        <offlineEnabled>false</offlineEnabled>
    </rule>
    <roleMap public="true">
        <role inherit="true" allowForAll="false" name="readers">
            <users/>
            <groups/>
        </role>
        <role inherit="true" allowForAll="false" name="authors">
            <users/>
            <groups/>
        </role>
        <role inherit="true" allowForAll="false" name="administrators">
            <users/>
            <groups/>
        </role>
        <role inherit="false" allowForAll="false" name="denyReaders">
            <users/>
            <groups/>
        </role>
        <role inherit="false" allowForAll="false" name="denyAuthors">
            <users/>
            <groups/>
        </role>
        <role inherit="false" allowForAll="false" name="denyAdministrators">
            <users/>
            <groups/>
        </role>
    </roleMap>
    <history>
        <historyInfo versionUuid="_a-0000e530-51df-8000-9bb2-011c48011c48_2077595"/>
        <historyInfo versionUuid="_a-0000e530-51df-8000-9bb2-011c48011c48_2084929"/>
    </history>
</contentHaul>
