<?xml version="1.0" encoding="UTF-8" standalone="yes"?>
<contentHaul xmlns:a="http://www.appian.com/ae/types/2009">
    <versionUuid>_a-0000e530-51df-8000-9bb2-011c48011c48_2076362</versionUuid>
    <constant>
        <name>HMS_PM_ADD_MEDICAL_HISTORY</name>
        <uuid>_a-0000e530-51df-8000-9bb2-011c48011c48_2076358</uuid>
        <description>Constant to hold Add Medical History Process Model</description>
        <parentUuid>_a-0000e50e-6062-8000-9bb0-011c48011c48_2057356</parentUuid>
        <visibility>
            <advertise>false</advertise>
            <hierarchy>true</hierarchy>
            <indexable>true</indexable>
            <quota>false</quota>
            <searchable>true</searchable>
            <system>false</system>
            <unlogged>false</unlogged>
        </visibility>
        <typedValue>
            <type>
                <name>ProcessModel</name>
                <namespace>http://www.appian.com/ae/types/2009</namespace>
            </type>
            <value>0002e538-199d-8000-fe4c-7f0000014e7a</value>
        </typedValue>
        <isEnvironmentSpecific>false</isEnvironmentSpecific>
    </constant>
    <roleMap public="true">
        <role inherit="true" allowForAll="false" name="readers">
            <users/>
            <groups/>
        </role>
        <role inherit="true" allowForAll="false" name="authors">
            <users/>
            <groups/>
        </role>
        <role inherit="true" allowForAll="false" name="administrators">
            <users/>
            <groups/>
        </role>
        <role inherit="false" allowForAll="false" name="denyReaders">
            <users/>
            <groups/>
        </role>
        <role inherit="false" allowForAll="false" name="denyAuthors">
            <users/>
            <groups/>
        </role>
        <role inherit="false" allowForAll="false" name="denyAdministrators">
            <users/>
            <groups/>
        </role>
    </roleMap>
    <history>
        <historyInfo versionUuid="_a-0000e530-51df-8000-9bb2-011c48011c48_2076362"/>
    </history>
</contentHaul>
