<?xml version="1.0" encoding="UTF-8" standalone="yes"?>
<contentHaul xmlns:a="http://www.appian.com/ae/types/2009">
    <versionUuid>_a-0000e530-51df-8000-9bb2-011c48011c48_2077629</versionUuid>
    <rule>
        <name>HMS_uiPatientCommunityPage</name>
        <uuid>_a-0000e530-51df-8000-9bb2-011c48011c48_2073348</uuid>
        <description>Page to display upcoming events, news etc</description>
        <parentUuid>_a-0000e50e-6062-8000-9bb0-011c48011c48_2058716</parentUuid>
        <visibility>
            <advertise>false</advertise>
            <hierarchy>true</hierarchy>
            <indexable>true</indexable>
            <quota>false</quota>
            <searchable>true</searchable>
            <system>false</system>
            <unlogged>false</unlogged>
        </visibility>
        <definition>a!localVariables(
/*
This translation was made by the Translation Application. 
@Author: Alejandro Rueda
@Version: 4.1.1
*/
/* Using user's locale language */
local!languageBundle: #"_a-0000e45f-fabf-8000-9ba2-011c48011c48_43945"("HMS APP", null),
a!localVariables(
  local!check11,
  local!check12,
  local!check13,
  local!check21,
  local!check22,
  local!check23,
  local!check31,
  local!check32,
  local!check33,
  local!disabled: false,
  {
    #"_a-0000e530-51df-8000-9bb2-011c48011c48_2077206"(label:#"_a-0000e45f-fabf-8000-9ba2-011c48011c48_43932"("HMS_uiPatientCommunityPage_MyData_0030", local!languageBundle, null), icon: "info-circle"),
    #"SYSTEM_SYSRULES_richTextDisplayField"(),
    #"SYSTEM_SYSRULES_columnsLayout"(
      columns: {
        #"SYSTEM_SYSRULES_columnLayout"(
          contents: {
            #"SYSTEM_SYSRULES_boxLayout"(isCollapsible: true,
              style: #"_a-0000e530-51df-8000-9bb2-011c48011c48_2065001"[5],
              label:#"_a-0000e45f-fabf-8000-9ba2-011c48011c48_43932"("HMS_uiPatientCommunityPage_Todaysmedicines_0038", local!languageBundle, null),
              contents: {
                #"SYSTEM_SYSRULES_gridLayout"(
                  headerCells: {
                    #"SYSTEM_SYSRULES_gridLayoutHeaderCell"(label:#"_a-0000e45f-fabf-8000-9ba2-011c48011c48_43932"("HMS_uiPatientCommunityPage_Medicine_0042", local!languageBundle, null), align: "CENTER"),
                    #"SYSTEM_SYSRULES_gridLayoutHeaderCell"(label:#"_a-0000e45f-fabf-8000-9ba2-011c48011c48_43932"("HMS_uiPatientCommunityPage_Morning_0043", local!languageBundle, null), align: "CENTER"),
                    #"SYSTEM_SYSRULES_gridLayoutHeaderCell"(label:#"_a-0000e45f-fabf-8000-9ba2-011c48011c48_43932"("HMS_uiPatientCommunityPage_Noon_0044", local!languageBundle, null), align: "CENTER"),
                    #"SYSTEM_SYSRULES_gridLayoutHeaderCell"(label:#"_a-0000e45f-fabf-8000-9ba2-011c48011c48_43932"("HMS_uiPatientCommunityPage_Night_0045", local!languageBundle, null), align: "CENTER"),
                    
                  },
                  rows: {
                    #"SYSTEM_SYSRULES_gridRowLayout"(
                      contents: {
                        #"SYSTEM_SYSRULES_richTextDisplayField"(
                          align: "CENTER",
                          value: "Evista (Raloxifene Hydrochloride)"
                        ),
                        #"SYSTEM_SYSRULES_checkboxField"(disabled: local!disabled,
                          align: "CENTER",
                          choiceLabels:{#"_a-0000e45f-fabf-8000-9ba2-011c48011c48_43932"("HMS_uiPatientCommunityPage__0057", local!languageBundle, null) },
                          choiceValues: { "." },
                          value: local!check11,
                          saveInto: local!check11
                        ),
                        #"SYSTEM_SYSRULES_checkboxField"(disabled: local!disabled,
                          align: "CENTER",
                          choiceLabels:{#"_a-0000e45f-fabf-8000-9ba2-011c48011c48_43932"("HMS_uiPatientCommunityPage__0064", local!languageBundle, null) },
                          choiceValues: { "." },
                          value: local!check12,
                          saveInto: local!check12
                        ),
                        #"SYSTEM_SYSRULES_checkboxField"(disabled: local!disabled,
                          align: "CENTER",
                          choiceLabels:{#"_a-0000e45f-fabf-8000-9ba2-011c48011c48_43932"("HMS_uiPatientCommunityPage__0071", local!languageBundle, null) },
                          choiceValues: { "." },
                          value: local!check13,
                          saveInto: local!check13
                        ),
                        
                      }
                    ),
                    #"SYSTEM_SYSRULES_gridRowLayout"(
                      contents: {
                        #"SYSTEM_SYSRULES_richTextDisplayField"(
                          align: "CENTER",
                          value: "Docetaxel(150 mg)"
                        ),
                        #"SYSTEM_SYSRULES_checkboxField"(disabled: local!disabled,
                          align: "CENTER",
                          choiceLabels:{#"_a-0000e45f-fabf-8000-9ba2-011c48011c48_43932"("HMS_uiPatientCommunityPage__0087", local!languageBundle, null) },
                          choiceValues: { "." },
                          value: local!check21,
                          saveInto: local!check21
                        ),
                        #"SYSTEM_SYSRULES_checkboxField"(disabled: local!disabled,
                          align: "CENTER",
                          choiceLabels:{#"_a-0000e45f-fabf-8000-9ba2-011c48011c48_43932"("HMS_uiPatientCommunityPage__0094", local!languageBundle, null) },
                          choiceValues: { "." },
                          value: local!check22,
                          saveInto: local!check22
                        ),
                        #"SYSTEM_SYSRULES_checkboxField"(disabled: local!disabled,
                          align: "CENTER",
                          choiceLabels:{#"_a-0000e45f-fabf-8000-9ba2-011c48011c48_43932"("HMS_uiPatientCommunityPage__0101", local!languageBundle, null) },
                          choiceValues: { "." },
                          value: local!check23,
                          saveInto: local!check23
                        ),
                        
                      }
                    ),
                    #"SYSTEM_SYSRULES_gridRowLayout"(
                      contents: {
                        #"SYSTEM_SYSRULES_richTextDisplayField"(align: "CENTER", value: "Ibrance (10 mg)"),
                        #"SYSTEM_SYSRULES_checkboxField"(disabled: local!disabled,
                          align: "CENTER",
                          choiceLabels:{#"_a-0000e45f-fabf-8000-9ba2-011c48011c48_43932"("HMS_uiPatientCommunityPage__0114", local!languageBundle, null) },
                          choiceValues: { "." },
                          value: local!check31,
                          saveInto: local!check31
                        ),
                        #"SYSTEM_SYSRULES_checkboxField"(disabled: local!disabled,
                          align: "CENTER",
                          choiceLabels:{#"_a-0000e45f-fabf-8000-9ba2-011c48011c48_43932"("HMS_uiPatientCommunityPage__0121", local!languageBundle, null) },
                          choiceValues: { "." },
                          value: local!check32,
                          saveInto: local!check32
                        ),
                        #"SYSTEM_SYSRULES_checkboxField"(disabled: local!disabled,
                          align: "CENTER",
                          choiceLabels:{#"_a-0000e45f-fabf-8000-9ba2-011c48011c48_43932"("HMS_uiPatientCommunityPage__0128", local!languageBundle, null) },
                          choiceValues: { "." },
                          value: local!check33,
                          saveInto: local!check33
                        ),
                        
                      }
                    )
                  }
                ),
                #"SYSTEM_SYSRULES_ButtonLayout"(
                  primaryButtons: #"SYSTEM_SYSRULES_ButtonWidget"(
                    label:#"_a-0000e45f-fabf-8000-9ba2-011c48011c48_43932"("HMS_uiPatientCommunityPage_save_0140", local!languageBundle, null),
                    style: "SECONDARY",
                    saveInto: a!save(local!disabled, true)
                  )
                )
              }
            ),
            #"SYSTEM_SYSRULES_boxLayout"(
              isCollapsible: true,
              style: #"_a-0000e530-51df-8000-9bb2-011c48011c48_2065001"[5],
              label:#"_a-0000e45f-fabf-8000-9ba2-011c48011c48_43932"("HMS_uiPatientCommunityPage_MyFITBITInfo_0150", local!languageBundle, null),
              contents:{
                #"SYSTEM_SYSRULES_gridField"(
                  instructions:#"_a-0000e45f-fabf-8000-9ba2-011c48011c48_43932"("HMS_uiPatientCommunityPage_ThisweekintegrateddatafrommyFI_0154", local!languageBundle, null),
                  totalCount: 5,
                  columns: {
                    #"SYSTEM_SYSRULES_gridTextColumn"(
                      label:#"_a-0000e45f-fabf-8000-9ba2-011c48011c48_43932"("HMS_uiPatientCommunityPage_Date_0158", local!languageBundle, null),
                      data: {today(),today()-1,today()-2,today()-3,today()-4},
                      alignment: "LEFT"
                    ),
                    #"SYSTEM_SYSRULES_gridTextColumn"(
                      label:#"_a-0000e45f-fabf-8000-9ba2-011c48011c48_43932"("HMS_uiPatientCommunityPage_Calories_0163", local!languageBundle, null),
                      data: {147,394,1212,512,480},
                      alignment: "LEFT"
                    ),
                    #"SYSTEM_SYSRULES_gridTextColumn"(
                      label:#"_a-0000e45f-fabf-8000-9ba2-011c48011c48_43932"("HMS_uiPatientCommunityPage_Carbsg_0168", local!languageBundle, null),
                      data: {30.5,33.5,144,103,75.5},
                      alignment: "LEFT"
                    ),
                    #"SYSTEM_SYSRULES_gridTextColumn"(
                      label:#"_a-0000e45f-fabf-8000-9ba2-011c48011c48_43932"("HMS_uiPatientCommunityPage_Fatg_0173", local!languageBundle, null),
                      data: {1.5,0,48.5,4,5.5},
                      alignment: "LEFT"
                    ),
                    #"SYSTEM_SYSRULES_gridTextColumn"(
                      label:#"_a-0000e45f-fabf-8000-9ba2-011c48011c48_43932"("HMS_uiPatientCommunityPage_Fiberg_0178", local!languageBundle, null),
                      data: {5.5,0,10,2,4},
                      alignment: "LEFT"
                    ),
                    #"SYSTEM_SYSRULES_gridTextColumn"(
                      label:#"_a-0000e45f-fabf-8000-9ba2-011c48011c48_43932"("HMS_uiPatientCommunityPage_Proteing_0183", local!languageBundle, null),
                      data: {280,74,301222,330,210},
                      alignment: "LEFT"
                    )
                  },
                  value: #"SYSTEM_SYSRULES_pagingInfo"(
                    startIndex: 1,
                    batchSize: 5,
                    sort: #"SYSTEM_SYSRULES_sortInfo"(
                      field: "name",
                      ascending: true
                    )
                  ),
                  rowHeader: 1
                )
              }
            )
          }
        ),
        #"SYSTEM_SYSRULES_columnLayout"(
          contents: {
            #"SYSTEM_SYSRULES_boxLayout"(
              isCollapsible: true,
              style: #"_a-0000e530-51df-8000-9bb2-011c48011c48_2065001"[5],
              label:#"_a-0000e45f-fabf-8000-9ba2-011c48011c48_43932"("HMS_uiPatientCommunityPage_MyFITBITInfoFoodvsSleep_0207", local!languageBundle, null),
              contents:{
                #"SYSTEM_SYSRULES_barChartField"(
                  categories: {today(),today()-1,today()-2,today()-3,today()-4},
                  series: {
                    #"SYSTEM_SYSRULES_chartSeries"(label:#"_a-0000e45f-fabf-8000-9ba2-011c48011c48_43932"("HMS_uiPatientCommunityPage_Food_0212", local!languageBundle, null), data: {45.8,44.4,39.6,46.8,60.0}),
                    #"SYSTEM_SYSRULES_chartSeries"(label:#"_a-0000e45f-fabf-8000-9ba2-011c48011c48_43932"("HMS_uiPatientCommunityPage_Sleep_0213", local!languageBundle, null), data: {8,9,6,7,8}),
                  },
                  yAxisTitle:#"_a-0000e45f-fabf-8000-9ba2-011c48011c48_43932"("HMS_uiPatientCommunityPage_ActiveOpportunities_0215", local!languageBundle, null),
                  showLegend: true, 
                  colorScheme: "CLASSIC"
                )
              })
          }
        ),
        
      }
    )
  }
)
)</definition>
        <preferredEditor>interface</preferredEditor>
        <offlineEnabled>false</offlineEnabled>
    </rule>
    <roleMap public="true">
        <role inherit="true" allowForAll="false" name="readers">
            <users/>
            <groups/>
        </role>
        <role inherit="true" allowForAll="false" name="authors">
            <users/>
            <groups/>
        </role>
        <role inherit="true" allowForAll="false" name="administrators">
            <users/>
            <groups/>
        </role>
        <role inherit="false" allowForAll="false" name="denyReaders">
            <users/>
            <groups/>
        </role>
        <role inherit="false" allowForAll="false" name="denyAuthors">
            <users/>
            <groups/>
        </role>
        <role inherit="false" allowForAll="false" name="denyAdministrators">
            <users/>
            <groups/>
        </role>
    </roleMap>
    <history>
        <historyInfo versionUuid="_a-0000e530-51df-8000-9bb2-011c48011c48_2077628"/>
        <historyInfo versionUuid="_a-0000e530-51df-8000-9bb2-011c48011c48_2077629"/>
    </history>
</contentHaul>
