<?xml version="1.0" encoding="UTF-8" standalone="yes"?>
<contentHaul xmlns:a="http://www.appian.com/ae/types/2009">
    <versionUuid>_a-0000e530-51df-8000-9bb2-011c48011c48_2086673</versionUuid>
    <rule>
        <name>HMS_uiViewMedicalHistory</name>
        <uuid>_a-0000e530-51df-8000-9bb2-011c48011c48_2069987</uuid>
        <description>Interface to show all the medical history data of the patient</description>
        <parentUuid>_a-0000e50e-6062-8000-9bb0-011c48011c48_2058716</parentUuid>
        <visibility>
            <advertise>false</advertise>
            <hierarchy>true</hierarchy>
            <indexable>true</indexable>
            <quota>false</quota>
            <searchable>true</searchable>
            <system>false</system>
            <unlogged>false</unlogged>
        </visibility>
        <definition>a!localVariables(
/*
This translation was made by the Translation Application. 
@Author: Alejandro Rueda
@Version: 4.1.1
*/
/* Using user's locale language */
local!languageBundle: #"_a-0000e45f-fabf-8000-9ba2-011c48011c48_43945"("HMS APP", null),

a!localVariables(
  local!sampleData: {'type!{urn:com:appian:types:hms}HMS_MedicalHistory'(
    id : 1,
    consultationDate: today()-300,
    consultedDoctor: "Joe Smith",
    doctorSpecialization: "Oncology", 
    mammogramDocIds: "206133; 206136", 
    ultrasoundDocIds: "206140",
    mriDocIds :"206143", 
    patientNotes: "I have been diagnosed with cancer Stage II",
    prescriptionDocIds:""
  ),
  'type!{urn:com:appian:types:hms}HMS_MedicalHistory'(
    id : 1,
    consultationDate: today()-279,
    consultedDoctor: "Pauli Wood",
    doctorSpecialization: "Oncology", 
    mammogramDocIds: "206135; 206137", 
    ultrasoundDocIds: "206141",
    mriDocIds :"206144", 
    patientNotes: "Have been experiencing severe pain",
    prescriptionDocIds:""
  )
  },
  {
    #"SYSTEM_SYSRULES_richTextDisplayField"(
      align:"RIGHT",
      value: #"SYSTEM_SYSRULES_richTextItem_v1"(
        style: "STRONG",
        color: "ACCENT",
        Size: "MEDIUM",
        text: #"_a-0000e45f-fabf-8000-9ba2-011c48011c48_43932"("HMS_uiViewMedicalHistory_AddMedicalHistory_0047", local!languageBundle, null),
        link:#"SYSTEM_SYSRULES_startProcessLink"(
          processModel: #"_a-0000e530-51df-8000-9bb2-011c48011c48_2076358",
          processParameters: {
            cancel:NULL,
            medicalHistory: NULL
          }
        ) 
      )),
    /*a!buttonArrayLayout(*/
      /*buttons: {*/
        /*a!buttonWidget(*/
          /*label:rule!LA_SimpleTranslation("HMS_uiViewMedicalHistory_AddMedicalHistory_0047", local!languageBundle, null),*/
          /*icon: "plus",*/
          /*style: "NORMAL",*/
          /*saveInto:{ */
            /*a!startProcess(*/
            /*processModel: cons!HMS_PM_ADD_MEDICAL_HISTORY,*/
            /*processParameters: {*/
              /*cancel:NULL,*/
              /*medicalHistory: NULL*/
            /*}*/
          /*)}*/
        /*)*/
      /*},*/
      /*align: "END"*/
    /*),*/
    #"SYSTEM_SYSRULES_forEach"(
      local!sampleData,
      {
        a!localVariables(
          local!selectedFileForPreview,
          #"SYSTEM_SYSRULES_sectionLayout_v1"(
            label:#"_a-0000e45f-fabf-8000-9ba2-011c48011c48_43932"("HMS_uiViewMedicalHistory_ConsultationDate_0067", local!languageBundle,{})&amp; fv!item.consultationDate,
            contents: {
              #"SYSTEM_SYSRULES_columnsLayout"(
                columns: {
                  #"SYSTEM_SYSRULES_columnLayout"(
                    contents: {
                      #"SYSTEM_SYSRULES_textField"(
                        label:#"_a-0000e45f-fabf-8000-9ba2-011c48011c48_43932"("HMS_uiViewMedicalHistory_ConsultedDoctor_0074", local!languageBundle, null),
                        labelPosition: "ADJACENT",
                        value:concat("Dr.", fv!item.consultedDoctor),
                        saveInto: {},
                        refreshAfter: "UNFOCUS",
                        readOnly: true(),
                        validations: {}
                      )
                    }
                  ),
                  #"SYSTEM_SYSRULES_columnLayout"(
                    contents: {
                      #"SYSTEM_SYSRULES_textField"(
                        label:#"_a-0000e45f-fabf-8000-9ba2-011c48011c48_43932"("HMS_uiViewMedicalHistory_DoctorsSpecialization_0087", local!languageBundle, null),
                        labelPosition: "ADJACENT",
                        value: fv!item.doctorSpecialization,
                        saveInto: {},
                        refreshAfter: "UNFOCUS",
                        readOnly: true(),
                        validations: {}
                      )
                    }
                  ),
                  #"SYSTEM_SYSRULES_columnLayout"(
                    contents: {}
                  )
                }
              ),
              #"SYSTEM_SYSRULES_cardLayout"(
                contents: {
                  #"SYSTEM_SYSRULES_richTextDisplayField"(
                    label:#"_a-0000e45f-fabf-8000-9ba2-011c48011c48_43932"("HMS_uiViewMedicalHistory_RichText_0106", local!languageBundle, null),
                    labelPosition: "COLLAPSED",
                    value: {
                      #"SYSTEM_SYSRULES_richTextItem_v1"(
                        text: {
                          "Available Documents"
                        },
                        size: "MEDIUM",
                        style: {
                          "STRONG"
                        }
                      )
                    }
                  )
                },
                style: #"_a-0000e530-51df-8000-9bb2-011c48011c48_2065001"[5]),
                #"SYSTEM_SYSRULES_cardLayout"(
                  contents: {
                    #"SYSTEM_SYSRULES_columnsLayout"(
                      columns: {
                        #"SYSTEM_SYSRULES_columnLayout"(
                          contents: {
                            #"SYSTEM_SYSRULES_richTextDisplayField"(),
                            a!localVariables(
                              local!docsHolder: fv!item.mammogramDocIds,
                              local!splitDocs:split(local!docsHolder,";"),
                              #"SYSTEM_SYSRULES_forEach"(local!splitDocs,
                              {
                                #"SYSTEM_SYSRULES_richTextDisplayField"(
                                  label:#"_a-0000e45f-fabf-8000-9ba2-011c48011c48_43932"("HMS_uiViewMedicalHistory_Mammograms_0136", local!languageBundle, null),
                                  labelPosition: "COLLAPSED",
                                  value: if(fv!isFirst,
                                  {#"SYSTEM_SYSRULES_richTextIcon"(icon: "caret-right" ),
                                  #"SYSTEM_SYSRULES_richTextItem_v1"(
                                    text: {
                                      "Mammogram(s)"
                                    },
                                    size: "MEDIUM",
                                    style: {
                                      "STRONG"
                                    }
                                  )},{})),
                                  #"SYSTEM_SYSRULES_imageField_v1"(
                                    images: #"SYSTEM_SYSRULES_documentImage"(
                                      document: todocument(fv!item),
                                      link: #"SYSTEM_SYSRULES_dynamicLink"(
                                        value: fv!item,
                                        saveInto: local!selectedFileForPreview
                                      )
                                    ),
                                    size: "TINY"
                                  )
                              }
                              )
                            )
                            ,
                            #"SYSTEM_SYSRULES_richTextDisplayField"(),
                            a!localVariables(
                              local!docsHolder: fv!item.ultrasoundDocIds,
                              local!splitDocs:split(local!docsHolder,";"),
                              #"SYSTEM_SYSRULES_forEach"(local!splitDocs,
                              {
                                #"SYSTEM_SYSRULES_richTextDisplayField"(
                                  label:#"_a-0000e45f-fabf-8000-9ba2-011c48011c48_43932"("HMS_uiViewMedicalHistory_Mammograms_0171", local!languageBundle, null),
                                  labelPosition: "COLLAPSED",
                                  value: if(fv!isFirst,
                                  {#"SYSTEM_SYSRULES_richTextIcon"(icon: "caret-right" ),
                                  #"SYSTEM_SYSRULES_richTextItem_v1"(
                                    text: {
                                      "Ultrasound Scans"
                                    },
                                    size: "MEDIUM",
                                    style: {
                                      "STRONG"
                                    }
                                  )},{})),
                                  #"SYSTEM_SYSRULES_imageField_v1"(
                                    images: #"SYSTEM_SYSRULES_documentImage"(
                                      document: todocument(fv!item),
                                      link: #"SYSTEM_SYSRULES_dynamicLink"(
                                        value: fv!item,
                                        saveInto: local!selectedFileForPreview
                                      )
                                    ),
                                    size: "TINY"
                                  )
                              }
                              )
                            )
                            ,
                            #"SYSTEM_SYSRULES_richTextDisplayField"(),
                            a!localVariables(
                              local!docsHolder: fv!item.mriDocIds,
                              local!splitDocs:split(local!docsHolder,";"),
                              #"SYSTEM_SYSRULES_forEach"(local!splitDocs,
                              {
                                #"SYSTEM_SYSRULES_richTextDisplayField"(
                                  label:#"_a-0000e45f-fabf-8000-9ba2-011c48011c48_43932"("HMS_uiViewMedicalHistory_Mammograms_0206", local!languageBundle, null),
                                  labelPosition: "COLLAPSED",
                                  value: if(fv!isFirst,
                                  {#"SYSTEM_SYSRULES_richTextIcon"(icon: "caret-right" ),
                                  #"SYSTEM_SYSRULES_richTextItem_v1"(
                                    text: {
                                      "MRI Report"
                                    },
                                    size: "MEDIUM",
                                    style: {
                                      "STRONG"
                                    }
                                  )},{})),
                                  #"SYSTEM_SYSRULES_imageField_v1"(
                                    images: #"SYSTEM_SYSRULES_documentImage"(
                                      document: todocument(fv!item),
                                      link: #"SYSTEM_SYSRULES_dynamicLink"(
                                        value: fv!item,
                                        saveInto: local!selectedFileForPreview
                                      )
                                    ),
                                    size: "TINY"
                                  )
                              }
                              )
                            )
                            ,
                            #"SYSTEM_SYSRULES_richTextDisplayField"(),
                            a!localVariables(
                              local!docsHolder: fv!item.prescriptionDocIds,
                              local!splitDocs:split(local!docsHolder,";"),
                              #"SYSTEM_SYSRULES_forEach"(local!splitDocs,
                              {
                                #"SYSTEM_SYSRULES_richTextDisplayField"(
                                  label:#"_a-0000e45f-fabf-8000-9ba2-011c48011c48_43932"("HMS_uiViewMedicalHistory_Prescriptions_0241", local!languageBundle, null),
                                  labelPosition: "COLLAPSED",
                                  value: if(fv!isFirst,
                                  {#"SYSTEM_SYSRULES_richTextIcon"(icon: "caret-right" ),
                                  #"SYSTEM_SYSRULES_richTextItem_v1"(
                                    text: {
                                      "Prescriptions"
                                    },
                                    size: "MEDIUM",
                                    style: {
                                      "STRONG"
                                    }
                                  )},{})),
                                  if(#"b8ffe8b7-0dca-439a-867c-b8898b3db7ea"(local!splitDocs),
                                  {},
                                  #"SYSTEM_SYSRULES_imageField_v1"(
                                    images: #"SYSTEM_SYSRULES_documentImage"(
                                      document: todocument(fv!item),
                                      link: #"SYSTEM_SYSRULES_dynamicLink"(
                                        value: fv!item,
                                        saveInto: local!selectedFileForPreview
                                      )
                                    ),
                                    size: "TINY"
                                  ))
                              }
                              )
                            )
                          },
                          width: "NARROW"
                        ),
                        #"SYSTEM_SYSRULES_columnLayout"(
                          contents: {
                            #"SYSTEM_SYSRULES_documentViewerField"(
                              label:#"_a-0000e45f-fabf-8000-9ba2-011c48011c48_43932"("HMS_uiViewMedicalHistory_DocumentPreview_0278", local!languageBundle, null),
                              labelPosition: "ABOVE",
                              document: todocument(local!selectedFileForPreview),
                              height: "MEDIUM"
                            )
                          }
                        )
                      }
                    ),
                    #"SYSTEM_SYSRULES_paragraphField"(label:#"_a-0000e45f-fabf-8000-9ba2-011c48011c48_43932"("HMS_uiViewMedicalHistory_PatientsNotes_0287", local!languageBundle, null),
                    value: fv!item.patientNotes,
                    readOnly: true()
                    )
                  })
            },
            isCollapsible: true(),
            isInitiallyCollapsed: if(fv!isLast,
            false(),
            true())
          )
        )
      }
    )
  }
)

)</definition>
        <preferredEditor>interface</preferredEditor>
        <offlineEnabled>false</offlineEnabled>
    </rule>
    <roleMap public="true">
        <role inherit="true" allowForAll="false" name="readers">
            <users/>
            <groups/>
        </role>
        <role inherit="true" allowForAll="false" name="authors">
            <users/>
            <groups/>
        </role>
        <role inherit="true" allowForAll="false" name="administrators">
            <users/>
            <groups/>
        </role>
        <role inherit="false" allowForAll="false" name="denyReaders">
            <users/>
            <groups/>
        </role>
        <role inherit="false" allowForAll="false" name="denyAuthors">
            <users/>
            <groups/>
        </role>
        <role inherit="false" allowForAll="false" name="denyAdministrators">
            <users/>
            <groups/>
        </role>
    </roleMap>
    <history>
        <historyInfo versionUuid="_a-0000e530-51df-8000-9bb2-011c48011c48_2076383"/>
        <historyInfo versionUuid="_a-0000e530-51df-8000-9bb2-011c48011c48_2086673"/>
    </history>
</contentHaul>
