<?xml version="1.0" encoding="UTF-8" standalone="yes"?>
<contentHaul xmlns:a="http://www.appian.com/ae/types/2009">
    <versionUuid>_a-0000e530-51df-8000-9bb2-011c48011c48_2065099</versionUuid>
    <constant>
        <name>HMS_BILLBOARD</name>
        <uuid>_a-0000e530-51df-8000-9bb2-011c48011c48_2064959</uuid>
        <description>Constant to hold the billboard images</description>
        <parentUuid>_a-0000e50e-6062-8000-9bb0-011c48011c48_2057356</parentUuid>
        <visibility>
            <advertise>false</advertise>
            <hierarchy>true</hierarchy>
            <indexable>true</indexable>
            <quota>false</quota>
            <searchable>true</searchable>
            <system>false</system>
            <unlogged>false</unlogged>
        </visibility>
        <typedValue>
            <type>
                <name>CollaborationDocument?list</name>
                <namespace>http://www.appian.com/ae/types/2009</namespace>
            </type>
            <value>
                <el>_a-0000e530-51df-8000-9bb2-011c48011c48_2064931</el>
                <el>_a-0000e530-51df-8000-9bb2-011c48011c48_2064938</el>
                <el>_a-0000e530-51df-8000-9bb2-011c48011c48_2064945</el>
                <el>_a-0000e530-51df-8000-9bb2-011c48011c48_2065057</el>
            </value>
        </typedValue>
        <isEnvironmentSpecific>false</isEnvironmentSpecific>
    </constant>
    <roleMap public="true">
        <role inherit="true" allowForAll="false" name="readers">
            <users/>
            <groups/>
        </role>
        <role inherit="true" allowForAll="false" name="authors">
            <users/>
            <groups/>
        </role>
        <role inherit="true" allowForAll="false" name="administrators">
            <users/>
            <groups/>
        </role>
        <role inherit="false" allowForAll="false" name="denyReaders">
            <users/>
            <groups/>
        </role>
        <role inherit="false" allowForAll="false" name="denyAuthors">
            <users/>
            <groups/>
        </role>
        <role inherit="false" allowForAll="false" name="denyAdministrators">
            <users/>
            <groups/>
        </role>
    </roleMap>
    <history>
        <historyInfo versionUuid="_a-0000e530-51df-8000-9bb2-011c48011c48_2065099"/>
    </history>
</contentHaul>
