<?xml version="1.0" encoding="UTF-8" standalone="yes"?>
<contentHaul xmlns:a="http://www.appian.com/ae/types/2009">
    <versionUuid>_a-0000e530-51df-8000-9bb2-011c48011c48_2077165</versionUuid>
    <rule>
        <name>HMS_uiPatientsStatistics</name>
        <uuid>_a-0000e530-51df-8000-9bb2-011c48011c48_2076986</uuid>
        <description></description>
        <parentUuid>_a-0000e50e-6062-8000-9bb0-011c48011c48_2058716</parentUuid>
        <visibility>
            <advertise>false</advertise>
            <hierarchy>true</hierarchy>
            <indexable>true</indexable>
            <quota>false</quota>
            <searchable>true</searchable>
            <system>false</system>
            <unlogged>false</unlogged>
        </visibility>
        <definition>a!localVariables(
/*
This translation was made by the Translation Application. 
@Author: Alejandro Rueda
@Version: 4.1.1
*/
/* Using user's locale language */
local!languageBundle: #"_a-0000e45f-fabf-8000-9ba2-011c48011c48_43945"("HMS APP", null),
a!localVariables(
  local!radio1: null,
  local!radio2: null,
  local!consultationNotes: null,
  local!disabled: false,
  local!consultationDate,
  local!medicines:{
    {
      name:"Albraxane",type:"Intravenous",
      quantity:"200 ml",
      periodicity:"Once",
      startDate:today()+7,
      endDate:today()+7
    },
    {
      name:"Alpelisib",type:"Pill",
      quantity:"150 mg",
      periodicity:"Daily",
      startDate:today(),
      endDate:today()+7
    }
  },
  {
    #"SYSTEM_SYSRULES_billboardLayout_v1"(
      backgroundMedia: #"SYSTEM_SYSRULES_documentImage"(document: #"_a-0000e530-51df-8000-9bb2-011c48011c48_2064959"[4]),
      marginBelow: "NONE",
      overlay: #"SYSTEM_SYSRULES_fullOverlay"(
        contents: {
          #"SYSTEM_SYSRULES_richTextDisplayField"(
            value: #"SYSTEM_SYSRULES_richTextHeader"(text:#"_a-0000e45f-fabf-8000-9ba2-011c48011c48_43932"("HMS_uiPatientsStatistics_AIPredictionResults_0047", local!languageBundle, null))
          ),
          #"SYSTEM_SYSRULES_columnsLayout"(
            columns: {
              #"SYSTEM_SYSRULES_columnLayout"(
                contents: {
                  #"SYSTEM_SYSRULES_gaugeField"(
                    color: "#ffa500",
                    percentage: 82,
                    primaryText: #"SYSTEM_SYSRULES_gaugePercentage"(),
                    secondaryText: "AI Accuracy"
                  )
                }
              ),
              #"SYSTEM_SYSRULES_columnLayout"(
                contents: {
                  #"SYSTEM_SYSRULES_richTextDisplayField"(
                    label:#"_a-0000e45f-fabf-8000-9ba2-011c48011c48_43932"("HMS_uiPatientsStatistics_PredictionAlogrithm_0064", local!languageBundle, null),
                    labelPosition: "JUSTIFIED",
                    value: #"SYSTEM_SYSRULES_richTextItem_v1"(text:#"_a-0000e45f-fabf-8000-9ba2-011c48011c48_43932"("HMS_uiPatientsStatistics_RandomForest_0066", local!languageBundle, null), size: "MEDIUM")
                  ),
                  #"SYSTEM_SYSRULES_richTextDisplayField"(
                    label:#"_a-0000e45f-fabf-8000-9ba2-011c48011c48_43932"("HMS_uiPatientsStatistics_PredictionResults_0069", local!languageBundle, null),
                    labelPosition: "JUSTIFIED",
                    value: #"SYSTEM_SYSRULES_richTextItem_v1"(
                      text:#"_a-0000e45f-fabf-8000-9ba2-011c48011c48_43932"("HMS_uiPatientsStatistics_Basedontheresultsthecurrentsta_0072", local!languageBundle, null),
                      size: "MEDIUM",
                      color: "POSITIVE"
                    )
                  ),
                  #"SYSTEM_SYSRULES_richTextDisplayField"(
                    label:#"_a-0000e45f-fabf-8000-9ba2-011c48011c48_43932"("HMS_uiPatientsStatistics_NextChemoSession_0078", local!languageBundle, null),
                    labelPosition: "JUSTIFIED",
                    value: #"SYSTEM_SYSRULES_richTextItem_v1"(
                      text: today() + 21,
                      size: "MEDIUM",
                      color: "#ffa500"
                    )
                  ),
                  #"SYSTEM_SYSRULES_richTextDisplayField"(
                    label:#"_a-0000e45f-fabf-8000-9ba2-011c48011c48_43932"("HMS_uiPatientsStatistics_BoosterDosageRecommended_0087", local!languageBundle, null),
                    labelPosition: "JUSTIFIED",
                    value: #"SYSTEM_SYSRULES_richTextItem_v1"(
                      text:#"_a-0000e45f-fabf-8000-9ba2-011c48011c48_43932"("HMS_uiPatientsStatistics_No_0090", local!languageBundle, null),
                      size: "MEDIUM",
                      color: "NEGATIVE"
                    )
                  )
                }
              )
            }
          )
        },
        style: "DARK"
      )
    ),
    #"SYSTEM_SYSRULES_boxLayout"(
      label:#"_a-0000e45f-fabf-8000-9ba2-011c48011c48_43932"("HMS_uiPatientsStatistics_Determinepatientsprogress_0104", local!languageBundle, null),
      style: "ACCENT",
      isCollapsible: true,
      isInitiallyCollapsed: true,
      contents: {
        #"SYSTEM_SYSRULES_columnsLayout"(
          columns: {
            #"SYSTEM_SYSRULES_columnLayout"(
              contents: {
                #"SYSTEM_SYSRULES_radioButtonField"(
                  disabled: local!disabled,
                  label:#"_a-0000e45f-fabf-8000-9ba2-011c48011c48_43932"("HMS_uiPatientsStatistics_Wouldyouliketochangetheprogres_0115", local!languageBundle, null),
                  choiceLabels:{#"_a-0000e45f-fabf-8000-9ba2-011c48011c48_43932"("HMS_uiPatientsStatistics_Yes_0116", local!languageBundle, null),#"_a-0000e45f-fabf-8000-9ba2-011c48011c48_43932"("HMS_uiPatientsStatistics_No_0116", local!languageBundle, null) },
                  choiceValues: { "Yes", "No" },
                  value: local!radio1,
                  saveInto: local!radio1
                ),
                #"SYSTEM_SYSRULES_radioButtonField"(
                  disabled: local!disabled,
                  label:#"_a-0000e45f-fabf-8000-9ba2-011c48011c48_43932"("HMS_uiPatientsStatistics_Howwouldyoudeterminethepatient_0123", local!languageBundle, null),
                  choiceLabels:{#"_a-0000e45f-fabf-8000-9ba2-011c48011c48_43932"("HMS_uiPatientsStatistics_Good_0124", local!languageBundle, null),#"_a-0000e45f-fabf-8000-9ba2-011c48011c48_43932"("HMS_uiPatientsStatistics_Bad_0124", local!languageBundle, null) },
                  choiceValues: { "Good", "Bad" },
                  value: local!radio2,
                  saveInto: local!radio2
                )
              }
            ),
            #"SYSTEM_SYSRULES_columnLayout"(
              contents: {
                #"SYSTEM_SYSRULES_paragraphField"(
                  disabled: local!disabled,
                  placeholder:#"_a-0000e45f-fabf-8000-9ba2-011c48011c48_43932"("HMS_uiPatientsStatistics_AddConsultationNotes_0135", local!languageBundle, null),
                  value: local!consultationNotes,
                  saveInto: local!consultationNotes
                ),
                
              }
            )
          }
        ),
        
      }
    ),
    #"SYSTEM_SYSRULES_boxLayout"(label:#"_a-0000e45f-fabf-8000-9ba2-011c48011c48_43932"("HMS_uiPatientsStatistics_AISuggestions_0147", local!languageBundle, null),style: "ACCENT",isCollapsible: true,showWhen: local!radio2="Bad",
    contents:{
      #"SYSTEM_SYSRULES_columnsLayout"(
        columns:{
          #"SYSTEM_SYSRULES_columnLayout"(
            contents: {#"SYSTEM_SYSRULES_richTextDisplayField"(),
              #"SYSTEM_SYSRULES_richTextDisplayField"(value:#"SYSTEM_SYSRULES_richTextHeader"(text:#"_a-0000e45f-fabf-8000-9ba2-011c48011c48_43932"("HMS_uiPatientsStatistics_FactorsConsidered_0153", local!languageBundle, null), size: "MEDIUM")
              ),
              #"SYSTEM_SYSRULES_richTextDisplayField"(
                label:#"_a-0000e45f-fabf-8000-9ba2-011c48011c48_43932"("HMS_uiPatientsStatistics_AgeGroup_0156", local!languageBundle, null),
                labelPosition: "JUSTIFIED",
                value: #"SYSTEM_SYSRULES_richTextItem_v1"(
                  text:#"_a-0000e45f-fabf-8000-9ba2-011c48011c48_43932"("HMS_uiPatientsStatistics_30to50_0159", local!languageBundle, null),
                  size: "MEDIUM",
                  color: "NEGATIVE"
                )
              ),
              #"SYSTEM_SYSRULES_richTextDisplayField"(
                label:#"_a-0000e45f-fabf-8000-9ba2-011c48011c48_43932"("HMS_uiPatientsStatistics_Gender_0165", local!languageBundle, null),
                labelPosition: "JUSTIFIED",
                value: #"SYSTEM_SYSRULES_richTextItem_v1"(
                  text:#"_a-0000e45f-fabf-8000-9ba2-011c48011c48_43932"("HMS_uiPatientsStatistics_F_0168", local!languageBundle, null),
                  size: "MEDIUM",
                  color: "NEGATIVE"
                )
              ),
              #"SYSTEM_SYSRULES_richTextDisplayField"(
                label:#"_a-0000e45f-fabf-8000-9ba2-011c48011c48_43932"("HMS_uiPatientsStatistics_GeneType_0174", local!languageBundle, null),
                labelPosition: "JUSTIFIED",
                value: #"SYSTEM_SYSRULES_richTextItem_v1"(
                  text:#"_a-0000e45f-fabf-8000-9ba2-011c48011c48_43932"("HMS_uiPatientsStatistics_TREM2_0177", local!languageBundle, null),
                  size: "MEDIUM",
                  color: "NEGATIVE"
                )
              )
            }
          ),
          #"SYSTEM_SYSRULES_columnLayout"(
            contents:{#"SYSTEM_SYSRULES_richTextDisplayField"(
              value:#"SYSTEM_SYSRULES_richTextItem_v1"(text:#"_a-0000e45f-fabf-8000-9ba2-011c48011c48_43932"("HMS_uiPatientsStatistics_Herearesomesuggestionsbasedont_0186", local!languageBundle, null),style:"STRONG",color:"NEGATIVE")
            ),
              #"SYSTEM_SYSRULES_gridField_v1"(
                data:local!medicines,
                columns:{
                  #"SYSTEM_SYSRULES_gridColumn"(label:#"_a-0000e45f-fabf-8000-9ba2-011c48011c48_43932"("HMS_uiPatientsStatistics_MedicineName_0191", local!languageBundle, null),align:"CENTER",value:fv!row.name),
                  #"SYSTEM_SYSRULES_gridColumn"(label:#"_a-0000e45f-fabf-8000-9ba2-011c48011c48_43932"("HMS_uiPatientsStatistics_Intake_0192", local!languageBundle, null),align:"CENTER",value:fv!row.type),
                  #"SYSTEM_SYSRULES_gridColumn"(label:#"_a-0000e45f-fabf-8000-9ba2-011c48011c48_43932"("HMS_uiPatientsStatistics_Quantity_0193", local!languageBundle, null),align:"CENTER",value:fv!row.quantity),
                  #"SYSTEM_SYSRULES_gridColumn"(label:#"_a-0000e45f-fabf-8000-9ba2-011c48011c48_43932"("HMS_uiPatientsStatistics_Periodicity_0194", local!languageBundle, null),align:"CENTER",value:fv!row.Periodicity),
                  #"SYSTEM_SYSRULES_gridColumn"(label:#"_a-0000e45f-fabf-8000-9ba2-011c48011c48_43932"("HMS_uiPatientsStatistics_IntakeFrom_0195", local!languageBundle, null),align:"CENTER",value:fv!row.startDate),
                  #"SYSTEM_SYSRULES_gridColumn"(label:#"_a-0000e45f-fabf-8000-9ba2-011c48011c48_43932"("HMS_uiPatientsStatistics_IntakeTo_0196", local!languageBundle, null),align:"CENTER",value:fv!row.endDate),
                }
              )
            }
          )
        }
      )
    }
    ),#"SYSTEM_SYSRULES_richTextDisplayField"(),
    #"SYSTEM_SYSRULES_columnsLayout"(columns:{
      #"SYSTEM_SYSRULES_columnLayout"(),      #"SYSTEM_SYSRULES_columnLayout"(width:"NARROW",
        contents:{#"SYSTEM_SYSRULES_dateField"(
        disabled: local!disabled,
        label:#"_a-0000e45f-fabf-8000-9ba2-011c48011c48_43932"("HMS_uiPatientsStatistics_NextConsultationDate_0209", local!languageBundle, null),
        value: local!consultationDate,
        saveInto: local!consultationDate
      )}
      ),
      #"SYSTEM_SYSRULES_columnLayout"(width:"NARROW",contents:{
        #"SYSTEM_SYSRULES_richTextDisplayField"(),#"SYSTEM_SYSRULES_ButtonLayout"(
          primaryButtons: #"SYSTEM_SYSRULES_ButtonWidget"(
            label:#"_a-0000e45f-fabf-8000-9ba2-011c48011c48_43932"("HMS_uiPatientsStatistics_SaveData_0217", local!languageBundle, null),style:"PRIMARY",
            saveInto: a!save(local!disabled,true)
          )
        )
      })
    }),
    
    
  }
)
)</definition>
        <preferredEditor>interface</preferredEditor>
        <offlineEnabled>false</offlineEnabled>
    </rule>
    <roleMap public="true">
        <role inherit="true" allowForAll="false" name="readers">
            <users/>
            <groups/>
        </role>
        <role inherit="true" allowForAll="false" name="authors">
            <users/>
            <groups/>
        </role>
        <role inherit="true" allowForAll="false" name="administrators">
            <users/>
            <groups/>
        </role>
        <role inherit="false" allowForAll="false" name="denyReaders">
            <users/>
            <groups/>
        </role>
        <role inherit="false" allowForAll="false" name="denyAuthors">
            <users/>
            <groups/>
        </role>
        <role inherit="false" allowForAll="false" name="denyAdministrators">
            <users/>
            <groups/>
        </role>
    </roleMap>
    <history>
        <historyInfo versionUuid="_a-0000e530-51df-8000-9bb2-011c48011c48_2077164"/>
        <historyInfo versionUuid="_a-0000e530-51df-8000-9bb2-011c48011c48_2077165"/>
    </history>
</contentHaul>
