<?xml version="1.0" encoding="UTF-8" standalone="yes"?>
<contentHaul xmlns:a="http://www.appian.com/ae/types/2009">
    <versionUuid>_a-0000e530-51df-8000-9bb2-011c48011c48_2076974</versionUuid>
    <rule>
        <name>HMS_myPendingTasks</name>
        <uuid>_a-0000e530-51df-8000-9bb2-011c48011c48_2075336</uuid>
        <description>Doctor appointment pending tasks</description>
        <parentUuid>_a-0000e50e-6062-8000-9bb0-011c48011c48_2058716</parentUuid>
        <visibility>
            <advertise>false</advertise>
            <hierarchy>true</hierarchy>
            <indexable>true</indexable>
            <quota>false</quota>
            <searchable>true</searchable>
            <system>false</system>
            <unlogged>false</unlogged>
        </visibility>
        <definition>a!localVariables(
/*
This translation was made by the Translation Application. 
@Author: Alejandro Rueda
@Version: 4.1.1
*/
/* Using user's locale language */
local!languageBundle: #"_a-0000e45f-fabf-8000-9ba2-011c48011c48_43945"("HMS APP", null),
#"SYSTEM_SYSRULES_boxLayout"(
  label:#"_a-0000e45f-fabf-8000-9ba2-011c48011c48_43932"("HMS_myPendingTasks_PendingAppointments_0019", local!languageBundle, null),
  isCollapsible: true,isInitiallyCollapsed: true,
  style:"ACCENT",
  contents:{
  #"SYSTEM_SYSRULES_gridField_v1"(
    instructions:#"_a-0000e45f-fabf-8000-9ba2-011c48011c48_43932"("HMS_myPendingTasks_Slotrequestspendingformyapprov_0024", local!languageBundle, null),
  emptyGridMessage:#"_a-0000e45f-fabf-8000-9ba2-011c48011c48_43932"("HMS_myPendingTasks_Nopendingrequests_0025", local!languageBundle, null),
  label: "",
  data: index(
    a!queryProcessAnalytics(
      report: #"_a-0000e530-51df-8000-9bb2-011c48011c48_2075405",
      contextProcessModels: #"_a-0000e530-51df-8000-9bb2-011c48011c48_2075411",
      query: #"SYSTEM_SYSRULES_query"(filter:#"SYSTEM_SYSRULES_queryFilter"(
        field:"c1",
        operator: "IN",
        value:{0,1}
      ),
        pagingInfo: #"SYSTEM_SYSRULES_pagingInfo"(
          startIndex: 1,
          batchSize: - 1,
          sort: #"SYSTEM_SYSRULES_sortInfo"(
            field: "c3",
            ascending: false()
          )
        )
      ),
    ),
    "data",
    null
  ),
  columns: {
    #"SYSTEM_SYSRULES_gridColumn"(
      label:#"_a-0000e45f-fabf-8000-9ba2-011c48011c48_43932"("HMS_myPendingTasks_SlotRequestDetails_0052", local!languageBundle, null),
      sortField: "c0",
      value: #"SYSTEM_SYSRULES_richTextDisplayField"(
        value: #"SYSTEM_SYSRULES_richTextItem_v1"(
          text: fv!row.c0,
          linkStyle: "STANDALONE",
          link: 
            #"SYSTEM_SYSRULES_processTaskLink"(
              task: fv!row.c4
            
          )
        )
      ),
      align: "START"
    ),
    #"SYSTEM_SYSRULES_gridColumn"(
      label:#"_a-0000e45f-fabf-8000-9ba2-011c48011c48_43932"("HMS_myPendingTasks_RequestedSlot_0068", local!languageBundle, null),
      sortField: "c",
      value: #"SYSTEM_SYSRULES_richTextDisplayField"(
        value: fv!row.c5
      ),
      align: "START"
    )
  },
  initialsorts: {
    #"SYSTEM_SYSRULES_sortInfo"(
      field: "c3",
      ascending: false
    )
  }
)})
)</definition>
        <preferredEditor>interface</preferredEditor>
        <offlineEnabled>false</offlineEnabled>
    </rule>
    <roleMap public="true">
        <role inherit="true" allowForAll="false" name="readers">
            <users/>
            <groups/>
        </role>
        <role inherit="true" allowForAll="false" name="authors">
            <users/>
            <groups/>
        </role>
        <role inherit="true" allowForAll="false" name="administrators">
            <users/>
            <groups/>
        </role>
        <role inherit="false" allowForAll="false" name="denyReaders">
            <users/>
            <groups/>
        </role>
        <role inherit="false" allowForAll="false" name="denyAuthors">
            <users/>
            <groups/>
        </role>
        <role inherit="false" allowForAll="false" name="denyAdministrators">
            <users/>
            <groups/>
        </role>
    </roleMap>
    <history>
        <historyInfo versionUuid="_a-0000e530-51df-8000-9bb2-011c48011c48_2076973"/>
        <historyInfo versionUuid="_a-0000e530-51df-8000-9bb2-011c48011c48_2076974"/>
    </history>
</contentHaul>
