<?xml version="1.0" encoding="UTF-8" standalone="yes"?>
<contentHaul xmlns:a="http://www.appian.com/ae/types/2009">
    <versionUuid>_a-0000e530-51df-8000-9bb2-011c48011c48_2081575</versionUuid>
    <outboundIntegration>
        <name>HMS_trainML</name>
        <uuid>_a-0000e530-51df-8000-9bb2-011c48011c48_2075351</uuid>
        <description></description>
        <parentUuid>_a-0000e530-51df-8000-9bb2-011c48011c48_2067933</parentUuid>
        <visibility>
            <advertise>false</advertise>
            <hierarchy>true</hierarchy>
            <indexable>true</indexable>
            <quota>false</quota>
            <searchable>true</searchable>
            <system>false</system>
            <unlogged>false</unlogged>
        </visibility>
        <definition></definition>
        <namedTypedValue>
            <name>onSuccess</name>
            <type>
                <name>Variant</name>
                <namespace>http://www.appian.com/ae/types/2009</namespace>
            </type>
        </namedTypedValue>
        <namedTypedValue>
            <name>onError</name>
            <type>
                <name>Variant</name>
                <namespace>http://www.appian.com/ae/types/2009</namespace>
            </type>
        </namedTypedValue>
        <metadataExpr>{
deferredRuleInputs: {
    onSuccess: {
      "fv!result": 'type!{http://www.appian.com/ae/types/2009}Dictionary'
    },
    onError: {
      "fv!result": 'type!{http://www.appian.com/ae/types/2009}Dictionary',
      "fv!error": 'type!{http://www.appian.com/ae/types/2009}Dictionary',
      "fv!connectedSystem": 'type!{http://www.appian.com/ae/types/2009}ConnectedSystem'
    }
  }
}</metadataExpr>
        <preferredEditor>legacy</preferredEditor>
        <offlineEnabled>false</offlineEnabled>
        <sharedConfigParameters>
            <a:Dictionary xmlns:xsd="http://www.w3.org/2001/XMLSchema" xmlns:xsi="http://www.w3.org/2001/XMLSchema-instance">
                <url xsi:type="xsd:string"/>
                <isInheritedUrlOptionSelected xsi:type="xsd:boolean">true</isInheritedUrlOptionSelected>
                <relativePath xsi:type="xsd:string">IPAMLServer/rest/ipasvc/trainmodel</relativePath>
                <authType xsi:type="xsd:string">None</authType>
                <authDetails xsi:type="xsd:string"/>
            </a:Dictionary>
        </sharedConfigParameters>
        <configParameters>
            <a:Dictionary xmlns:xsd="http://www.w3.org/2001/XMLSchema" xmlns:xsi="http://www.w3.org/2001/XMLSchema-instance">
                <contentType xsi:type="xsd:string">application/json</contentType>
                <automaticallyConvert xsi:type="xsd:boolean">true</automaticallyConvert>
                <shouldReceiveDocuments xsi:type="xsd:boolean">false</shouldReceiveDocuments>
                <jsonSchema xsi:nil="true" xsi:type="a:NestedChoice?list"/>
                <receiveFolderConfig xsi:type="a:Dictionary">
                    <asExpr xsi:type="xsd:boolean">false</asExpr>
                    <value xsi:type="a:Variant?list"/>
                </receiveFolderConfig>
                <bodyParseType xsi:type="xsd:string">application/json</bodyParseType>
                <parameters xsi:type="a:NameValue?list"/>
                <method xsi:type="xsd:string">POST</method>
                <headers xsi:type="a:NameValue?list"/>
                <documentConfig xsi:type="xsd:string"/>
                <featureVersion xsi:type="xsd:int">1</featureVersion>
                <timeout xsi:type="xsd:int">10</timeout>
                <body xsi:type="a:Expression">{ 
  "relationId":"tqmlmodel",
  "attrValues":{ 
    { 
      "attributeName":"cony",
      "attributeType":"numeric",
      "value":22.94
    },
    { 
      "attributeName":"lfh1",
      "attributeType":"numeric",
      "value":12.96
    },
    { 
      "attributeName":"lfpp",
      "attributeType":"numeric",
      "value":20.13
    },
    { 
      "attributeName":"plys",
      "attributeType":"numeric",
      "value":194.53
    },
    { 
      "attributeName":"rfh1",
      "attributeType":"numeric",
      "value":67.58
    },
    { 
      "attributeName":"rfh2",
      "attributeType":"numeric",
      "value":18.85
    },
    { 
      "attributeName":"rfh4",
      "attributeType":"numeric",
      "value":10.5
    },
    { 
      "attributeName":"rfpp",
      "attributeType":"numeric",
      "value":85.3
    },
    { 
      "attributeName":"tqclass",
      "attributeType":"category",
      "value":"passed"
    }
  },
  "classValue":{ 
    "attributeName":"tqclass",
    "attributeType":"category",
    "value":"passed"
  }
}</body>
                <flattenedJsonSchema xsi:nil="true" xsi:type="a:Text?list"/>
            </a:Dictionary>
        </configParameters>
        <isWrite>true</isWrite>
        <integrationType>system.http</integrationType>
        <connectedSystemUuid>_a-0000e33e-1b7b-8000-9ba2-011c48011c48_783451</connectedSystemUuid>
        <isConnectedSystemConnectionOptionSelected>true</isConnectedSystemConnectionOptionSelected>
        <integrationOutputs>
            <a:Dictionary xmlns:xsd="http://www.w3.org/2001/XMLSchema" xmlns:xsi="http://www.w3.org/2001/XMLSchema-instance">
                <outputs xsi:type="a:IntegrationOutput?list"/>
            </a:Dictionary>
        </integrationOutputs>
    </outboundIntegration>
    <roleMap public="true">
        <role inherit="true" allowForAll="false" name="readers">
            <users/>
            <groups/>
        </role>
        <role inherit="true" allowForAll="false" name="authors">
            <users/>
            <groups/>
        </role>
        <role inherit="true" allowForAll="false" name="administrators">
            <users/>
            <groups/>
        </role>
        <role inherit="false" allowForAll="false" name="denyReaders">
            <users/>
            <groups/>
        </role>
        <role inherit="false" allowForAll="false" name="denyAuthors">
            <users/>
            <groups/>
        </role>
        <role inherit="false" allowForAll="false" name="denyAdministrators">
            <users/>
            <groups/>
        </role>
    </roleMap>
    <history>
        <historyInfo versionUuid="_a-0000e530-51df-8000-9bb2-011c48011c48_2081575"/>
    </history>
</contentHaul>
