<?xml version="1.0" encoding="UTF-8" standalone="yes"?>
<contentHaul xmlns:a="http://www.appian.com/ae/types/2009">
    <versionUuid>_a-0000e530-51df-8000-9bb2-011c48011c48_2086772</versionUuid>
    <rule>
        <name>HMS_uiBookAppointment</name>
        <uuid>_a-0000e530-51df-8000-9bb2-011c48011c48_2069357</uuid>
        <description>Interface holding appointment booking functionality</description>
        <parentUuid>_a-0000e50e-6062-8000-9bb0-011c48011c48_2058716</parentUuid>
        <visibility>
            <advertise>false</advertise>
            <hierarchy>true</hierarchy>
            <indexable>true</indexable>
            <quota>false</quota>
            <searchable>true</searchable>
            <system>false</system>
            <unlogged>false</unlogged>
        </visibility>
        <definition>a!localVariables(
/*
This translation was made by the Translation Application. 
@Author: Alejandro Rueda
@Version: 4.1.1
*/
/* Using user's locale language */
local!languageBundle: #"_a-0000e45f-fabf-8000-9ba2-011c48011c48_43945"("HMS APP", null),
a!localVariables(
  local!activeStep: a!refreshVariable(value: 1),
  local!patientData: a!refreshVariable(
    value: cast(
      typeof(
        'type!{urn:com:appian:types:hms}HMS_PatientInfo'()
      ),
      index(
        #"_a-0000e530-51df-8000-9bb2-011c48011c48_2069001"(patientAppianID: loggedInUser()),
        "data",
        NULL
      )
    )
  ),
  local!newPatient: a!refreshVariable(
    value: #"b8ffe8b7-0dca-439a-867c-b8898b3db7ea"(local!patientData.patientId),
    
  ),
  local!primaryDoctor: index(
    #"_a-0000e530-51df-8000-9bb2-011c48011c48_2069553"(
      doctorID: if(
        #"_a-0000e0f2-6b66-8000-9ba2-011c48011c48_627873"(
          index(
            local!patientData,
            "primaryDoctorId",
            NULL
          )
        ),
        0,
        index(
          local!patientData,
          "primaryDoctorId",
          NULL
        )
      )
    ),
    "data",
    NULL
  ),
  local!doctorData: index(
    #"_a-0000e530-51df-8000-9bb2-011c48011c48_2069553"(doctorID: NULL),
    "data",
    NULL
  ),
  local!selectedHospital: a!refreshVariable(value: NULL),
  local!alternateDoctorData: if(
    #"b8ffe8b7-0dca-439a-867c-b8898b3db7ea"(local!primaryDoctor),
    local!doctorData,
    remove(
      local!doctorData,
      wherecontains(
        index(local!primaryDoctor, "doctorID", NULL),
        index(local!doctorData, "doctorID", NULL)
      )
    )
  ),
  local!selectedDoctor: a!refreshVariable(value: 0),
  local!steps: if(
    local!newPatient,
    {
      "Enter Details",
      "Choose Hospital",
      "Choose Doctor",
      "Choose Date",
      "Review"
    },
    {
      "Choose Hospital",
      "Choose Doctor",
      "Choose Date",
      "Review"
    }
  ),
  #"SYSTEM_SYSRULES_formLayout_v1"(
    /*label:rule!LA_SimpleTranslation("HMS_uiBookAppointment_BookAnAppointment_0092", local!languageBundle, null),*/
    contents: {
      #"_a-0000e530-51df-8000-9bb2-011c48011c48_2077206"(label:#"_a-0000e45f-fabf-8000-9ba2-011c48011c48_43932"("HMS_uiBookAppointment_BookAppointment_0094", local!languageBundle, null),icon:"calendar"),
      if(
      local!newPatient,
      {
        #"SYSTEM_SYSRULES_milestoneField"(
          steps: local!steps,
          links: #"SYSTEM_SYSRULES_forEach"(
            items: local!steps,
            expression: if(
              local!activeStep &lt;= fv!index,
              null,
              #"SYSTEM_SYSRULES_dynamicLink"(
                saveInto: a!save(local!activeStep, fv!index)
              )
            )
          ),
          active: local!activeStep
        ),
        
        #"SYSTEM_SYSRULES_sectionLayout_v1"(
          contents: {
            #"SYSTEM_SYSRULES_columnsLayout"(
              columns: {
                #"SYSTEM_SYSRULES_columnLayout"(
                  contents: {
                    #"SYSTEM_SYSRULES_textField"(
                      label:#"_a-0000e45f-fabf-8000-9ba2-011c48011c48_43932"("HMS_uiBookAppointment_FirstName_0120", local!languageBundle, null),
                      labelPosition: "ABOVE",
                      value: local!patientData.patientFirstName,
                      saveInto: local!patientData.patientFirstName,
                      validations: if(
                        len(local!patientData.patientFirstName) &gt; 50,
                        "Value may not be longer than 50 characters. You have entered " &amp; len(local!patientData.patientFirstName) &amp; " characters.",
                        null
                      )
                    ),
                    #"SYSTEM_SYSRULES_textField"(
                      label:#"_a-0000e45f-fabf-8000-9ba2-011c48011c48_43932"("HMS_uiBookAppointment_EmailId_0131", local!languageBundle, null),
                      labelPosition: "ABOVE",
                      value: local!patientData.patientEmailId,
                      saveInto: local!patientData.patientEmailId,
                      validations: if(
                        len(local!patientData.patientEmailId) &gt; 100,
                        "Value may not be longer than 100 characters. You have entered " &amp; len(local!patientData.patientEmailId) &amp; " characters.",
                        null
                      )
                    ),
                    #"SYSTEM_SYSRULES_integerField"(
                      label:#"_a-0000e45f-fabf-8000-9ba2-011c48011c48_43932"("HMS_uiBookAppointment_Age_0142", local!languageBundle, null),
                      labelPosition: "ABOVE",
                      value: local!patientData.Age,
                      saveInto: local!patientData.Age
                    ),
                    #"SYSTEM_SYSRULES_dropdownField_v1"(
                      label:#"_a-0000e45f-fabf-8000-9ba2-011c48011c48_43932"("HMS_uiBookAppointment_Gender_0148", local!languageBundle, null),
                      labelPosition: "ABOVE",
                      placeholder:#"_a-0000e45f-fabf-8000-9ba2-011c48011c48_43932"("HMS_uiBookAppointment_ChooseGender_0150", local!languageBundle, null),
                      choiceLabels: {
                        "Female",
                        "Male",
                        "Non-Binary",
                        "Transgender",
                        "Prefer Not To Say"
                      },
                      choiceValues: {
                        "Female",
                        "Male",
                        "Non-Binary",
                        "Transgender",
                        "Prefer Not To Say"
                      },
                      value: local!patientData.patientGender,
                      saveInto: local!patientData.patientGender,
                      
                    ),
                    #"SYSTEM_SYSRULES_textField"(
                      label:#"_a-0000e45f-fabf-8000-9ba2-011c48011c48_43932"("HMS_uiBookAppointment_Location_0170", local!languageBundle, null),
                      labelPosition: "ABOVE",
                      value: local!patientData.patientLocation,
                      saveInto: local!patientData.patientLocation,
                      validations: if(
                        len(local!patientData.patientLocation) &gt; 100,
                        "Value may not be longer than 100 characters. You have entered " &amp; len(local!patientData.patientLocation) &amp; " characters.",
                        null
                      )
                    ),
                    #"SYSTEM_SYSRULES_textField"(
                      label:#"_a-0000e45f-fabf-8000-9ba2-011c48011c48_43932"("HMS_uiBookAppointment_GuardianFirstName_0181", local!languageBundle, null),
                      labelPosition: "ABOVE",
                      value: local!patientData.guardianFirstName,
                      saveInto: local!patientData.guardianFirstName,
                      validations: if(
                        len(local!patientData.guardianFirstName) &gt; 50,
                        "Value may not be longer than 50 characters. You have entered " &amp; len(local!patientData.guardianFirstName) &amp; " characters.",
                        null
                      )
                    ),
                    #"SYSTEM_SYSRULES_integerField"(
                      label:#"_a-0000e45f-fabf-8000-9ba2-011c48011c48_43932"("HMS_uiBookAppointment_GuardianContactNumber_0192", local!languageBundle, null),
                      labelPosition: "ABOVE",
                      value: local!patientData.patientGuardianNumber,
                      saveInto: local!patientData.patientGuardianNumber
                    )
                  }
                ),
                #"SYSTEM_SYSRULES_columnLayout"(
                  contents: {
                    #"SYSTEM_SYSRULES_textField"(
                      label:#"_a-0000e45f-fabf-8000-9ba2-011c48011c48_43932"("HMS_uiBookAppointment_MiddleName_0202", local!languageBundle, null),
                      labelPosition: "ABOVE",
                      value: local!patientData.patientMiddleName,
                      saveInto: local!patientData.patientMiddleName,
                      validations: if(
                        len(local!patientData.patientMiddleName) &gt; 50,
                        "Value may not be longer than 50 characters. You have entered " &amp; len(local!patientData.patientMiddleName) &amp; " characters.",
                        null
                      )
                    ),
                    #"SYSTEM_SYSRULES_textField"(
                      label:#"_a-0000e45f-fabf-8000-9ba2-011c48011c48_43932"("HMS_uiBookAppointment_ContactNumber_0213", local!languageBundle, null),
                      labelPosition: "ABOVE",
                      value: local!patientData.patientContactNumber,
                      saveInto: local!patientData.patientContactNumber,
                      validations: if(
                        len(local!patientData.patientContactNumber) &gt; 15,
                        "Value may not be longer than 15 characters. You have entered " &amp; len(local!patientData.patientContactNumber) &amp; " characters.",
                        null
                      )
                    ),
                    #"SYSTEM_SYSRULES_floatingPointField"(
                      label:#"_a-0000e45f-fabf-8000-9ba2-011c48011c48_43932"("HMS_uiBookAppointment_Height_0224", local!languageBundle, null),
                      labelPosition: "ABOVE",
                      value: local!patientData.patientHeight,
                      saveInto: local!patientData.patientHeight
                    ),
                    #"SYSTEM_SYSRULES_textField"(
                      label:#"_a-0000e45f-fabf-8000-9ba2-011c48011c48_43932"("HMS_uiBookAppointment_PredisposedConditions_0230", local!languageBundle, null),
                      labelPosition: "ABOVE",
                      value: local!patientData.patientPredisposedConditions,
                      saveInto: local!patientData.patientPredisposedConditions,
                      validations: if(
                        len(
                          local!patientData.patientPredisposedConditions
                        ) &gt; 255,
                        "Value may not be longer than 255 characters. You have entered " &amp; len(
                          local!patientData.patientPredisposedConditions
                        ) &amp; " characters.",
                        null
                      )
                    ),
                    #"SYSTEM_SYSRULES_textField"(readOnly: true()),
                    #"SYSTEM_SYSRULES_textField"(readOnly: true()),
                    #"SYSTEM_SYSRULES_textField"(
                      label:#"_a-0000e45f-fabf-8000-9ba2-011c48011c48_43932"("HMS_uiBookAppointment_GuardianMiddleName_0247", local!languageBundle, null),
                      labelPosition: "ABOVE",
                      value: local!patientData.guardianMiddleName,
                      saveInto: local!patientData.guardianMiddleName,
                      validations: if(
                        len(local!patientData.guardianMiddleName) &gt; 50,
                        "Value may not be longer than 50 characters. You have entered " &amp; len(local!patientData.guardianMiddleName) &amp; " characters.",
                        null
                      )
                    ),
                    #"SYSTEM_SYSRULES_textField"(
                      label:#"_a-0000e45f-fabf-8000-9ba2-011c48011c48_43932"("HMS_uiBookAppointment_GuardianEmail_0258", local!languageBundle, null),
                      labelPosition: "ABOVE",
                      value: local!patientData.guardianEmail,
                      saveInto: local!patientData.guardianEmail,
                      validations: if(
                        len(local!patientData.guardianEmail) &gt; 100,
                        "Value may not be longer than 100 characters. You have entered " &amp; len(local!patientData.guardianEmail) &amp; " characters.",
                        null
                      )
                    )
                  }
                ),
                #"SYSTEM_SYSRULES_columnLayout"(
                  contents: {
                    #"SYSTEM_SYSRULES_textField"(
                      label:#"_a-0000e45f-fabf-8000-9ba2-011c48011c48_43932"("HMS_uiBookAppointment_LastName_0273", local!languageBundle, null),
                      labelPosition: "ABOVE",
                      value: local!patientData.patientLastName,
                      saveInto: local!patientData.patientLastName,
                      validations: if(
                        len(local!patientData.patientLastName) &gt; 50,
                        "Value may not be longer than 50 characters. You have entered " &amp; len(local!patientData.patientLastName) &amp; " characters.",
                        null
                      )
                    ),
                    #"SYSTEM_SYSRULES_textField"(
                      label:#"_a-0000e45f-fabf-8000-9ba2-011c48011c48_43932"("HMS_uiBookAppointment_ZoomId_0284", local!languageBundle, null),
                      labelPosition: "ABOVE",
                      value: local!patientData.patientZoomId,
                      saveInto: local!patientData.patientZoomId,
                      validations: if(
                        len(local!patientData.patientZoomId) &gt; 60,
                        "Value may not be longer than 60 characters. You have entered " &amp; len(local!patientData.patientZoomId) &amp; " characters.",
                        null
                      )
                    ),
                    #"SYSTEM_SYSRULES_floatingPointField"(
                      label:#"_a-0000e45f-fabf-8000-9ba2-011c48011c48_43932"("HMS_uiBookAppointment_Weight_0295", local!languageBundle, null),
                      labelPosition: "ABOVE",
                      value: local!patientData.patientWeight,
                      saveInto: local!patientData.patientWeight
                    ),
                    #"SYSTEM_SYSRULES_textField"(
                      label:#"_a-0000e45f-fabf-8000-9ba2-011c48011c48_43932"("HMS_uiBookAppointment_Allergies_0301", local!languageBundle, null),
                      labelPosition: "ABOVE",
                      value: local!patientData.patientAllergies,
                      saveInto: local!patientData.patientAllergies,
                      validations: if(
                        len(local!patientData.patientAllergies) &gt; 255,
                        "Value may not be longer than 255 characters. You have entered " &amp; len(local!patientData.patientAllergies) &amp; " characters.",
                        null
                      )
                    ),
                    #"SYSTEM_SYSRULES_textField"(readOnly: true()),
                    #"SYSTEM_SYSRULES_textField"(readOnly: true()),
                    #"SYSTEM_SYSRULES_textField"(
                      label:#"_a-0000e45f-fabf-8000-9ba2-011c48011c48_43932"("HMS_uiBookAppointment_GuardianLastName_0314", local!languageBundle, null),
                      labelPosition: "ABOVE",
                      value: local!patientData.guardianLastName,
                      saveInto: local!patientData.guardianLastName,
                      validations: if(
                        len(local!patientData.guardianLastName) &gt; 50,
                        "Value may not be longer than 50 characters. You have entered " &amp; len(local!patientData.guardianLastName) &amp; " characters.",
                        null
                      )
                    ),
                    
                  }
                )
              }
            )
          },
          showWhen: or(local!activeStep = { 1 })
        ),
        #"SYSTEM_SYSRULES_sectionLayout_v1"(
          contents: {
            #"_a-0000e530-51df-8000-9bb2-011c48011c48_2067990"(
              mapMarkers: NULL,
              fitBounds: true(),
              selectedHospital: local!selectedHospital
            ),
            #"SYSTEM_SYSRULES_textField"(readOnly: true),
            if(
              #"_a-0000e0f2-6b66-8000-9ba2-011c48011c48_627873"(local!selectedHospital),
              {},
              #"SYSTEM_SYSRULES_textField"(
                readOnly: true,
                label:#"_a-0000e45f-fabf-8000-9ba2-011c48011c48_43932"("HMS_uiBookAppointment_SelectedHospital_0345", local!languageBundle, null),
                labelPosition: "ADJACENT",
                value: local!selectedHospital
              )
            )
          },
          showWhen: or(local!activeStep = { 2 })
        ),
        #"SYSTEM_SYSRULES_sectionLayout_v1"(
          contents: {
            if(
              not(#"b8ffe8b7-0dca-439a-867c-b8898b3db7ea"(local!primaryDoctor)),
              {
                #"SYSTEM_SYSRULES_richTextDisplayField"(
                  value: #"SYSTEM_SYSRULES_richTextItem_v1"(
                    text:#"_a-0000e45f-fabf-8000-9ba2-011c48011c48_43932"("HMS_uiBookAppointment_PrimaryPhysicians_0360", local!languageBundle, null),
                    style: "STRONG",
                    size: "MEDIUM_PLUS"
                  )
                ),
                #"SYSTEM_SYSRULES_columnsLayout"(
                  columns: {
                    #"SYSTEM_SYSRULES_forEach"(
                      local!primaryDoctor,
                      #"SYSTEM_SYSRULES_columnLayout"(
                        contents: {
                          #"SYSTEM_SYSRULES_cardLayout"(
                            showBorder: local!selectedDoctor = tointeger(fv!item.doctorID),
                            link: #"SYSTEM_SYSRULES_dynamicLink"(
                              saveInto: a!save(local!selectedDoctor, fv!item.doctorID)
                            ),
                            contents: {
                              #"SYSTEM_SYSRULES_imageField_v1"(
                                style: "AVATAR",
                                align: "CENTER",
                                images: #"SYSTEM_SYSRULES_documentImage"(
                                  document: #"_a-0000e530-51df-8000-9bb2-011c48011c48_2069115"[fv!item.doctorID]
                                )
                              ),
                              #"SYSTEM_SYSRULES_richTextDisplayField"(
                                align: "CENTER",
                                value: #"SYSTEM_SYSRULES_richTextItem_v1"(
                                  text: concat(
                                    fv!item.doctorLastName,
                                    ", ",
                                    fv!item.doctorFirstName
                                  ),
                                  size: "MEDIUM"
                                )
                              ),
                              /*a!richTextDisplayField(align:"LEFT",*/
                              /*value:concat("Age : ",*/
                              /*fv!item.Age*/
                              /*)*/
                              /*)*/
                              
                            }
                          )
                        }
                      )
                    )
                  }
                )
              },
              {}
            ),
            #"SYSTEM_SYSRULES_richTextDisplayField"(
              value: #"SYSTEM_SYSRULES_richTextItem_v1"(
                text: if(
                  #"b8ffe8b7-0dca-439a-867c-b8898b3db7ea"(local!primaryDoctor),
                  "Available Physicians",
                  "Alternate Physicians"
                ),
                style: "STRONG",
                size: "MEDIUM_PLUS"
              )
            ),
            #"SYSTEM_SYSRULES_columnsLayout"(
              columns: {
                #"SYSTEM_SYSRULES_forEach"(
                  local!alternateDoctorData,
                  #"SYSTEM_SYSRULES_columnLayout"(
                    contents: {
                      #"SYSTEM_SYSRULES_cardLayout"(
                        showBorder: local!selectedDoctor = tointeger(fv!item.doctorID),
                        link: #"SYSTEM_SYSRULES_dynamicLink"(
                          saveInto: a!save(local!selectedDoctor, fv!item.doctorID)
                        ),
                        contents: {
                          #"SYSTEM_SYSRULES_imageField_v1"(
                            style: "AVATAR",
                            align: "CENTER",
                            images: #"SYSTEM_SYSRULES_documentImage"(
                              document: #"_a-0000e530-51df-8000-9bb2-011c48011c48_2069115"[fv!item.doctorID]
                            )
                          ),
                          #"SYSTEM_SYSRULES_richTextDisplayField"(
                            align: "CENTER",
                            value: #"SYSTEM_SYSRULES_richTextItem_v1"(
                              text: concat(
                                fv!item.doctorLastName,
                                ", ",
                                fv!item.doctorFirstName
                              ),
                              size: "MEDIUM"
                            )
                          ),
                          /*a!richTextDisplayField(align:"LEFT",*/
                          /*value:concat("Age : ",*/
                          /*fv!item.Age*/
                          /*)*/
                          /*)*/
                          
                        }
                      )
                    }
                  )
                )
              }
            )
          },
          showWhen: or(local!activeStep = { 3 })
        ),
        #"SYSTEM_SYSRULES_sectionLayout_v1"(
          contents: {
            a!localVariables(
              local!date: a!refreshVariable(
                value: local!patientData.nextconsultationdate,
                refreshOnReferencedVarChange: false()
              ),
              #"SYSTEM_SYSRULES_cardLayout"(
                showWhen: and(
                  not(
                    isnull(local!patientData.nextconsultationdate)
                  ),
                  local!date = local!patientData.nextconsultationdate
                ),
                contents: {
                  #"SYSTEM_SYSRULES_sideBySideLayout"(
                    items: {
                      #"SYSTEM_SYSRULES_sideBySideItem"(
                        item: #"SYSTEM_SYSRULES_richTextDisplayField"(
                          labelPosition: "COLLAPSED",
                          value: {
                            #"SYSTEM_SYSRULES_richTextIcon"(
                              icon: "exclamation-circle",
                              color: "POSITIVE",
                              size: "MEDIUM"
                            )
                          }
                        ),
                        width: "MINIMIZE"
                      ),
                      #"SYSTEM_SYSRULES_sideBySideItem"(
                        /* Replace this rich text with your error message */
                        item: #"SYSTEM_SYSRULES_richTextDisplayField"(
                          labelPosition: "COLLAPSED",
                          value: {
                            #"SYSTEM_SYSRULES_richTextItem_v1"(
                              text:{#"_a-0000e45f-fabf-8000-9ba2-011c48011c48_43932"("HMS_uiBookAppointment_AppointmentAlreadyScheduled_0504", local!languageBundle, null) },
                              style: "STRONG"
                            ),
                            " ",
                            "You have an appointment scheduled for " &amp; todate(local!date) &amp; " at " &amp; time(local!date) &amp; ". Proceed to reschedule."
                          }
                        )
                      )
                    },
                    alignVertical: "MIDDLE",
                    spacing: "STANDARD"
                  )
                },
                style: "INFO",
                marginBelow: "STANDARD",
                accessibilityText:#"_a-0000e45f-fabf-8000-9ba2-011c48011c48_43932"("HMS_uiBookAppointment_Errormessage_0519", local!languageBundle, null)
              )
            ),
            #"SYSTEM_SYSRULES_richTextDisplayField"(
              value: #"SYSTEM_SYSRULES_richTextItem_v1"(
                text: proper("Plan your appointment"),
                style: "STRONG",
                size: "MEDIUM_PLUS"
              )
            ),
            if(
              local!newPatient,
              #"SYSTEM_SYSRULES_richTextDisplayField"(
                value: #"SYSTEM_SYSRULES_richTextItem_v1"(
                  text:#"_a-0000e45f-fabf-8000-9ba2-011c48011c48_43932"("HMS_uiBookAppointment_Thisisyourfirstappointmentplea_0533", local!languageBundle, null)
                )
              ),
              #"SYSTEM_SYSRULES_richTextDisplayField"(
                value: {
                  #"SYSTEM_SYSRULES_richTextItem_v1"(
                    text: #"SYSTEM_SYSRULES_richTextItem_v1"(
                      text: "Your last appointment was on " &amp;
                      todate(local!patientData.lastconsultationdate)

                    )
                  )
                }
              )
            ),
            #"SYSTEM_SYSRULES_dateTimeField"(
              label:#"_a-0000e45f-fabf-8000-9ba2-011c48011c48_43932"("HMS_uiBookAppointment_ChooseaDateandTimeslot_0545", local!languageBundle, null),
              value: local!patientData.nextconsultationdate,
              saveInto: local!patientData.nextconsultationdate
            ),
            #"SYSTEM_SYSRULES_radioButtonField"(
              label:#"_a-0000e45f-fabf-8000-9ba2-011c48011c48_43932"("HMS_uiBookAppointment_AppointmentType_0550", local!languageBundle, null),
              choiceLabels:{#"_a-0000e45f-fabf-8000-9ba2-011c48011c48_43932"("HMS_uiBookAppointment_InPerson_0551", local!languageBundle, null),#"_a-0000e45f-fabf-8000-9ba2-011c48011c48_43932"("HMS_uiBookAppointment_Online_0551", local!languageBundle, null) },
              choiceValues: { true(), false() },
              choiceLayout: "COMPACT",
              value: local!patientData.inPerson,
              saveInto: local!patientData.inPerson
            )
          },
          showWhen: or(local!activeStep = { 4 })
        ),
        #"SYSTEM_SYSRULES_sectionLayout_v1"(
          showWhen: local!activeStep = length(local!steps),
          contents: {
            a!localVariables(
              local!selectedDoctor: cast(
                typeof(
                  'type!{urn:com:appian:types:hms}HMS_DoctorInfo'()
                ),
                index(
                  #"_a-0000e530-51df-8000-9bb2-011c48011c48_2069553"(doctorID: local!selectedDoctor),
                  "data",
                  NULL
                )
              ),
              if(
                isnull(local!selectedDoctor),
                {},
                #"SYSTEM_SYSRULES_columnsLayout"(
                  columns: {
                    #"SYSTEM_SYSRULES_columnLayout"(
                      contents: {
                        #"SYSTEM_SYSRULES_richTextDisplayField"(
                          value: #"SYSTEM_SYSRULES_richTextItem_v1"(
                            text: proper("Physician - "),
                            style: "STRONG",
                            size: "MEDIUM_PLUS"
                          )
                        ),
                        #"SYSTEM_SYSRULES_cardLayout"(
                          showBorder: false(),
                          contents: {
                            #"SYSTEM_SYSRULES_imageField_v1"(
                              style: "AVATAR",
                              align: "CENTER",
                              images: #"SYSTEM_SYSRULES_documentImage"(
                                document: #"_a-0000e530-51df-8000-9bb2-011c48011c48_2069115"[local!selectedDoctor.doctorID]
                              )
                            ),
                            #"SYSTEM_SYSRULES_richTextDisplayField"(
                              align: "CENTER",
                              value: #"SYSTEM_SYSRULES_richTextItem_v1"(
                                text: concat(
                                  local!selectedDoctor.doctorLastName,
                                  ", ",
                                  local!selectedDoctor.doctorFirstName
                                ),
                                size: "MEDIUM"
                              )
                            ),
                            /*a!richTextDisplayField(align:"LEFT",*/
                            /*value:concat("Age : ",*/
                            /*fv!item.Age*/
                            /*)*/
                            /*)*/
                            
                          }
                        ),
                        #"SYSTEM_SYSRULES_textField"(readOnly: true()),
                        #"SYSTEM_SYSRULES_richTextDisplayField"(
                          value: #"SYSTEM_SYSRULES_richTextItem_v1"(
                            text: proper("Scheduled On"),
                            style: "STRONG",
                            size: "MEDIUM_PLUS"
                          )
                        ),
                        #"SYSTEM_SYSRULES_dateTimeField"(
                          value: local!patientData.nextconsultationdate,
                          saveInto: local!patientData.nextconsultationdate,
                          readOnly: true()
                        ),
                        
                        #"SYSTEM_SYSRULES_richTextDisplayField"(
                          value: #"SYSTEM_SYSRULES_richTextItem_v1"(
                            text: proper("Hospital"),
                            style: "STRONG",
                            size: "MEDIUM_PLUS"
                          )
                        ),
                        if(
                          #"_a-0000e0f2-6b66-8000-9ba2-011c48011c48_627873"(local!selectedHospital),
                          {},
                          #"SYSTEM_SYSRULES_textField"(
                            readOnly: true,
                            value: local!selectedHospital
                          )
                        )
                      }
                    ),
                    #"SYSTEM_SYSRULES_columnLayout"(contents: {}),
                    #"SYSTEM_SYSRULES_columnLayout"(contents: {}),
                    #"SYSTEM_SYSRULES_columnLayout"(contents: {}),
                    #"SYSTEM_SYSRULES_columnLayout"(contents: {})
                  }
                )
              )
            )
          }
        )
      },
      {
        #"SYSTEM_SYSRULES_milestoneField"(
          steps: local!steps,
          links: #"SYSTEM_SYSRULES_forEach"(
            items: local!steps,
            expression: if(
              local!activeStep &lt;= fv!index,
              null,
              #"SYSTEM_SYSRULES_dynamicLink"(
                saveInto: a!save(local!activeStep, fv!index)
              )
            )
          ),
          active: local!activeStep
        ),
        #"SYSTEM_SYSRULES_sectionLayout_v1"(
          contents: {
            #"_a-0000e530-51df-8000-9bb2-011c48011c48_2067990"(
              mapMarkers: NULL,
              fitBounds: true(),
              selectedHospital: local!selectedHospital
            ),
            #"SYSTEM_SYSRULES_textField"(readOnly: true),
            if(
              #"_a-0000e0f2-6b66-8000-9ba2-011c48011c48_627873"(local!selectedHospital),
              {},
              #"SYSTEM_SYSRULES_textField"(
                readOnly: true,
                label:#"_a-0000e45f-fabf-8000-9ba2-011c48011c48_43932"("HMS_uiBookAppointment_SelectedHospital_0671", local!languageBundle, null),
                labelPosition: "ADJACENT",
                value: local!selectedHospital
              )
            )
          },
          showWhen: or(local!activeStep = { 1 })
        ),
        #"SYSTEM_SYSRULES_sectionLayout_v1"(
          contents: {
            if(
              not(#"b8ffe8b7-0dca-439a-867c-b8898b3db7ea"(local!primaryDoctor)),
              {
                #"SYSTEM_SYSRULES_richTextDisplayField"(
                  value: #"SYSTEM_SYSRULES_richTextItem_v1"(
                    text:#"_a-0000e45f-fabf-8000-9ba2-011c48011c48_43932"("HMS_uiBookAppointment_PrimaryPhysicians_0686", local!languageBundle, null),
                    style: "STRONG",
                    size: "MEDIUM_PLUS"
                  )
                ),
                #"SYSTEM_SYSRULES_columnsLayout"(
                  columns: {
                    #"SYSTEM_SYSRULES_forEach"(
                      local!primaryDoctor,
                      #"SYSTEM_SYSRULES_columnLayout"(
                        contents: {
                          #"SYSTEM_SYSRULES_cardLayout"(
                            showBorder: local!selectedDoctor = tointeger(fv!item.doctorID),
                            link: #"SYSTEM_SYSRULES_dynamicLink"(
                              saveInto: a!save(local!selectedDoctor, fv!item.doctorID)
                            ),
                            contents: {
                              #"SYSTEM_SYSRULES_imageField_v1"(
                                style: "AVATAR",
                                align: "CENTER",
                                images: #"SYSTEM_SYSRULES_documentImage"(
                                  document: #"_a-0000e530-51df-8000-9bb2-011c48011c48_2069115"[fv!item.doctorID]
                                )
                              ),
                              #"SYSTEM_SYSRULES_richTextDisplayField"(
                                align: "CENTER",
                                value: #"SYSTEM_SYSRULES_richTextItem_v1"(
                                  text: concat(
                                    fv!item.doctorLastName,
                                    ", ",
                                    fv!item.doctorFirstName
                                  ),
                                  size: "MEDIUM"
                                )
                              ),
                              /*a!richTextDisplayField(align:"LEFT",*/
                              /*value:concat("Age : ",*/
                              /*fv!item.Age*/
                              /*)*/
                              /*)*/
                              
                            }
                          )
                        }
                      )
                    )
                  }
                )
              },
              {}
            ),
            #"SYSTEM_SYSRULES_richTextDisplayField"(
              value: #"SYSTEM_SYSRULES_richTextItem_v1"(
                text: if(
                  #"b8ffe8b7-0dca-439a-867c-b8898b3db7ea"(local!primaryDoctor),
                  "Available Physicians",
                  "Alternate Physicians"
                ),
                style: "STRONG",
                size: "MEDIUM_PLUS"
              )
            ),
            #"SYSTEM_SYSRULES_columnsLayout"(
              columns: {
                #"SYSTEM_SYSRULES_forEach"(
                  local!alternateDoctorData,
                  #"SYSTEM_SYSRULES_columnLayout"(
                    contents: {
                      #"SYSTEM_SYSRULES_cardLayout"(
                        showBorder: local!selectedDoctor = tointeger(fv!item.doctorID),
                        link: #"SYSTEM_SYSRULES_dynamicLink"(
                          saveInto: a!save(local!selectedDoctor, fv!item.doctorID)
                        ),
                        contents: {
                          #"SYSTEM_SYSRULES_imageField_v1"(
                            style: "AVATAR",
                            align: "CENTER",
                            images: #"SYSTEM_SYSRULES_documentImage"(
                              document: #"_a-0000e530-51df-8000-9bb2-011c48011c48_2069115"[fv!item.doctorID]
                            )
                          ),
                          #"SYSTEM_SYSRULES_richTextDisplayField"(
                            align: "CENTER",
                            value: #"SYSTEM_SYSRULES_richTextItem_v1"(
                              text: concat(
                                fv!item.doctorLastName,
                                ", ",
                                fv!item.doctorFirstName
                              ),
                              size: "MEDIUM"
                            )
                          ),
                          /*a!richTextDisplayField(align:"LEFT",*/
                          /*value:concat("Age : ",*/
                          /*fv!item.Age*/
                          /*)*/
                          /*)*/
                          
                        }
                      )
                    }
                  )
                )
              }
            )
          },
          showWhen: or(local!activeStep = { 2 })
        ),
        #"SYSTEM_SYSRULES_sectionLayout_v1"(
          contents: {
            a!localVariables(
              local!date: a!refreshVariable(
                value: local!patientData.nextconsultationdate,
                refreshOnReferencedVarChange: false()
              ),
              #"SYSTEM_SYSRULES_cardLayout"(
                showWhen: and(
                  not(
                    isnull(local!patientData.nextconsultationdate)
                  ),
                  local!date = local!patientData.nextconsultationdate
                ),
                contents: {
                  #"SYSTEM_SYSRULES_sideBySideLayout"(
                    items: {
                      #"SYSTEM_SYSRULES_sideBySideItem"(
                        item: #"SYSTEM_SYSRULES_richTextDisplayField"(
                          labelPosition: "COLLAPSED",
                          value: {
                            #"SYSTEM_SYSRULES_richTextIcon"(
                              icon: "exclamation-circle",
                              color: "POSITIVE",
                              size: "MEDIUM"
                            )
                          }
                        ),
                        width: "MINIMIZE"
                      ),
                      #"SYSTEM_SYSRULES_sideBySideItem"(
                        /* Replace this rich text with your error message */
                        item: #"SYSTEM_SYSRULES_richTextDisplayField"(
                          labelPosition: "COLLAPSED",
                          value: {
                            #"SYSTEM_SYSRULES_richTextItem_v1"(
                              text:{#"_a-0000e45f-fabf-8000-9ba2-011c48011c48_43932"("HMS_uiBookAppointment_AppointmentAlreadyScheduled_0830", local!languageBundle, null) },
                              style: "STRONG"
                            ),
                            " ",
                            "You have an appointment scheduled for " &amp; todate(local!date) &amp; " at " &amp; time(local!date) &amp; ". Proceed to reschedule."
                          }
                        )
                      )
                    },
                    alignVertical: "MIDDLE",
                    spacing: "STANDARD"
                  )
                },
                style: "INFO",
                marginBelow: "STANDARD",
                accessibilityText:#"_a-0000e45f-fabf-8000-9ba2-011c48011c48_43932"("HMS_uiBookAppointment_Errormessage_0845", local!languageBundle, null)
              )
            ),
            #"SYSTEM_SYSRULES_richTextDisplayField"(
              value: #"SYSTEM_SYSRULES_richTextItem_v1"(
                text: proper("Plan your appointment"),
                style: "STRONG",
                size: "MEDIUM_PLUS"
              )
            ),
            if(
              local!newPatient,
              #"SYSTEM_SYSRULES_richTextDisplayField"(
                value: #"SYSTEM_SYSRULES_richTextItem_v1"(
                  text:#"_a-0000e45f-fabf-8000-9ba2-011c48011c48_43932"("HMS_uiBookAppointment_Thisisyourfirstappointmentplea_0859", local!languageBundle, null)
                )
              ),
              #"SYSTEM_SYSRULES_richTextDisplayField"(
                value: {
                  #"SYSTEM_SYSRULES_richTextItem_v1"(
                    text: "Your last appointment was on " &amp;
                      todate(local!patientData.lastconsultationdate)
                    
                  )
                }
              )
            ),
            #"SYSTEM_SYSRULES_dateTimeField"(
              label:#"_a-0000e45f-fabf-8000-9ba2-011c48011c48_43932"("HMS_uiBookAppointment_ChooseaDateandTimeslot_0871", local!languageBundle, null),
              value: local!patientData.nextconsultationdate,
              saveInto: local!patientData.nextconsultationdate
            ),
            #"SYSTEM_SYSRULES_radioButtonField"(
              label:#"_a-0000e45f-fabf-8000-9ba2-011c48011c48_43932"("HMS_uiBookAppointment_AppointmentType_0876", local!languageBundle, null),
              choiceLabels:{#"_a-0000e45f-fabf-8000-9ba2-011c48011c48_43932"("HMS_uiBookAppointment_InPerson_0877", local!languageBundle, null),#"_a-0000e45f-fabf-8000-9ba2-011c48011c48_43932"("HMS_uiBookAppointment_Online_0877", local!languageBundle, null) },
              choiceValues: { true(), false() },
              choiceLayout: "COMPACT",
              value: local!patientData.inPerson,
              saveInto: local!patientData.inPerson
            )
          },
          showWhen: or(local!activeStep = { 3 })
        ),
        #"SYSTEM_SYSRULES_sectionLayout_v1"(
          showWhen: local!activeStep = length(local!steps),
          contents: {
            a!localVariables(
              local!selectedDoctor: cast(
                typeof(
                  'type!{urn:com:appian:types:hms}HMS_DoctorInfo'()
                ),
                index(
                  #"_a-0000e530-51df-8000-9bb2-011c48011c48_2069553"(doctorID: local!selectedDoctor),
                  "data",
                  NULL
                )
              ),
              if(
                isnull(local!selectedDoctor),
                {},
                #"SYSTEM_SYSRULES_columnsLayout"(
                  columns: {
                    #"SYSTEM_SYSRULES_columnLayout"(
                      contents: {
                        #"SYSTEM_SYSRULES_richTextDisplayField"(
                          value: #"SYSTEM_SYSRULES_richTextItem_v1"(
                            text: proper("Physician"),
                            style: "STRONG",
                            size: "MEDIUM_PLUS"
                          )
                        ),
                        #"SYSTEM_SYSRULES_cardLayout"(
                          showBorder: false(),
                          contents: {
                            #"SYSTEM_SYSRULES_imageField_v1"(
                              style: "AVATAR",
                              align: "CENTER",
                              images: #"SYSTEM_SYSRULES_documentImage"(
                                document: #"_a-0000e530-51df-8000-9bb2-011c48011c48_2069115"[local!selectedDoctor.doctorID]
                              )
                            ),
                            #"SYSTEM_SYSRULES_richTextDisplayField"(
                              align: "CENTER",
                              value: #"SYSTEM_SYSRULES_richTextItem_v1"(
                                text: concat(
                                  local!selectedDoctor.doctorLastName,
                                  ", ",
                                  local!selectedDoctor.doctorFirstName
                                ),
                                size: "MEDIUM"
                              )
                            ),
                            /*a!richTextDisplayField(align:"LEFT",*/
                            /*value:concat("Age : ",*/
                            /*fv!item.Age*/
                            /*)*/
                            /*)*/
                            
                          }
                        ),
                        #"SYSTEM_SYSRULES_textField"(readOnly: true()),
                        #"SYSTEM_SYSRULES_richTextDisplayField"(
                          value: #"SYSTEM_SYSRULES_richTextItem_v1"(
                            text: proper("Scheduled On"),
                            style: "STRONG",
                            size: "MEDIUM_PLUS"
                          )
                        ),
                        #"SYSTEM_SYSRULES_dateTimeField"(
                          value: local!patientData.nextconsultationdate,
                          saveInto: local!patientData.nextconsultationdate,
                          readOnly: true()
                        ),
                        #"SYSTEM_SYSRULES_richTextDisplayField"(
                          value: #"SYSTEM_SYSRULES_richTextItem_v1"(
                            text: proper("Hospital"),
                            style: "STRONG",
                            size: "MEDIUM_PLUS"
                          )
                        ),
                        if(
                          #"_a-0000e0f2-6b66-8000-9ba2-011c48011c48_627873"(local!selectedHospital),
                          {},
                          #"SYSTEM_SYSRULES_textField"(
                            readOnly: true,
                            value: local!selectedHospital
                          )
                        )
                      }
                    ),
                    #"SYSTEM_SYSRULES_columnLayout"(contents: {}),
                    #"SYSTEM_SYSRULES_columnLayout"(contents: {}),
                    #"SYSTEM_SYSRULES_columnLayout"(contents: {})
                  }
                )
              )
            )
          }
        )
      }
    )},
    buttons: #"SYSTEM_SYSRULES_ButtonLayout"(
      primaryButtons: {
        #"SYSTEM_SYSRULES_ButtonWidget"(
          label:#"_a-0000e45f-fabf-8000-9ba2-011c48011c48_43932"("HMS_uiBookAppointment_Done_0987", local!languageBundle, null),
          submit: true,
          saveInto: {
            a!save(ri!HMS_PatientInfo, local!patientData),
            a!save(
              ri!HMS_PatientInfo.nextConsultationDoctor,
              local!selectedDoctor
            ),
            a!save(
              ri!HMS_PatientInfo.hospitalName,
              local!selectedHospital
            )
          },
          style: "PRIMARY",
          showWhen: local!activeStep = length(local!steps)
        ),
        #"SYSTEM_SYSRULES_ButtonWidget"(
          label:#"_a-0000e45f-fabf-8000-9ba2-011c48011c48_43932"("HMS_uiBookAppointment_Next_1004", local!languageBundle, null),
          value: local!activeStep + 1,
          saveInto: { local!activeStep },
          style: "PRIMARY",
          showWhen: local!activeStep &lt;&gt; length(local!steps),
          validate: true
        )
      },
      secondaryButtons: {
        #"SYSTEM_SYSRULES_ButtonWidget"(
          label:#"_a-0000e45f-fabf-8000-9ba2-011c48011c48_43932"("HMS_uiBookAppointment_GoBack_1014", local!languageBundle, null),
          value: local!activeStep - 1,
          saveInto: local!activeStep,
          showWhen: local!activeStep &gt; 1
        ),
        #"SYSTEM_SYSRULES_ButtonWidget"(
          label:#"_a-0000e45f-fabf-8000-9ba2-011c48011c48_43932"("HMS_uiBookAppointment_Cancel_1020", local!languageBundle, null),
          value: true,
          saveInto: ri!cancel,
          submit: true,
          style: "LINK",
          validate: false
        )
      }
    )
  )
)
)</definition>
        <namedTypedValue>
            <name>cancel</name>
            <type>
                <name>boolean</name>
                <namespace>http://www.w3.org/2001/XMLSchema</namespace>
            </type>
        </namedTypedValue>
        <namedTypedValue>
            <name>HMS_PatientInfo</name>
            <type>
                <name>HMS_PatientInfo</name>
                <namespace>urn:com:appian:types:hms</namespace>
            </type>
        </namedTypedValue>
        <preferredEditor>interface</preferredEditor>
        <offlineEnabled>false</offlineEnabled>
    </rule>
    <roleMap public="true">
        <role inherit="true" allowForAll="false" name="readers">
            <users/>
            <groups/>
        </role>
        <role inherit="true" allowForAll="false" name="authors">
            <users/>
            <groups/>
        </role>
        <role inherit="true" allowForAll="false" name="administrators">
            <users/>
            <groups/>
        </role>
        <role inherit="false" allowForAll="false" name="denyReaders">
            <users/>
            <groups/>
        </role>
        <role inherit="false" allowForAll="false" name="denyAuthors">
            <users/>
            <groups/>
        </role>
        <role inherit="false" allowForAll="false" name="denyAdministrators">
            <users/>
            <groups/>
        </role>
    </roleMap>
    <history>
        <historyInfo versionUuid="_a-0000e530-51df-8000-9bb2-011c48011c48_2077479"/>
        <historyInfo versionUuid="_a-0000e530-51df-8000-9bb2-011c48011c48_2086772"/>
    </history>
</contentHaul>
