<?xml version="1.0" encoding="UTF-8" standalone="yes"?>
<contentHaul xmlns:a="http://www.appian.com/ae/types/2009">
    <versionUuid>_a-0000e530-51df-8000-9bb2-011c48011c48_2077383</versionUuid>
    <rule>
        <name>HMS_uiPatientsSelfDiagnosisPage</name>
        <uuid>_a-0000e530-51df-8000-9bb2-011c48011c48_2064987</uuid>
        <description>Interface to provide details to the patient to perform self diagnosis</description>
        <parentUuid>_a-0000e50e-6062-8000-9bb0-011c48011c48_2058716</parentUuid>
        <visibility>
            <advertise>false</advertise>
            <hierarchy>true</hierarchy>
            <indexable>true</indexable>
            <quota>false</quota>
            <searchable>true</searchable>
            <system>false</system>
            <unlogged>false</unlogged>
        </visibility>
        <definition>a!localVariables(
/*
This translation was made by the Translation Application. 
@Author: Alejandro Rueda
@Version: 4.1.1
*/
/* Using user's locale language */
local!languageBundle: #"_a-0000e45f-fabf-8000-9ba2-011c48011c48_43945"("HMS APP", null),
if(
  isusermemberofgroup(loggedInUser(),#"_a-0000e530-51df-8000-9bb2-011c48011c48_2068064"),
  a!localVariables(
    local!header:"At the end of your monthly period, practice this breast self-exam.
If you no longer have periods or your period is irregular, choose a
specific day each month. This should not be performed in the shower
or with lotion on your skin or fingers.",
    {
      #"SYSTEM_SYSRULES_boxLayout"(style:#"_a-0000e530-51df-8000-9bb2-011c48011c48_2065001"[5],
        label:#"_a-0000e45f-fabf-8000-9ba2-011c48011c48_43932"("HMS_uiPatientsSelfDiagnosisPage_BreastSelfExam_0027", local!languageBundle, null),
        contents: {
          #"SYSTEM_SYSRULES_paragraphField"(
            label: "",
            labelPosition: "ABOVE",
            value: local!header,
            saveInto: {},
            refreshAfter: "UNFOCUS",
            readOnly: true(),
            validations: {}
          ),
      #"SYSTEM_SYSRULES_columnsLayout"(
        columns: {
          #"SYSTEM_SYSRULES_columnLayout"(
            contents: {
              #"SYSTEM_SYSRULES_richTextDisplayField"(
                label:#"_a-0000e45f-fabf-8000-9ba2-011c48011c48_43932"("HMS_uiPatientsSelfDiagnosisPage_RichText_0043", local!languageBundle, null),
                labelPosition: "COLLAPSED",
                value: {
                  #"SYSTEM_SYSRULES_richTextHeader"(
                    text: {
                      "Step 1:  TOUCH"
                    }
                  )
                },
                align: "CENTER"
              ),
              #"SYSTEM_SYSRULES_columnsLayout"(
                columns: {
                  #"SYSTEM_SYSRULES_columnLayout"(
                    contents: {
                      #"SYSTEM_SYSRULES_cardLayout"(
                        contents: {
                          #"SYSTEM_SYSRULES_imageField_v1"(
                            label: "",
                            labelPosition: "ABOVE",
                            images: {
                              #"SYSTEM_SYSRULES_documentImage"(
                                document: #"_a-0000e530-51df-8000-9bb2-011c48011c48_2065534"[1]
                              )
                            },
                            size: "MEDIUM",
                            isThumbnail: false,
                            style: "STANDARD"
                          )
                        },
                        height: "AUTO",
                        style: "#fae3eb",
                        marginBelow: "STANDARD"
                      )
                    }
                  ),
                  #"SYSTEM_SYSRULES_columnLayout"(
                    contents: {
                      #"SYSTEM_SYSRULES_richTextDisplayField"(
                        label:#"_a-0000e45f-fabf-8000-9ba2-011c48011c48_43932"("HMS_uiPatientsSelfDiagnosisPage_RichText_0083", local!languageBundle, null),
                        labelPosition: "COLLAPSED",
                        value: {
                          #"SYSTEM_SYSRULES_richTextItem_v1"(
                            text: {
                              "Check the OUTER HALF of your right breast."
                            },
                            style: {
                              "STRONG"
                            }
                          ),
                          " ",
                          char(10),
                          #"SYSTEM_SYSRULES_richTextItem_v1"(
                            text: {
                              "Lie down and roll on to your left side to examine your right breast. Place your right hand, palm up on your forehead. Your breast should lie as flat on your chest as possible. It may be easier and more comfortable if you put a pillow behind your shoulder or back."
                            },
                            size: "SMALL"
                          )
                        }
                      )
                    }
                  )
                }
              ),
              #"SYSTEM_SYSRULES_columnsLayout"(
                columns: {
                  #"SYSTEM_SYSRULES_columnLayout"(
                    contents: {
                      #"SYSTEM_SYSRULES_cardLayout"(
                        contents: {
                          #"SYSTEM_SYSRULES_imageField_v1"(
                            label: "",
                            labelPosition: "ABOVE",
                            images: {
                              #"SYSTEM_SYSRULES_documentImage"(
                                document: #"_a-0000e530-51df-8000-9bb2-011c48011c48_2065534"[2]
                              )
                            },
                            size: "MEDIUM",
                            isThumbnail: false,
                            style: "STANDARD"
                          )
                        },
                        height: "AUTO",
                        style: "#fae3eb",
                        marginBelow: "STANDARD"
                      )
                    }
                  ),
                  #"SYSTEM_SYSRULES_columnLayout"(
                    contents: {
                      #"SYSTEM_SYSRULES_richTextDisplayField"(
                        label:#"_a-0000e45f-fabf-8000-9ba2-011c48011c48_43932"("HMS_uiPatientsSelfDiagnosisPage_RichText_0137", local!languageBundle, null),
                        labelPosition: "COLLAPSED",
                        value: {
                          #"SYSTEM_SYSRULES_richTextItem_v1"(
                            text: {
                              "Using the flat pads of your three middle fingers- not the tips- move the pads of your fingers in little circles, about the size of a dime."
                            },
                            style: {
                              "STRONG"
                            }
                          ),
                          " ",
                          char(10),
                          #"SYSTEM_SYSRULES_richTextItem_v1"(
                            text: {
                              "For each little circle, change the amount of pressure so you can feel ALL levels of your breast tissue. Make each circle three times- once light, once medium, and once deep- before you move on to the next area."
                            },
                            size: "SMALL"
                          )
                        }
                      )
                    }
                  )
                }
              ),
              #"SYSTEM_SYSRULES_columnsLayout"(
                columns: {
                  #"SYSTEM_SYSRULES_columnLayout"(
                    contents: {
                      #"SYSTEM_SYSRULES_cardLayout"(
                        contents: {
                          #"SYSTEM_SYSRULES_imageField_v1"(
                            label: "",
                            labelPosition: "ABOVE",
                            images: {
                              #"SYSTEM_SYSRULES_documentImage"(
                                document: #"_a-0000e530-51df-8000-9bb2-011c48011c48_2065534"[3]
                              )
                            },
                            size: "MEDIUM",
                            isThumbnail: false,
                            style: "STANDARD"
                          )
                        },
                        height: "AUTO",
                        style: "#fae3eb",
                        marginBelow: "STANDARD"
                      )
                    }
                  ),
                  #"SYSTEM_SYSRULES_columnLayout"(
                    contents: {
                      #"SYSTEM_SYSRULES_richTextDisplayField"(
                        label:#"_a-0000e45f-fabf-8000-9ba2-011c48011c48_43932"("HMS_uiPatientsSelfDiagnosisPage_RichText_0191", local!languageBundle, null),
                        labelPosition: "COLLAPSED",
                        value: {
                          #"SYSTEM_SYSRULES_richTextItem_v1"(
                            text: {
                              "Start the circles in your armpit and move down to just below the bra line."
                            },
                            style: {
                              "STRONG"
                            }
                          ),
                          " ",
                          char(10),
                          #"SYSTEM_SYSRULES_richTextItem_v1"(
                            text: {
                              "Then slide your fingers over- just the width of one finger and move up again. Don’t lift your fingers from your breast as you move them to make sure you feel the entire area. Continue this up-and down vertical strip pattern - from your collarbone to just below your bra line- until you reach the nipple."
                            },
                            size: "SMALL"
                          )
                        }
                      )
                    }
                  )
                }
              ),
              #"SYSTEM_SYSRULES_columnsLayout"(
                columns: {
                  #"SYSTEM_SYSRULES_columnLayout"(
                    contents: {
                      #"SYSTEM_SYSRULES_cardLayout"(
                        contents: {
                          #"SYSTEM_SYSRULES_imageField_v1"(
                            label: "",
                            labelPosition: "ABOVE",
                            images: {
                              #"SYSTEM_SYSRULES_documentImage"(
                                document: #"_a-0000e530-51df-8000-9bb2-011c48011c48_2065534"[4]
                              )
                            },
                            size: "MEDIUM",
                            isThumbnail: false,
                            style: "STANDARD"
                          )
                        },
                        height: "AUTO",
                        style: "#fae3eb",
                        marginBelow: "STANDARD"
                      )
                    }
                  ),
                  #"SYSTEM_SYSRULES_columnLayout"(
                    contents: {
                      #"SYSTEM_SYSRULES_richTextDisplayField"(
                        label:#"_a-0000e45f-fabf-8000-9ba2-011c48011c48_43932"("HMS_uiPatientsSelfDiagnosisPage_RichText_0245", local!languageBundle, null),
                        labelPosition: "COLLAPSED",
                        value: {
                          " ",
                          #"SYSTEM_SYSRULES_richTextItem_v1"(
                            text: {
                              "Check the INNER HALF of your right breast. "
                            },
                            style: {
                              "STRONG"
                            }
                          ),
                          char(10),
                          #"SYSTEM_SYSRULES_richTextItem_v1"(
                            text: {
                              "When you reach the nipple, remove pillow, roll on to your back, remove your hand from your forehead and place this arm at a right angle (see drawing). Carefully check the nipple area using the same circular pressures as before, without squeezing. Then examine the remaining breast tissue using the up-and-down vertical strip pattern, until you reach the middle of your chest."
                            },
                            size: "SMALL"
                          )
                        }
                      )
                    }
                  )
                }
              ),
              #"SYSTEM_SYSRULES_columnsLayout"(
                columns: {
                  #"SYSTEM_SYSRULES_columnLayout"(
                    contents: {
                      #"SYSTEM_SYSRULES_richTextDisplayField"(
                        label:#"_a-0000e45f-fabf-8000-9ba2-011c48011c48_43932"("HMS_uiPatientsSelfDiagnosisPage_RichText_0275", local!languageBundle, null),
                        labelPosition: "COLLAPSED",
                        value: {
                          #"SYSTEM_SYSRULES_richTextItem_v1"(
                            text: {
                              "Roll on to your right side and switch hands to check your left breast."
                            },
                            style: {
                              "STRONG"
                            }
                          )
                        }
                      )
                    }
                  )
                }
              )
            }
          ),
          #"SYSTEM_SYSRULES_columnLayout"(
            contents: {
              #"SYSTEM_SYSRULES_richTextDisplayField"(
                label:#"_a-0000e45f-fabf-8000-9ba2-011c48011c48_43932"("HMS_uiPatientsSelfDiagnosisPage_RichText_0297", local!languageBundle, null),
                labelPosition: "COLLAPSED",
                value: {
                  #"SYSTEM_SYSRULES_richTextHeader"(
                    text: {
                      "Step 2:  LOOK"
                    }
                  )
                },
                align: "CENTER"
              ),
              #"SYSTEM_SYSRULES_columnsLayout"(
                columns: {
                  #"SYSTEM_SYSRULES_columnLayout"(
                    contents: {
                      #"SYSTEM_SYSRULES_cardLayout"(
                        contents: {
                          #"SYSTEM_SYSRULES_imageField_v1"(
                            label: "",
                            labelPosition: "ABOVE",
                            images: {
                              #"SYSTEM_SYSRULES_documentImage"(
                                document: #"_a-0000e530-51df-8000-9bb2-011c48011c48_2065534"[5]
                              )
                            },
                            size: "MEDIUM",
                            isThumbnail: false,
                            style: "STANDARD"
                          )
                        },
                        height: "AUTO",
                        style: "#fae3eb",
                        marginBelow: "STANDARD"
                      )
                    }
                  ),
                  #"SYSTEM_SYSRULES_columnLayout"(
                    contents: {
                      #"SYSTEM_SYSRULES_richTextDisplayField"(
                        label:#"_a-0000e45f-fabf-8000-9ba2-011c48011c48_43932"("HMS_uiPatientsSelfDiagnosisPage_RichText_0337", local!languageBundle, null),
                        labelPosition: "COLLAPSED",
                        value: {
                          #"SYSTEM_SYSRULES_richTextItem_v1"(
                            text: {
                              "Stand in front of a mirror and look closely at your breasts in three positions:"
                            },
                            size: "SMALL"
                          ),
                          " ",
                          char(10),
                          #"SYSTEM_SYSRULES_richTextItem_v1"(
                            text: {
                              "1 ) Arms at your side "
                            },
                            style: {
                              "STRONG"
                            }
                          ),
                          char(10),
                          #"SYSTEM_SYSRULES_richTextItem_v1"(
                            text: {
                              "2 ) Arms raised above your head bending forward "
                            },
                            style: {
                              "STRONG"
                            }
                          ),
                          char(10),
                          #"SYSTEM_SYSRULES_richTextItem_v1"(
                            text: {
                              "3 ) Place hands on your hips and hunch over"
                            },
                            style: {
                              "STRONG"
                            }
                          ),
                          " ",
                          char(10),
                          #"SYSTEM_SYSRULES_richTextItem_v1"(
                            text: {
                              "All three of these steps need to be viewed from the right and left as well as facing forward."
                            },
                            size: "SMALL"
                          )
                        }
                      )
                    }
                  )
                }
              ),
              #"SYSTEM_SYSRULES_columnsLayout"(
                columns: {
                  #"SYSTEM_SYSRULES_columnLayout"(
                    contents: {
                      #"SYSTEM_SYSRULES_cardLayout"(
                        contents: {
                          #"SYSTEM_SYSRULES_imageField_v1"(
                            label: "",
                            labelPosition: "ABOVE",
                            images: {
                              #"SYSTEM_SYSRULES_documentImage"(
                                document: #"_a-0000e530-51df-8000-9bb2-011c48011c48_2065534"[6]
                              )
                            },
                            size: "MEDIUM",
                            isThumbnail: false,
                            style: "STANDARD"
                          )
                        },
                        height: "AUTO",
                        style: "#fae3eb",
                        marginBelow: "STANDARD"
                      )
                    }
                  ),
                  #"SYSTEM_SYSRULES_columnLayout"(
                    contents: {
                      #"SYSTEM_SYSRULES_richTextDisplayField"(
                        label:#"_a-0000e45f-fabf-8000-9ba2-011c48011c48_43932"("HMS_uiPatientsSelfDiagnosisPage_RichText_0417", local!languageBundle, null),
                        labelPosition: "COLLAPSED",
                        value: {
                          "Check for changes in the following:",
                          char(10),
                          " • ",
                          #"SYSTEM_SYSRULES_richTextItem_v1"(
                            text: {
                              "Shape"
                            },
                            style: {
                              "STRONG"
                            }
                          ),
                          ": ",
                          #"SYSTEM_SYSRULES_richTextItem_v1"(
                            text: {
                              "Compare one to the other. One breast may normally be larger than the other, but sudden changes in size should not occur."
                            },
                            size: "SMALL"
                          ),
                          " ",
                          char(10),
                          "• ",
                          #"SYSTEM_SYSRULES_richTextItem_v1"(
                            text: {
                              "Skin"
                            },
                            style: {
                              "STRONG"
                            }
                          ),
                          ": ",
                          #"SYSTEM_SYSRULES_richTextItem_v1"(
                            text: {
                              "Check for rash, redness, puckering, dimpling, or orange-peel-textured appearance."
                            },
                            size: "SMALL"
                          ),
                          " ",
                          char(10),
                          "• ",
                          #"SYSTEM_SYSRULES_richTextItem_v1"(
                            text: {
                              "Nipples"
                            },
                            style: {
                              "STRONG"
                            }
                          ),
                          ": ",
                          #"SYSTEM_SYSRULES_richTextItem_v1"(
                            text: {
                              "Check for any physical changes such as a sudden inversion, scaliness, redness, itching, swelling, or discharge."
                            },
                            size: "SMALL"
                          ),
                          " ",
                          char(10),
                          "• ",
                          #"SYSTEM_SYSRULES_richTextItem_v1"(
                            text: {
                              "Vein patterns"
                            },
                            style: {
                              "STRONG"
                            }
                          ),
                          ": ",
                          #"SYSTEM_SYSRULES_richTextItem_v1"(
                            text: {
                              "Look for a noticeable increase in size or number of veins compared to the other breast."
                            },
                            size: "SMALL"
                          )
                        }
                      )
                    }
                  )
                }
              ),
              #"SYSTEM_SYSRULES_columnsLayout"(
                columns: {
                  #"SYSTEM_SYSRULES_columnLayout"(
                    contents: {
                      #"SYSTEM_SYSRULES_cardLayout"(
                        contents: {
                          #"SYSTEM_SYSRULES_imageField_v1"(
                            label: "",
                            labelPosition: "ABOVE",
                            images: {
                              #"SYSTEM_SYSRULES_documentImage"(
                                document: #"_a-0000e530-51df-8000-9bb2-011c48011c48_2065534"[7]
                              )
                            },
                            size: "MEDIUM",
                            isThumbnail: false,
                            style: "STANDARD"
                          )
                        },
                        height: "AUTO",
                        style: "#fae3eb",
                        marginBelow: "STANDARD"
                      )
                    }
                  ),
                  #"SYSTEM_SYSRULES_columnLayout"(
                    contents: {
                      #"SYSTEM_SYSRULES_richTextDisplayField"(
                        label:#"_a-0000e45f-fabf-8000-9ba2-011c48011c48_43932"("HMS_uiPatientsSelfDiagnosisPage_RichText_0527", local!languageBundle, null),
                        labelPosition: "COLLAPSED",
                        value: {
                          #"SYSTEM_SYSRULES_richTextItem_v1"(
                            text: {
                              "Repeat this exam every month- even if you’re pregnant-to become more familiar with how your breasts normally look and feel"
                            },
                            style: {
                              "STRONG"
                            }
                          ),
                          ". ",
                          char(10),
                          "If you find a lump or notice other unusual changes: ",
                          #"SYSTEM_SYSRULES_richTextItem_v1"(
                            text: {
                              "Don’t panic"
                            },
                            style: {
                              "STRONG"
                            }
                          ),
                          ". ",
                          #"SYSTEM_SYSRULES_richTextItem_v1"(
                            text: {
                              "About 80% of lumps found are not cancerous"
                            },
                            style: {
                              "STRONG"
                            }
                          ),
                          ". See you doctor promptly for further evaluation."
                        }
                      )
                    }
                  )
                }
              )
            }
          )
        }
      )
      })
    }
  ),
  {}
)
)</definition>
        <preferredEditor>interface</preferredEditor>
        <offlineEnabled>false</offlineEnabled>
    </rule>
    <roleMap public="true">
        <role inherit="true" allowForAll="false" name="readers">
            <users/>
            <groups/>
        </role>
        <role inherit="true" allowForAll="false" name="authors">
            <users/>
            <groups/>
        </role>
        <role inherit="true" allowForAll="false" name="administrators">
            <users/>
            <groups/>
        </role>
        <role inherit="false" allowForAll="false" name="denyReaders">
            <users/>
            <groups/>
        </role>
        <role inherit="false" allowForAll="false" name="denyAuthors">
            <users/>
            <groups/>
        </role>
        <role inherit="false" allowForAll="false" name="denyAdministrators">
            <users/>
            <groups/>
        </role>
    </roleMap>
    <history>
        <historyInfo versionUuid="_a-0000e530-51df-8000-9bb2-011c48011c48_2077382"/>
        <historyInfo versionUuid="_a-0000e530-51df-8000-9bb2-011c48011c48_2077383"/>
    </history>
</contentHaul>
