<?xml version="1.0" encoding="UTF-8" standalone="yes"?>
<contentHaul xmlns:a="http://www.appian.com/ae/types/2009">
    <versionUuid>_a-0000e530-51df-8000-9bb2-011c48011c48_2084530</versionUuid>
    <rule>
        <name>HMS_uiConsultations</name>
        <uuid>_a-0000e530-51df-8000-9bb2-011c48011c48_2077557</uuid>
        <description></description>
        <parentUuid>_a-0000e50e-6062-8000-9bb0-011c48011c48_2058716</parentUuid>
        <visibility>
            <advertise>false</advertise>
            <hierarchy>true</hierarchy>
            <indexable>true</indexable>
            <quota>false</quota>
            <searchable>true</searchable>
            <system>false</system>
            <unlogged>false</unlogged>
        </visibility>
        <definition>a!localVariables(

local!languageBundle: #"_a-0000e45f-fabf-8000-9ba2-011c48011c48_43945"("HMS APP", null),
{#"_a-0000e530-51df-8000-9bb2-011c48011c48_2077206"(label:#"_a-0000e45f-fabf-8000-9ba2-011c48011c48_43932"("HMS_uiConsultations_Consultations_0018", local!languageBundle, null),icon:"calendar-o"),

#"SYSTEM_SYSRULES_columnsLayout"(columns:{
  
  #"SYSTEM_SYSRULES_columnLayout"(contents:{ 
   
    /*a!boxLayout(*/
  /*label:rule!LA_SimpleTranslation("HMS_uiConsultations_PastConsultations_0023", local!languageBundle, null),*/
  /*contents: {*/
    #"_a-0000e530-51df-8000-9bb2-011c48011c48_2069987"()
  /*},*/
  /*style: cons!HMS_PINK_SCHEME[5],isCollapsible: true)*/
  })
  /*a!columnLayout(contents:{rule!HMS_uiCommunityCalendar(),})*/
})
}
)</definition>
        <preferredEditor>interface</preferredEditor>
        <offlineEnabled>false</offlineEnabled>
    </rule>
    <roleMap public="true">
        <role inherit="true" allowForAll="false" name="readers">
            <users/>
            <groups/>
        </role>
        <role inherit="true" allowForAll="false" name="authors">
            <users/>
            <groups/>
        </role>
        <role inherit="true" allowForAll="false" name="administrators">
            <users/>
            <groups/>
        </role>
        <role inherit="false" allowForAll="false" name="denyReaders">
            <users/>
            <groups/>
        </role>
        <role inherit="false" allowForAll="false" name="denyAuthors">
            <users/>
            <groups/>
        </role>
        <role inherit="false" allowForAll="false" name="denyAdministrators">
            <users/>
            <groups/>
        </role>
    </roleMap>
    <history>
        <historyInfo versionUuid="_a-0000e530-51df-8000-9bb2-011c48011c48_2077568"/>
        <historyInfo versionUuid="_a-0000e530-51df-8000-9bb2-011c48011c48_2084530"/>
    </history>
</contentHaul>
