<?xml version="1.0" encoding="UTF-8" standalone="yes"?>
<contentHaul xmlns:a="http://www.appian.com/ae/types/2009">
    <versionUuid>_a-0000e530-51df-8000-9bb2-011c48011c48_2075238</versionUuid>
    <rule>
        <name>HMS_appointmentNotification</name>
        <uuid>_a-0000e530-51df-8000-9bb2-011c48011c48_2070587</uuid>
        <description>Interface to intimate the concerned doctor about the appointment</description>
        <parentUuid>_a-0000e50e-6062-8000-9bb0-011c48011c48_2058716</parentUuid>
        <visibility>
            <advertise>false</advertise>
            <hierarchy>true</hierarchy>
            <indexable>true</indexable>
            <quota>false</quota>
            <searchable>true</searchable>
            <system>false</system>
            <unlogged>false</unlogged>
        </visibility>
        <definition>a!localVariables(
/*
This translation was made by the Translation Application. 
@Author: Alejandro Rueda
@Version: 4.1.1
*/
/* Using user's locale language */
local!languageBundle: #"_a-0000e45f-fabf-8000-9ba2-011c48011c48_43945"("HMS APP", null),
a!localVariables(
  local!startTime:null,
  local!endTime:null,
  local!isReschedule:false,local!meetingType:null,
  #"SYSTEM_SYSRULES_formLayout_v1"(
  label:#"_a-0000e45f-fabf-8000-9ba2-011c48011c48_43932"("HMS_appointmentNotification_AppointmentRequest_0023", local!languageBundle, null),
  contents: {
    #"SYSTEM_SYSRULES_richTextDisplayField"(
      labelPosition: "COLLAPSED",
      value: {
        #"SYSTEM_SYSRULES_richTextItem_v1"(
          text:#"_a-0000e45f-fabf-8000-9ba2-011c48011c48_43932"("HMS_appointmentNotification_Dr_0029", local!languageBundle,{})&amp; user(loggedInUser(), "firstName"),
          size: "MEDIUM"
        ),
        ", ",
        char(10),
        char(10),
        #"SYSTEM_SYSRULES_richTextItem_v1"(
          text: {
            "An appointment request has been made by a patient, please review and take action. "
          },
          size: "MEDIUM"
        ),
        
      },
      align: "LEFT"
    ),
    #"SYSTEM_SYSRULES_textField"(readOnly: true()),
    #"SYSTEM_SYSRULES_sectionLayout_v1"(
      contents: {
        #"SYSTEM_SYSRULES_columnsLayout"(
          columns:{
            #"SYSTEM_SYSRULES_columnLayout"(
              contents:{
                #"SYSTEM_SYSRULES_textField"(
                  label:#"_a-0000e45f-fabf-8000-9ba2-011c48011c48_43932"("HMS_appointmentNotification_PatientName_0053", local!languageBundle, null),
                  labelPosition: "ADJACENT",
                  value: ri!patientInfo.patientFirstName &amp; " " &amp; ri!patientInfo.patientLastName,
                  readOnly: true()
                ),
                #"SYSTEM_SYSRULES_textField"(
                  label:#"_a-0000e45f-fabf-8000-9ba2-011c48011c48_43932"("HMS_appointmentNotification_ScheduledOn_0060", local!languageBundle, null),
                  labelPosition: "ADJACENT",
                  value: todate(ri!patientInfo.nextconsultationdate) &amp; " " &amp; totime(ri!patientInfo.nextconsultationdate),
                  readOnly: true()
                ),
                #"SYSTEM_SYSRULES_textField"(
                  label:#"_a-0000e45f-fabf-8000-9ba2-011c48011c48_43932"("HMS_appointmentNotification_ContactNumber_0066", local!languageBundle, null),
                  labelPosition: "ADJACENT",
                  value: ri!patientInfo.patientContactNumber,
                  readOnly: true()
                ),
                #"SYSTEM_SYSRULES_textField"(
                  label:#"_a-0000e45f-fabf-8000-9ba2-011c48011c48_43932"("HMS_appointmentNotification_EmailAddress_0072", local!languageBundle, null),
                  labelPosition: "ADJACENT",
                  value: ri!patientInfo.patientEmailId,
                  readOnly: true()
                )
              }
            ),
            #"SYSTEM_SYSRULES_columnLayout"(showWhen: local!isReschedule,
              contents:{
                #"SYSTEM_SYSRULES_boxLayout"(style:"ACCENT",
                  label:#"_a-0000e45f-fabf-8000-9ba2-011c48011c48_43932"("HMS_appointmentNotification_Reschedule_0082", local!languageBundle, null),
                  contents:{
                #"SYSTEM_SYSRULES_dateTimeField"(
                  label:#"_a-0000e45f-fabf-8000-9ba2-011c48011c48_43932"("HMS_appointmentNotification_From_0085", local!languageBundle, null),value:local!startTime,saveInto: local!startTime
                ),
                #"SYSTEM_SYSRULES_dateTimeField"(
                  label:#"_a-0000e45f-fabf-8000-9ba2-011c48011c48_43932"("HMS_appointmentNotification_To_0088", local!languageBundle, null),value:local!endTime,saveInto: local!endTime
                ),
                #"SYSTEM_SYSRULES_dropdownField_v1"(
                  placeholder:#"_a-0000e45f-fabf-8000-9ba2-011c48011c48_43932"("HMS_appointmentNotification_Choosetypeofmeeting_0091", local!languageBundle, null) &amp;" ",
                  choiceLabels:{#"_a-0000e45f-fabf-8000-9ba2-011c48011c48_43932"("HMS_appointmentNotification_Online_0092", local!languageBundle, null),#"_a-0000e45f-fabf-8000-9ba2-011c48011c48_43932"("HMS_appointmentNotification_InPerson_0092", local!languageBundle, null)},
                  choiceValues: {"Online","In Person"},
                  value:local!meetingType,
                  saveInto: local!meetingType,
                )
              }
            )
          }
          )
          })
        
        
        
      }
    )
  },
  buttons: #"SYSTEM_SYSRULES_ButtonLayout"(
    primaryButtons: {
      
      #"SYSTEM_SYSRULES_ButtonWidget"(showWhen: not(local!isReschedule),
      label:#"_a-0000e45f-fabf-8000-9ba2-011c48011c48_43932"("HMS_appointmentNotification_RESCHEDULE_0112", local!languageBundle, null),
      saveInto: a!save(local!isReschedule,true),
      submit: true,
      style: "NORMAL",
      validate: false
      ),
      #"SYSTEM_SYSRULES_ButtonWidget"(
        label:#"_a-0000e45f-fabf-8000-9ba2-011c48011c48_43932"("HMS_appointmentNotification_Confirm_0119", local!languageBundle, null),
        submit: true,
        saveInto: a!save(ri!calendar,
        'type!{urn:com:appian:hms}HMS_CalendarEvent'(
          id:null,
          calendarID:1,
          startDatetime: if(local!isReschedule,local!startTime,todatetime(ri!patientInfo.nextconsultationdate)),
          endDatetime: if(local!isReschedule,local!endTime,todatetime(ri!patientInfo.nextconsultationdate)),
          location:local!meetingType,
          body:"General consultation requested by patient",
          attendees:concat(ri!patientInfo.patientFirstName," ",ri!patientInfo.patientLastName),
          doctorId: ri!patientInfo.primaryDoctorId,
          patientId: ri!patientInfo.patientId
        )),
        style: "PRIMARY"
      )
    },
    secondaryButtons: {
      
      #"SYSTEM_SYSRULES_ButtonWidget"(
        label:#"_a-0000e45f-fabf-8000-9ba2-011c48011c48_43932"("HMS_appointmentNotification_OnHold_0139", local!languageBundle, null),
        value: true,
        saveInto: ri!hold,
        submit: true,
        style: "NORMAL",
        validate: false
      ),
      
    }
  )
))
)</definition>
        <namedTypedValue>
            <name>hold</name>
            <type>
                <name>boolean</name>
                <namespace>http://www.w3.org/2001/XMLSchema</namespace>
            </type>
        </namedTypedValue>
        <namedTypedValue>
            <name>patientInfo</name>
            <type>
                <name>HMS_PatientInfo</name>
                <namespace>urn:com:appian:types:hms</namespace>
            </type>
        </namedTypedValue>
        <namedTypedValue>
            <name>calendar</name>
            <type>
                <name>HMS_CalendarEvent</name>
                <namespace>urn:com:appian:hms</namespace>
            </type>
        </namedTypedValue>
        <preferredEditor>interface</preferredEditor>
        <offlineEnabled>false</offlineEnabled>
    </rule>
    <roleMap public="true">
        <role inherit="true" allowForAll="false" name="readers">
            <users/>
            <groups/>
        </role>
        <role inherit="true" allowForAll="false" name="authors">
            <users/>
            <groups/>
        </role>
        <role inherit="true" allowForAll="false" name="administrators">
            <users/>
            <groups/>
        </role>
        <role inherit="false" allowForAll="false" name="denyReaders">
            <users/>
            <groups/>
        </role>
        <role inherit="false" allowForAll="false" name="denyAuthors">
            <users/>
            <groups/>
        </role>
        <role inherit="false" allowForAll="false" name="denyAdministrators">
            <users/>
            <groups/>
        </role>
    </roleMap>
    <typedValue>
        <type>
            <name>RuleTestConfig?list</name>
            <namespace>http://www.appian.com/ae/types/2009</namespace>
        </type>
        <value>
            <el>
                <a:name/>
                <a:ruleInputTestConfigs>
                    <a:value xmlns:xsd="http://www.w3.org/2001/XMLSchema" xmlns:xsi="http://www.w3.org/2001/XMLSchema-instance" xsi:nil="true" xsi:type="xsd:boolean"/>
                    <a:nameRef>hold</a:nameRef>
                    <a:id>1</a:id>
                </a:ruleInputTestConfigs>
                <a:ruleInputTestConfigs>
                    <a:value xmlns:xsi="http://www.w3.org/2001/XMLSchema-instance" xsi:type="a:Expression">#"_a-0000e530-51df-8000-9bb2-011c48011c48_2069001"(patientAppianID: 1,primaryDoctorId: NULL)</a:value>
                    <a:nameRef>patientInfo</a:nameRef>
                    <a:id>2</a:id>
                </a:ruleInputTestConfigs>
                <a:ruleInputTestConfigs>
                    <a:value xmlns:n1="urn:com:appian:hms" xmlns:xsi="http://www.w3.org/2001/XMLSchema-instance" xsi:nil="true" xsi:type="n1:HMS_CalendarEvent"/>
                    <a:nameRef>calendar</a:nameRef>
                    <a:id>3</a:id>
                </a:ruleInputTestConfigs>
                <a:assertions xmlns:xsi="http://www.w3.org/2001/XMLSchema-instance" xsi:nil="true"/>
            </el>
        </value>
    </typedValue>
    <history>
        <historyInfo versionUuid="_a-0000e530-51df-8000-9bb2-011c48011c48_2075237"/>
        <historyInfo versionUuid="_a-0000e530-51df-8000-9bb2-011c48011c48_2075238"/>
    </history>
</contentHaul>
