<?xml version="1.0" encoding="UTF-8" standalone="yes"?>
<connectedSystemHaul xmlns:a="http://www.appian.com/ae/types/2009">
    <versionUuid>_a-0000e530-51df-8000-9bb2-011c48011c48_2074088</versionUuid>
    <connectedSystem>
        <name>HMS Zoom API</name>
        <uuid>_a-0000e530-51df-8000-9bb2-011c48011c48_2074015</uuid>
        <description></description>
        <parentUuid>SYSTEM_COMMUNITY_ROOT</parentUuid>
        <visibility>
            <advertise>false</advertise>
            <hierarchy>true</hierarchy>
            <indexable>true</indexable>
            <quota>false</quota>
            <searchable>true</searchable>
            <system>false</system>
            <unlogged>false</unlogged>
        </visibility>
        <sharedConfigParameters>
            <a:Dictionary xmlns:xsd="http://www.w3.org/2001/XMLSchema" xmlns:xsi="http://www.w3.org/2001/XMLSchema-instance">
                <configurationDescriptor xsi:type="xsd:string"/>
                <url xsi:type="xsd:string"/>
                <isInheritedUrlOptionSelected xsi:type="xsd:boolean">false</isInheritedUrlOptionSelected>
                <baseUrl xsi:type="xsd:string">https://api.zoom.us/v2</baseUrl>
                <definitionDocument xsi:type="a:Expression">a!reference_appian_internal(type:'type!{http://www.appian.com/ae/types/2009}CollaborationDocument',uuid:"_a-0000e530-51df-8000-9bb2-011c48011c48_2073971",defaultId:206390)</definitionDocument>
                <openApiAuthType xsi:type="xsd:string">None</openApiAuthType>
                <authType xsi:type="xsd:string">None</authType>
                <authDetails xsi:type="xsd:string"/>
            </a:Dictionary>
        </sharedConfigParameters>
        <logoChoice></logoChoice>
        <integrationType>system.http.openapi</integrationType>
    </connectedSystem>
    <roleMap public="true">
        <role inherit="false" allowForAll="false" name="readers">
            <users/>
            <groups>
                <groupUuid>_e-0000e50e-6062-8000-9afc-01075c01075c_5154</groupUuid>
            </groups>
        </role>
        <role inherit="false" allowForAll="false" name="authors">
            <users/>
            <groups/>
        </role>
        <role inherit="false" allowForAll="false" name="administrators">
            <users/>
            <groups>
                <groupUuid>_e-0000e50e-6062-8000-9afc-01075c01075c_5152</groupUuid>
            </groups>
        </role>
        <role inherit="false" allowForAll="false" name="denyReaders">
            <users/>
            <groups/>
        </role>
        <role inherit="false" allowForAll="false" name="denyAuthors">
            <users/>
            <groups/>
        </role>
        <role inherit="false" allowForAll="false" name="denyAdministrators">
            <users/>
            <groups/>
        </role>
    </roleMap>
    <history>
        <historyInfo versionUuid="_a-0000e530-51df-8000-9bb2-011c48011c48_2074088"/>
    </history>
</connectedSystemHaul>
