<?xml version="1.0" encoding="UTF-8" standalone="yes"?>
<dataStoreHaul xmlns:a="http://www.appian.com/ae/types/2009">
    <versionUuid>_a-0000e530-51df-8000-9bb2-011c48011c48_2081558</versionUuid>
    <dataStore>
        <uuid>_a-0000e530-51df-8000-9bb2-011c48011c48_2065126</uuid>
        <name>HMS Tables</name>
        <description></description>
        <dataSourceKey>jdbc/Appian</dataSourceKey>
        <adaptingExplicitSqlNames>false</adaptingExplicitSqlNames>
        <autoUpdateSchema>false</autoUpdateSchema>
        <entities>
            <entity>
                <uuid>67ef5906-dacd-4606-ae09-5f0295d7fba2</uuid>
                <name>HMS_Questions</name>
                <type>{urn:com:hms}HMS_Questions</type>
            </entity>
            <entity>
                <uuid>d8397cae-f7e8-4b01-8a49-37f05e216f2b</uuid>
                <name>HMS_PatientDetails</name>
                <type>{urn:com:appian:types:hms}HMS_PatientInfo</type>
            </entity>
            <entity>
                <uuid>2837175e-9d15-4406-b714-fdfbe430bc2c</uuid>
                <name>HMS_MedicalHistory</name>
                <type>{urn:com:appian:types:hms}HMS_MedicalHistory</type>
            </entity>
            <entity>
                <uuid>2db8e8cd-89fd-4675-8cc1-a9e39a0363fa</uuid>
                <name>HMS_DoctorInfo</name>
                <type>{urn:com:appian:types:hms}HMS_DoctorInfo</type>
            </entity>
            <entity>
                <uuid>d039559f-2231-44b8-8b46-b7357f42280f</uuid>
                <name>HMS_Comments</name>
                <type>{urn:com:appian:types:hms}HMS_Comments</type>
            </entity>
            <entity>
                <uuid>6359fc1d-2359-4b07-94d5-b197105b44ef</uuid>
                <name>HMS_Appointments</name>
                <type>{urn:com:appian:hms}HMS_CalendarEvent</type>
            </entity>
        </entities>
    </dataStore>
    <isPublished>true</isPublished>
    <roleMap>
        <role inherit="false" allowForAll="false" name="administrators">
            <users/>
            <groups>
                <groupUuid>_e-0000e50e-6062-8000-9afc-01075c01075c_5152</groupUuid>
            </groups>
        </role>
        <role inherit="false" allowForAll="false" name="authors">
            <users/>
            <groups/>
        </role>
        <role inherit="false" allowForAll="false" name="denyAdministrators">
            <users/>
            <groups/>
        </role>
        <role inherit="false" allowForAll="false" name="denyAuthors">
            <users/>
            <groups/>
        </role>
        <role inherit="false" allowForAll="false" name="denyReaders">
            <users/>
            <groups/>
        </role>
        <role inherit="false" allowForAll="false" name="readers">
            <users/>
            <groups>
                <groupUuid>_e-0000e50e-6062-8000-9afc-01075c01075c_5154</groupUuid>
            </groups>
        </role>
    </roleMap>
    <history>
        <historyInfo versionUuid="_a-0000e530-51df-8000-9bb2-011c48011c48_2081558"/>
    </history>
</dataStoreHaul>
