<?xml version="1.0" encoding="UTF-8"?>
<processModelHaul>
  <versionUuid>0001e538-f840-8000-ff28-7f0000014e7a</versionUuid>
  <folderUuid>_g-0000e50e-6062-8000-f102-7f0000014e7a_3427</folderUuid>
  <roleMap>
    <role name="ADMIN_OWNER">
      <users/>
      <groups>
        <groupUuid>_e-0000e50e-6062-8000-9afc-01075c01075c_5152</groupUuid>
      </groups>
    </role>
    <role name="EDITOR">
      <users/>
      <groups/>
    </role>
    <role name="EXPLICIT_NONMEMBER">
      <users/>
      <groups/>
    </role>
    <role name="VIEWER">
      <users/>
      <groups>
        <groupUuid>_e-0000e50e-6062-8000-9afc-01075c01075c_5154</groupUuid>
      </groups>
    </role>
    <role name="MANAGER">
      <users/>
      <groups/>
    </role>
    <role name="INITIATOR">
      <users/>
      <groups/>
    </role>
  </roleMap>
  <process_model_port schemaVersion="007.000.004"
    xmlns="http://www.appian.com/ae/types/2009"
    xmlns:a="http://www.appian.com/ae/types/2009"
    xmlns:xsd="http://www.w3.org/2001/XMLSchema" xmlns:xsi="http://www.w3.org/2001/XMLSchema-instance">
    <pm>
      <meta>
        <uuid><![CDATA[0002e538-3226-8000-fe5b-7f0000014e7a]]></uuid>
        <name>
          <string-map>
            <pair>
              <locale country="" lang="de" variant=""/>
              <value/>
            </pair>
            <pair>
              <locale country="" lang="ar" variant=""/>
              <value/>
            </pair>
            <pair>
              <locale country="GB" lang="en" variant=""/>
              <value/>
            </pair>
            <pair>
              <locale country="" lang="ru" variant=""/>
              <value/>
            </pair>
            <pair>
              <locale country="US" lang="en" variant=""/>
              <value><![CDATA[HMS Doctor Actions]]></value>
            </pair>
            <pair>
              <locale country="MX" lang="es" variant=""/>
              <value/>
            </pair>
          </string-map>
        </name>
        <desc>
          <string-map>
            <pair>
              <locale country="" lang="de" variant=""/>
              <value/>
            </pair>
            <pair>
              <locale country="" lang="ar" variant=""/>
              <value/>
            </pair>
            <pair>
              <locale country="GB" lang="en" variant=""/>
              <value/>
            </pair>
            <pair>
              <locale country="" lang="ru" variant=""/>
              <value/>
            </pair>
            <pair>
              <locale country="US" lang="en" variant=""/>
              <value/>
            </pair>
            <pair>
              <locale country="MX" lang="es" variant=""/>
              <value/>
            </pair>
          </string-map>
        </desc>
        <versionStatus>2</versionStatus>
        <process-name>
          <string-map>
            <pair>
              <locale country="" lang="de" variant=""/>
              <value/>
            </pair>
            <pair>
              <locale country="" lang="ar" variant=""/>
              <value/>
            </pair>
            <pair>
              <locale country="" lang="ru" variant=""/>
              <value/>
            </pair>
            <pair>
              <locale country="GB" lang="en" variant=""/>
              <value/>
            </pair>
            <pair>
              <locale country="US" lang="en" variant=""/>
              <value><![CDATA[HMS Doctor Actions]]></value>
            </pair>
            <pair>
              <locale country="MX" lang="es" variant=""/>
              <value/>
            </pair>
          </string-map>
        </process-name>
        <deadline>
          <enabled>false</enabled>
          <type>0</type>
          <units>0</units>
          <rex/>
          <aex/>
        </deadline>
        <pm-notification-settings>
          <custom-settings>true</custom-settings>
          <notify-initiator>false</notify-initiator>
          <notify-owner>false</notify-owner>
          <usersandgroups>
            <people>
              <type>4096</type>
              <stringId><![CDATA[_e-0000e50e-6062-8000-9afc-01075c01075c_5152]]></stringId>
            </people>
          </usersandgroups>
          <recipients-exp/>
        </pm-notification-settings>
        <cleanup-action>2</cleanup-action>
        <auto-archive-delay>7</auto-archive-delay>
        <auto-delete-delay>0</auto-delete-delay>
        <timeZoneId><![CDATA[Europe/London]]></timeZoneId>
        <useProcessInitiatorTimeZone>true</useProcessInitiatorTimeZone>
      </meta>
      <pvs>
        <pv name="patientId">
          <a:value xmlns="" xsi:type="xsd:int">0</a:value>
          <parameter>true</parameter>
          <required>false</required>
          <hidden>false</hidden>
        </pv>
      </pvs>
      <nodes>
        <node uuid="0000e538-3226-8000-fe5b-7f0000014e7a">
          <guiId>0</guiId>
          <owner/>
          <icon id="50"/>
          <picon id="0"/>
          <fname>
            <string-map>
              <pair>
                <locale country="" lang="de" variant=""/>
                <value><![CDATA[Start Node]]></value>
              </pair>
              <pair>
                <locale country="" lang="ar" variant=""/>
                <value><![CDATA[Start Node]]></value>
              </pair>
              <pair>
                <locale country="GB" lang="en" variant=""/>
                <value><![CDATA[Start Node]]></value>
              </pair>
              <pair>
                <locale country="" lang="ru" variant=""/>
                <value><![CDATA[Start Node]]></value>
              </pair>
              <pair>
                <locale country="US" lang="en" variant=""/>
                <value><![CDATA[Start Node]]></value>
              </pair>
              <pair>
                <locale country="MX" lang="es" variant=""/>
                <value><![CDATA[Start Node]]></value>
              </pair>
            </string-map>
          </fname>
          <x>112</x>
          <y>168</y>
          <display>
            <string-map>
              <pair>
                <locale country="" lang="de" variant=""/>
                <value><![CDATA[Start Node]]></value>
              </pair>
              <pair>
                <locale country="" lang="ar" variant=""/>
                <value><![CDATA[Start Node]]></value>
              </pair>
              <pair>
                <locale country="" lang="ru" variant=""/>
                <value><![CDATA[Start Node]]></value>
              </pair>
              <pair>
                <locale country="GB" lang="en" variant=""/>
                <value><![CDATA[Start Node]]></value>
              </pair>
              <pair>
                <locale country="US" lang="en" variant=""/>
                <value><![CDATA[Start Node]]></value>
              </pair>
              <pair>
                <locale country="MX" lang="es" variant=""/>
                <value><![CDATA[Start Node]]></value>
              </pair>
            </string-map>
          </display>
          <desc>
            <string-map>
              <pair>
                <locale country="" lang="de" variant=""/>
                <value/>
              </pair>
              <pair>
                <locale country="" lang="ar" variant=""/>
                <value/>
              </pair>
              <pair>
                <locale country="GB" lang="en" variant=""/>
                <value/>
              </pair>
              <pair>
                <locale country="" lang="ru" variant=""/>
                <value/>
              </pair>
              <pair>
                <locale country="US" lang="en" variant=""/>
                <value/>
              </pair>
              <pair>
                <locale country="MX" lang="es" variant=""/>
                <value/>
              </pair>
            </string-map>
          </desc>
          <notify>false</notify>
          <confirmation-url/>
          <lane>0</lane>
          <overrideLaneAssignment>false</overrideLaneAssignment>
          <ac>
            <local-id>core.0</local-id>
            <name><![CDATA[Start Node]]></name>
            <acps/>
            <custom-params/>
            <output-exprs/>
            <requires-user-interaction>true</requires-user-interaction>
            <run-as>
              <performer id="0"/>
            </run-as>
            <form-map/>
            <helper-class/>
          </ac>
          <multiple-instance/>
          <escalations/>
          <connections>
            <connection>
              <guiId>1</guiId>
              <to>2</to>
              <toObjectType>ap.gui.Node</toObjectType>
              <fromAnchor/>
              <toAnchor/>
              <showArrowhead>true</showArrowhead>
              <flowLabel/>
              <label>
                <fontColor>#000000</fontColor>
                <fontFamily>Arial, Helvetica, Sans-Serif</fontFamily>
                <fontSize>12</fontSize>
                <bold>false</bold>
                <italics>false</italics>
                <underline>false</underline>
              </label>
              <associations/>
              <chained>true</chained>
              <overridesAssignment>true</overridesAssignment>
              <synchronizeData>false</synchronizeData>
            </connection>
          </connections>
          <associations/>
          <target-completion>5.0</target-completion>
          <target-lag>1.0</target-lag>
          <attachments/>
          <notes/>
          <lingering>false</lingering>
          <on-create-ignore-if-active>false</on-create-ignore-if-active>
          <on-create-delete-previous-active>false</on-create-delete-previous-active>
          <on-complete-delete-previous-completed>false</on-complete-delete-previous-completed>
          <pre-triggers/>
          <post-triggers/>
          <event-producers/>
          <exception-flow/>
          <label>
            <fontColor>#000000</fontColor>
            <fontFamily>Arial, Helvetica, Sans-Serif</fontFamily>
            <fontSize>12</fontSize>
            <bold>false</bold>
            <italics>false</italics>
            <underline>false</underline>
          </label>
          <deadline>
            <enabled>false</enabled>
            <type>0</type>
            <units>0</units>
            <rex/>
            <aex/>
          </deadline>
          <allowsBack>false</allowsBack>
          <refreshDefaultValues>false</refreshDefaultValues>
          <on-complete-keep-form-data>false</on-complete-keep-form-data>
          <skipNotification>false</skipNotification>
        </node>
        <node uuid="0001e538-3226-8000-fe5b-7f0000014e7a">
          <guiId>1</guiId>
          <owner/>
          <icon id="51"/>
          <picon id="0"/>
          <fname>
            <string-map>
              <pair>
                <locale country="" lang="de" variant=""/>
                <value><![CDATA[End Node]]></value>
              </pair>
              <pair>
                <locale country="" lang="ar" variant=""/>
                <value><![CDATA[End Node]]></value>
              </pair>
              <pair>
                <locale country="GB" lang="en" variant=""/>
                <value><![CDATA[End Node]]></value>
              </pair>
              <pair>
                <locale country="" lang="ru" variant=""/>
                <value><![CDATA[End Node]]></value>
              </pair>
              <pair>
                <locale country="US" lang="en" variant=""/>
                <value><![CDATA[End Node]]></value>
              </pair>
              <pair>
                <locale country="MX" lang="es" variant=""/>
                <value><![CDATA[End Node]]></value>
              </pair>
            </string-map>
          </fname>
          <x>588</x>
          <y>168</y>
          <display>
            <string-map>
              <pair>
                <locale country="" lang="de" variant=""/>
                <value><![CDATA[End Node]]></value>
              </pair>
              <pair>
                <locale country="" lang="ar" variant=""/>
                <value><![CDATA[End Node]]></value>
              </pair>
              <pair>
                <locale country="" lang="ru" variant=""/>
                <value><![CDATA[End Node]]></value>
              </pair>
              <pair>
                <locale country="GB" lang="en" variant=""/>
                <value><![CDATA[End Node]]></value>
              </pair>
              <pair>
                <locale country="US" lang="en" variant=""/>
                <value><![CDATA[End Node]]></value>
              </pair>
              <pair>
                <locale country="MX" lang="es" variant=""/>
                <value><![CDATA[End Node]]></value>
              </pair>
            </string-map>
          </display>
          <desc>
            <string-map>
              <pair>
                <locale country="" lang="de" variant=""/>
                <value/>
              </pair>
              <pair>
                <locale country="" lang="ar" variant=""/>
                <value/>
              </pair>
              <pair>
                <locale country="GB" lang="en" variant=""/>
                <value/>
              </pair>
              <pair>
                <locale country="" lang="ru" variant=""/>
                <value/>
              </pair>
              <pair>
                <locale country="US" lang="en" variant=""/>
                <value/>
              </pair>
              <pair>
                <locale country="MX" lang="es" variant=""/>
                <value/>
              </pair>
            </string-map>
          </desc>
          <notify>false</notify>
          <confirmation-url/>
          <lane>0</lane>
          <overrideLaneAssignment>false</overrideLaneAssignment>
          <ac>
            <local-id>core.1</local-id>
            <name><![CDATA[End Node]]></name>
            <acps>
              <acp name="pmID">
                <a:value xsi:nil="true" xsi:type="a:ProcessModel"/>
                <a:local-id>0</a:local-id>
                <a:expr/>
                <a:required>0</a:required>
                <a:editable>0</a:editable>
                <a:assign-to-pv/>
                <a:input-to-activity-class>true</a:input-to-activity-class>
                <a:hidden-from-designer>false</a:hidden-from-designer>
                <a:generated>false</a:generated>
                <a:enumeration/>
                <a:customDisplayReference/>
              </acp>
              <acp name="inMap">
                <a:value xsi:nil="true" xsi:type="a:Bean?list"/>
                <a:local-id>1</a:local-id>
                <a:expr/>
                <a:required>0</a:required>
                <a:editable>1</a:editable>
                <a:assign-to-pv/>
                <a:input-to-activity-class>true</a:input-to-activity-class>
                <a:hidden-from-designer>false</a:hidden-from-designer>
                <a:generated>false</a:generated>
                <a:enumeration/>
                <a:customDisplayReference/>
              </acp>
              <acp name="procInheritsPriority">
                <a:value xmlns="" xsi:type="xsd:int">1</a:value>
                <a:local-id>5</a:local-id>
                <a:expr/>
                <a:required>0</a:required>
                <a:editable>1</a:editable>
                <a:assign-to-pv/>
                <a:input-to-activity-class>false</a:input-to-activity-class>
                <a:hidden-from-designer>false</a:hidden-from-designer>
                <a:generated>false</a:generated>
                <a:enumeration/>
                <a:customDisplayReference/>
              </acp>
              <acp name="pmUUID">
                <a:value xsi:nil="true" xsi:type="xsd:string"/>
                <a:local-id>6</a:local-id>
                <a:expr/>
                <a:required>0</a:required>
                <a:editable>1</a:editable>
                <a:assign-to-pv/>
                <a:input-to-activity-class>true</a:input-to-activity-class>
                <a:hidden-from-designer>false</a:hidden-from-designer>
                <a:generated>false</a:generated>
                <a:enumeration/>
                <a:customDisplayReference/>
              </acp>
              <acp name="isAsynchronous">
                <a:value xmlns="" xsi:type="xsd:boolean">true</a:value>
                <a:local-id>7</a:local-id>
                <a:expr/>
                <a:required>1</a:required>
                <a:editable>0</a:editable>
                <a:assign-to-pv/>
                <a:input-to-activity-class>true</a:input-to-activity-class>
                <a:hidden-from-designer>true</a:hidden-from-designer>
                <a:generated>false</a:generated>
                <a:enumeration/>
                <a:customDisplayReference/>
              </acp>
              <acp name="isTransparent">
                <a:value xmlns="" xsi:type="xsd:boolean">true</a:value>
                <a:local-id>14</a:local-id>
                <a:expr/>
                <a:required>1</a:required>
                <a:editable>1</a:editable>
                <a:assign-to-pv/>
                <a:input-to-activity-class>true</a:input-to-activity-class>
                <a:hidden-from-designer>true</a:hidden-from-designer>
                <a:generated>false</a:generated>
                <a:enumeration/>
                <a:customDisplayReference/>
              </acp>
              <acp name="inheritSecurity">
                <a:value xmlns="" xsi:type="xsd:boolean">false</a:value>
                <a:local-id>15</a:local-id>
                <a:expr/>
                <a:required>1</a:required>
                <a:editable>1</a:editable>
                <a:assign-to-pv/>
                <a:input-to-activity-class>true</a:input-to-activity-class>
                <a:hidden-from-designer>true</a:hidden-from-designer>
                <a:generated>false</a:generated>
                <a:enumeration/>
                <a:customDisplayReference/>
              </acp>
            </acps>
            <custom-params/>
            <output-exprs/>
            <requires-user-interaction>true</requires-user-interaction>
            <run-as>
              <performer id="0"/>
            </run-as>
            <form-map/>
            <helper-class/>
          </ac>
          <multiple-instance/>
          <escalations/>
          <connections/>
          <associations/>
          <target-completion>5.0</target-completion>
          <target-lag>1.0</target-lag>
          <attachments/>
          <notes/>
          <lingering>false</lingering>
          <on-create-ignore-if-active>false</on-create-ignore-if-active>
          <on-create-delete-previous-active>false</on-create-delete-previous-active>
          <on-complete-delete-previous-completed>false</on-complete-delete-previous-completed>
          <pre-triggers/>
          <post-triggers/>
          <event-producers>
            <terminate-producer index="0">
              <persistentId>0002e538-32bf-8000-fe60-7f0000014e7a</persistentId>
              <name><![CDATA[Terminate Process_1]]></name>
              <desc/>
            </terminate-producer>
          </event-producers>
          <exception-flow/>
          <label>
            <fontColor>#000000</fontColor>
            <fontFamily>Arial, Helvetica, Sans-Serif</fontFamily>
            <fontSize>12</fontSize>
            <bold>false</bold>
            <italics>false</italics>
            <underline>false</underline>
          </label>
          <deadline>
            <enabled>false</enabled>
            <type>0</type>
            <units>0</units>
            <rex/>
            <aex/>
          </deadline>
          <allowsBack>false</allowsBack>
          <refreshDefaultValues>false</refreshDefaultValues>
          <on-complete-keep-form-data>false</on-complete-keep-form-data>
          <skipNotification>false</skipNotification>
        </node>
        <node uuid="0001e538-32bf-8000-fe60-7f0000014e7a">
          <guiId>2</guiId>
          <owner/>
          <icon id="21"/>
          <picon id="1"/>
          <fname>
            <string-map>
              <pair>
                <locale country="" lang="de" variant=""/>
                <value/>
              </pair>
              <pair>
                <locale country="" lang="ar" variant=""/>
                <value/>
              </pair>
              <pair>
                <locale country="GB" lang="en" variant=""/>
                <value/>
              </pair>
              <pair>
                <locale country="" lang="ru" variant=""/>
                <value/>
              </pair>
              <pair>
                <locale country="US" lang="en" variant=""/>
                <value><![CDATA[Record summary screen]]></value>
              </pair>
              <pair>
                <locale country="MX" lang="es" variant=""/>
                <value/>
              </pair>
            </string-map>
          </fname>
          <x>364</x>
          <y>168</y>
          <display>
            <string-map>
              <pair>
                <locale country="" lang="de" variant=""/>
                <value/>
              </pair>
              <pair>
                <locale country="" lang="ar" variant=""/>
                <value/>
              </pair>
              <pair>
                <locale country="" lang="ru" variant=""/>
                <value/>
              </pair>
              <pair>
                <locale country="GB" lang="en" variant=""/>
                <value/>
              </pair>
              <pair>
                <locale country="US" lang="en" variant=""/>
                <value><![CDATA[Record summary screen]]></value>
              </pair>
              <pair>
                <locale country="MX" lang="es" variant=""/>
                <value/>
              </pair>
            </string-map>
          </display>
          <desc>
            <string-map>
              <pair>
                <locale country="" lang="de" variant=""/>
                <value/>
              </pair>
              <pair>
                <locale country="" lang="ar" variant=""/>
                <value/>
              </pair>
              <pair>
                <locale country="GB" lang="en" variant=""/>
                <value/>
              </pair>
              <pair>
                <locale country="" lang="ru" variant=""/>
                <value/>
              </pair>
              <pair>
                <locale country="US" lang="en" variant=""/>
                <value/>
              </pair>
              <pair>
                <locale country="MX" lang="es" variant=""/>
                <value/>
              </pair>
            </string-map>
          </desc>
          <notify>false</notify>
          <confirmation-url/>
          <lane>0</lane>
          <overrideLaneAssignment>false</overrideLaneAssignment>
          <assignments>
            <assignee>
              <type>29</type>
              <privilege>3</privilege>
              <value>
                <ac>
                  <local-id>assignee-pool.102</local-id>
                  <name><![CDATA[Assign To Expression]]></name>
                  <acps>
                    <acp name="expression">
                      <a:value xsi:nil="true" xsi:type="a:UserOrGroup?list"/>
                      <a:local-id>0</a:local-id>
                      <a:expr><![CDATA[=pp!initiator]]></a:expr>
                      <a:required>0</a:required>
                      <a:editable>1</a:editable>
                      <a:assign-to-pv/>
                      <a:input-to-activity-class>true</a:input-to-activity-class>
                      <a:hidden-from-designer>false</a:hidden-from-designer>
                      <a:generated>false</a:generated>
                      <a:enumeration/>
                      <a:customDisplayReference/>
                    </acp>
                    <acp name="outUsers">
                      <a:value xsi:nil="true" xsi:type="a:User?list"/>
                      <a:local-id>1</a:local-id>
                      <a:expr/>
                      <a:required>0</a:required>
                      <a:editable>1</a:editable>
                      <a:assign-to-pv/>
                      <a:input-to-activity-class>false</a:input-to-activity-class>
                      <a:hidden-from-designer>false</a:hidden-from-designer>
                      <a:generated>false</a:generated>
                      <a:enumeration/>
                      <a:customDisplayReference/>
                    </acp>
                    <acp name="outGroups">
                      <a:value xsi:nil="true" xsi:type="a:Group?list"/>
                      <a:local-id>2</a:local-id>
                      <a:expr/>
                      <a:required>0</a:required>
                      <a:editable>1</a:editable>
                      <a:assign-to-pv/>
                      <a:input-to-activity-class>false</a:input-to-activity-class>
                      <a:hidden-from-designer>false</a:hidden-from-designer>
                      <a:generated>false</a:generated>
                      <a:enumeration/>
                      <a:customDisplayReference/>
                    </acp>
                  </acps>
                  <custom-params/>
                  <output-exprs/>
                  <requires-user-interaction>true</requires-user-interaction>
                  <run-as>
                    <performer id="0"/>
                  </run-as>
                  <helper-class/>
                </ac>
              </value>
            </assignee>
            <assignment-function/>
            <position>0</position>
            <accept-mode>1</accept-mode>
          </assignments>
          <ac>
            <local-id>internal.17</local-id>
            <name><![CDATA[User Input Task]]></name>
            <acps/>
            <custom-params>
              <acp name="patientId">
                <a:value xsi:nil="true" xsi:type="xsd:int"/>
                <a:local-id/>
                <a:expr><![CDATA[=pv!patientId]]></a:expr>
                <a:required>0</a:required>
                <a:editable>1</a:editable>
                <a:assign-to-pv/>
                <a:input-to-activity-class>true</a:input-to-activity-class>
                <a:hidden-from-designer>false</a:hidden-from-designer>
                <a:generated>false</a:generated>
                <a:enumeration/>
                <a:customDisplayReference/>
              </acp>
            </custom-params>
            <output-exprs/>
            <requires-user-interaction>false</requires-user-interaction>
            <run-as>
              <performer id="0"/>
            </run-as>
            <form-map>
              <pair>
                <locale country="" lang="de" variant=""/>
                <form-config>
                  <form>
                    <type>3</type>
                    <enabled>false</enabled>
                    <dynamic-form>
                      <form-elements/>
                    </dynamic-form>
                    <hiddenSections>16</hiddenSections>
                  </form>
                </form-config>
              </pair>
              <pair>
                <locale country="MX" lang="es" variant=""/>
                <form-config>
                  <form>
                    <type>3</type>
                    <enabled>false</enabled>
                    <dynamic-form>
                      <form-elements/>
                    </dynamic-form>
                    <hiddenSections>16</hiddenSections>
                  </form>
                </form-config>
              </pair>
              <pair>
                <locale country="" lang="ar" variant=""/>
                <form-config>
                  <form>
                    <type>3</type>
                    <enabled>false</enabled>
                    <dynamic-form>
                      <form-elements/>
                    </dynamic-form>
                    <hiddenSections>16</hiddenSections>
                  </form>
                </form-config>
              </pair>
              <pair>
                <locale country="" lang="ru" variant=""/>
                <form-config>
                  <form>
                    <type>3</type>
                    <enabled>false</enabled>
                    <dynamic-form>
                      <form-elements/>
                    </dynamic-form>
                    <hiddenSections>16</hiddenSections>
                  </form>
                </form-config>
              </pair>
              <pair>
                <locale country="US" lang="en" variant=""/>
                <form-config>
                  <form>
                    <type>3</type>
                    <enabled>true</enabled>
                    <dynamic-form>
                      <form-elements/>
                    </dynamic-form>
                    <uiExpressionForm>
                      <expression><![CDATA[/*41707069616E-GEN*/#"_a-0000e530-51df-8000-9bb2-011c48011c48_2069719"(
	patientId: ac!patientId
)]]></expression>
                    </uiExpressionForm>
                    <interfaceInformation>
                      <name>HMS_uiRecordSummary</name>
                      <uuid>_a-0000e530-51df-8000-9bb2-011c48011c48_2069719</uuid>
                      <ruleInputs>
                        <ruleInput>
                          <name>patientId</name>
                          <typeQName>{http://www.appian.com/ae/types/2009}Integer</typeQName>
                          <value><![CDATA[ac!patientId]]></value>
                        </ruleInput>
                      </ruleInputs>
                    </interfaceInformation>
                    <hiddenSections>17</hiddenSections>
                  </form>
                </form-config>
              </pair>
              <pair>
                <locale country="GB" lang="en" variant=""/>
                <form-config>
                  <form>
                    <type>3</type>
                    <enabled>false</enabled>
                    <dynamic-form>
                      <form-elements/>
                    </dynamic-form>
                    <hiddenSections>16</hiddenSections>
                  </form>
                </form-config>
              </pair>
            </form-map>
            <helper-class/>
          </ac>
          <multiple-instance/>
          <escalations/>
          <connections>
            <connection>
              <guiId>2</guiId>
              <to>1</to>
              <toObjectType>ap.gui.Node</toObjectType>
              <fromAnchor/>
              <toAnchor/>
              <showArrowhead>true</showArrowhead>
              <flowLabel/>
              <label>
                <fontColor>#000000</fontColor>
                <fontFamily>Arial, Helvetica, Sans-Serif</fontFamily>
                <fontSize>12</fontSize>
                <bold>false</bold>
                <italics>false</italics>
                <underline>false</underline>
              </label>
              <associations/>
              <chained>true</chained>
              <overridesAssignment>true</overridesAssignment>
              <synchronizeData>false</synchronizeData>
            </connection>
          </connections>
          <associations/>
          <target-completion>5.0</target-completion>
          <target-lag>1.0</target-lag>
          <attachments/>
          <notes/>
          <lingering>false</lingering>
          <on-create-ignore-if-active>false</on-create-ignore-if-active>
          <on-create-delete-previous-active>false</on-create-delete-previous-active>
          <on-complete-delete-previous-completed>false</on-complete-delete-previous-completed>
          <pre-triggers/>
          <post-triggers/>
          <event-producers/>
          <exception-flow/>
          <label>
            <fontColor>#000000</fontColor>
            <fontFamily>Arial, Helvetica, Sans-Serif</fontFamily>
            <fontSize>12</fontSize>
            <bold>false</bold>
            <italics>false</italics>
            <underline>false</underline>
          </label>
          <deadline>
            <enabled>false</enabled>
            <type>0</type>
            <units>0</units>
            <rex/>
            <aex/>
          </deadline>
          <allowsBack>false</allowsBack>
          <refreshDefaultValues>false</refreshDefaultValues>
          <on-complete-keep-form-data>false</on-complete-keep-form-data>
          <skipNotification>false</skipNotification>
        </node>
      </nodes>
      <annotations/>
      <lanes>
        <lane>
          <laneLabel><![CDATA[Doctor]]></laneLabel>
          <dimension>333</dimension>
          <color>#00CC33</color>
          <isVertical>false</isVertical>
          <isLaneAssignment>false</isLaneAssignment>
          <assignments>
            <assignment-function/>
            <position>0</position>
            <accept-mode>1</accept-mode>
          </assignments>
          <unattended>0</unattended>
          <runAs>0</runAs>
          <label>
            <fontColor>#000000</fontColor>
            <fontFamily>Arial, Helvetica, Sans-Serif</fontFamily>
            <fontSize>12</fontSize>
            <bold>true</bold>
            <italics>false</italics>
            <underline>false</underline>
          </label>
        </lane>
      </lanes>
      <attachments/>
      <notes/>
      <priority id="1"/>
      <form-map>
        <pair>
          <locale country="" lang="de" variant=""/>
          <form-config>
            <form>
              <type>3</type>
              <enabled>false</enabled>
              <dynamic-form>
                <form-elements/>
              </dynamic-form>
              <hiddenSections>16</hiddenSections>
            </form>
          </form-config>
        </pair>
        <pair>
          <locale country="MX" lang="es" variant=""/>
          <form-config>
            <form>
              <type>3</type>
              <enabled>false</enabled>
              <dynamic-form>
                <form-elements/>
              </dynamic-form>
              <hiddenSections>16</hiddenSections>
            </form>
          </form-config>
        </pair>
        <pair>
          <locale country="" lang="ar" variant=""/>
          <form-config>
            <form>
              <type>3</type>
              <enabled>false</enabled>
              <dynamic-form>
                <form-elements/>
              </dynamic-form>
              <hiddenSections>16</hiddenSections>
            </form>
          </form-config>
        </pair>
        <pair>
          <locale country="" lang="ru" variant=""/>
          <form-config>
            <form>
              <type>3</type>
              <enabled>false</enabled>
              <dynamic-form>
                <form-elements/>
              </dynamic-form>
              <hiddenSections>16</hiddenSections>
            </form>
          </form-config>
        </pair>
        <pair>
          <locale country="US" lang="en" variant=""/>
          <form-config>
            <form>
              <type>3</type>
              <enabled>true</enabled>
              <dynamic-form>
                <form-elements/>
              </dynamic-form>
              <uiExpressionForm>
                <expression><![CDATA[/*41707069616E-GEN*/#"_a-0000e530-51df-8000-9bb2-011c48011c48_2069069"(
	patientId: pv!patientId
)]]></expression>
              </uiExpressionForm>
              <interfaceInformation>
                <name>HMS_uiDoctorLandingPage</name>
                <uuid>_a-0000e530-51df-8000-9bb2-011c48011c48_2069069</uuid>
                <ruleInputs>
                  <ruleInput>
                    <name>patientId</name>
                    <typeQName>{http://www.appian.com/ae/types/2009}Integer</typeQName>
                    <value><![CDATA[pv!patientId]]></value>
                  </ruleInput>
                </ruleInputs>
              </interfaceInformation>
              <hiddenSections>16</hiddenSections>
            </form>
          </form-config>
        </pair>
        <pair>
          <locale country="GB" lang="en" variant=""/>
          <form-config>
            <form>
              <type>3</type>
              <enabled>false</enabled>
              <dynamic-form>
                <form-elements/>
              </dynamic-form>
              <hiddenSections>16</hiddenSections>
            </form>
          </form-config>
        </pair>
      </form-map>
      <isPublic>false</isPublic>
    </pm>
  </process_model_port>
  <isPublished>true</isPublished>
  <history>
    <historyInfo versionUuid="0001e538-f840-8000-ff28-7f0000014e7a"/>
  </history>
</processModelHaul>
