<?xml version="1.0" encoding="UTF-8"?>
<processModelHaul>
  <versionUuid>0000e537-db93-8000-fe3f-7f0000014e7a</versionUuid>
  <folderUuid>_g-0000e50e-6062-8000-f102-7f0000014e7a_3427</folderUuid>
  <roleMap>
    <role name="ADMIN_OWNER">
      <users/>
      <groups>
        <groupUuid>_e-0000e50e-6062-8000-9afc-01075c01075c_5152</groupUuid>
      </groups>
    </role>
    <role name="EDITOR">
      <users/>
      <groups/>
    </role>
    <role name="EXPLICIT_NONMEMBER">
      <users/>
      <groups/>
    </role>
    <role name="VIEWER">
      <users/>
      <groups>
        <groupUuid>_e-0000e50e-6062-8000-9afc-01075c01075c_5154</groupUuid>
      </groups>
    </role>
    <role name="MANAGER">
      <users/>
      <groups/>
    </role>
    <role name="INITIATOR">
      <users/>
      <groups/>
    </role>
  </roleMap>
  <process_model_port schemaVersion="007.000.004"
    xmlns="http://www.appian.com/ae/types/2009"
    xmlns:a="http://www.appian.com/ae/types/2009"
    xmlns:xsd="http://www.w3.org/2001/XMLSchema" xmlns:xsi="http://www.w3.org/2001/XMLSchema-instance">
    <pm>
      <meta>
        <uuid><![CDATA[0002e536-7a32-8000-fda9-7f0000014e7a]]></uuid>
        <name>
          <string-map>
            <pair>
              <locale country="" lang="de" variant=""/>
              <value/>
            </pair>
            <pair>
              <locale country="" lang="ar" variant=""/>
              <value/>
            </pair>
            <pair>
              <locale country="GB" lang="en" variant=""/>
              <value/>
            </pair>
            <pair>
              <locale country="" lang="ru" variant=""/>
              <value/>
            </pair>
            <pair>
              <locale country="US" lang="en" variant=""/>
              <value><![CDATA[HMS Book Appointment]]></value>
            </pair>
            <pair>
              <locale country="MX" lang="es" variant=""/>
              <value/>
            </pair>
          </string-map>
        </name>
        <desc>
          <string-map>
            <pair>
              <locale country="" lang="de" variant=""/>
              <value/>
            </pair>
            <pair>
              <locale country="" lang="ar" variant=""/>
              <value/>
            </pair>
            <pair>
              <locale country="GB" lang="en" variant=""/>
              <value/>
            </pair>
            <pair>
              <locale country="" lang="ru" variant=""/>
              <value/>
            </pair>
            <pair>
              <locale country="US" lang="en" variant=""/>
              <value><![CDATA[Process model to provide appointment booking functionality]]></value>
            </pair>
            <pair>
              <locale country="MX" lang="es" variant=""/>
              <value/>
            </pair>
          </string-map>
        </desc>
        <versionStatus>2</versionStatus>
        <process-name>
          <string-map>
            <pair>
              <locale country="" lang="de" variant=""/>
              <value/>
            </pair>
            <pair>
              <locale country="" lang="ar" variant=""/>
              <value/>
            </pair>
            <pair>
              <locale country="" lang="ru" variant=""/>
              <value/>
            </pair>
            <pair>
              <locale country="GB" lang="en" variant=""/>
              <value/>
            </pair>
            <pair>
              <locale country="US" lang="en" variant=""/>
              <value><![CDATA[HMS Book Appointment]]></value>
            </pair>
            <pair>
              <locale country="MX" lang="es" variant=""/>
              <value/>
            </pair>
          </string-map>
        </process-name>
        <deadline>
          <enabled>false</enabled>
          <type>0</type>
          <units>0</units>
          <rex/>
          <aex/>
        </deadline>
        <pm-notification-settings>
          <custom-settings>false</custom-settings>
          <notify-initiator>false</notify-initiator>
          <notify-owner>false</notify-owner>
          <usersandgroups/>
          <recipients-exp/>
        </pm-notification-settings>
        <cleanup-action>3</cleanup-action>
        <auto-archive-delay>7</auto-archive-delay>
        <auto-delete-delay>0</auto-delete-delay>
        <timeZoneId><![CDATA[Europe/London]]></timeZoneId>
        <useProcessInitiatorTimeZone>true</useProcessInitiatorTimeZone>
      </meta>
      <pvs>
        <pv name="calendar">
          <a:value xmlns:n1="urn:com:appian:hms" xsi:nil="true" xsi:type="n1:HMS_CalendarEvent"/>
          <parameter>false</parameter>
          <required>false</required>
          <hidden>false</hidden>
        </pv>
        <pv name="hold">
          <a:value xsi:nil="true" xsi:type="xsd:boolean"/>
          <parameter>false</parameter>
          <required>false</required>
          <hidden>false</hidden>
        </pv>
        <pv name="doctorInfo">
          <a:value xmlns:n1="urn:com:appian:types:hms" xsi:nil="true" xsi:type="n1:HMS_DoctorInfo"/>
          <parameter>false</parameter>
          <required>false</required>
          <hidden>false</hidden>
        </pv>
        <pv name="HMS_PatientInfo">
          <a:value xmlns:n1="urn:com:appian:types:hms" xsi:nil="true" xsi:type="n1:HMS_PatientInfo"/>
          <parameter>true</parameter>
          <required>false</required>
          <hidden>false</hidden>
        </pv>
        <pv name="cancel">
          <a:value xsi:nil="true" xsi:type="xsd:boolean"/>
          <parameter>true</parameter>
          <required>false</required>
          <hidden>false</hidden>
        </pv>
      </pvs>
      <nodes>
        <node uuid="0000e536-7a32-8000-fda9-7f0000014e7a">
          <guiId>0</guiId>
          <owner/>
          <icon id="50"/>
          <picon id="0"/>
          <fname>
            <string-map>
              <pair>
                <locale country="" lang="de" variant=""/>
                <value><![CDATA[Start Node]]></value>
              </pair>
              <pair>
                <locale country="" lang="ar" variant=""/>
                <value><![CDATA[Start Node]]></value>
              </pair>
              <pair>
                <locale country="GB" lang="en" variant=""/>
                <value><![CDATA[Start Node]]></value>
              </pair>
              <pair>
                <locale country="" lang="ru" variant=""/>
                <value><![CDATA[Start Node]]></value>
              </pair>
              <pair>
                <locale country="US" lang="en" variant=""/>
                <value><![CDATA[Start Node]]></value>
              </pair>
              <pair>
                <locale country="MX" lang="es" variant=""/>
                <value><![CDATA[Start Node]]></value>
              </pair>
            </string-map>
          </fname>
          <x>112</x>
          <y>280</y>
          <display>
            <string-map>
              <pair>
                <locale country="" lang="de" variant=""/>
                <value><![CDATA[Start Node]]></value>
              </pair>
              <pair>
                <locale country="" lang="ar" variant=""/>
                <value><![CDATA[Start Node]]></value>
              </pair>
              <pair>
                <locale country="" lang="ru" variant=""/>
                <value><![CDATA[Start Node]]></value>
              </pair>
              <pair>
                <locale country="GB" lang="en" variant=""/>
                <value><![CDATA[Start Node]]></value>
              </pair>
              <pair>
                <locale country="US" lang="en" variant=""/>
                <value><![CDATA[Start Node]]></value>
              </pair>
              <pair>
                <locale country="MX" lang="es" variant=""/>
                <value><![CDATA[Start Node]]></value>
              </pair>
            </string-map>
          </display>
          <desc>
            <string-map>
              <pair>
                <locale country="" lang="de" variant=""/>
                <value/>
              </pair>
              <pair>
                <locale country="" lang="ar" variant=""/>
                <value/>
              </pair>
              <pair>
                <locale country="GB" lang="en" variant=""/>
                <value/>
              </pair>
              <pair>
                <locale country="" lang="ru" variant=""/>
                <value/>
              </pair>
              <pair>
                <locale country="US" lang="en" variant=""/>
                <value/>
              </pair>
              <pair>
                <locale country="MX" lang="es" variant=""/>
                <value/>
              </pair>
            </string-map>
          </desc>
          <notify>false</notify>
          <confirmation-url/>
          <lane/>
          <overrideLaneAssignment>false</overrideLaneAssignment>
          <ac>
            <local-id>core.0</local-id>
            <name><![CDATA[Start Node]]></name>
            <acps/>
            <custom-params/>
            <output-exprs/>
            <requires-user-interaction>true</requires-user-interaction>
            <run-as>
              <performer id="0"/>
            </run-as>
            <form-map/>
            <helper-class/>
          </ac>
          <multiple-instance/>
          <escalations/>
          <connections>
            <connection>
              <guiId>1</guiId>
              <to>2</to>
              <toObjectType>ap.gui.Node</toObjectType>
              <fromAnchor/>
              <toAnchor/>
              <showArrowhead>true</showArrowhead>
              <flowLabel/>
              <label>
                <fontColor>#000000</fontColor>
                <fontFamily>Arial, Helvetica, Sans-Serif</fontFamily>
                <fontSize>12</fontSize>
                <bold>false</bold>
                <italics>false</italics>
                <underline>false</underline>
              </label>
              <associations/>
              <chained>false</chained>
              <overridesAssignment>true</overridesAssignment>
              <synchronizeData>false</synchronizeData>
            </connection>
          </connections>
          <associations/>
          <target-completion>5.0</target-completion>
          <target-lag>1.0</target-lag>
          <attachments/>
          <notes/>
          <lingering>false</lingering>
          <on-create-ignore-if-active>false</on-create-ignore-if-active>
          <on-create-delete-previous-active>false</on-create-delete-previous-active>
          <on-complete-delete-previous-completed>false</on-complete-delete-previous-completed>
          <pre-triggers/>
          <post-triggers/>
          <event-producers/>
          <exception-flow/>
          <label>
            <fontColor>#000000</fontColor>
            <fontFamily>Arial, Helvetica, Sans-Serif</fontFamily>
            <fontSize>12</fontSize>
            <bold>false</bold>
            <italics>false</italics>
            <underline>false</underline>
          </label>
          <deadline>
            <enabled>false</enabled>
            <type>0</type>
            <units>0</units>
            <rex/>
            <aex/>
          </deadline>
          <allowsBack>false</allowsBack>
          <refreshDefaultValues>false</refreshDefaultValues>
          <on-complete-keep-form-data>false</on-complete-keep-form-data>
          <skipNotification>false</skipNotification>
        </node>
        <node uuid="0001e536-7a32-8000-fda9-7f0000014e7a">
          <guiId>1</guiId>
          <owner/>
          <icon id="51"/>
          <picon id="0"/>
          <fname>
            <string-map>
              <pair>
                <locale country="" lang="de" variant=""/>
                <value><![CDATA[End Node]]></value>
              </pair>
              <pair>
                <locale country="" lang="ar" variant=""/>
                <value><![CDATA[End Node]]></value>
              </pair>
              <pair>
                <locale country="GB" lang="en" variant=""/>
                <value><![CDATA[End Node]]></value>
              </pair>
              <pair>
                <locale country="" lang="ru" variant=""/>
                <value><![CDATA[End Node]]></value>
              </pair>
              <pair>
                <locale country="US" lang="en" variant=""/>
                <value><![CDATA[End Node]]></value>
              </pair>
              <pair>
                <locale country="MX" lang="es" variant=""/>
                <value><![CDATA[End Node]]></value>
              </pair>
            </string-map>
          </fname>
          <x>1344</x>
          <y>280</y>
          <display>
            <string-map>
              <pair>
                <locale country="" lang="de" variant=""/>
                <value><![CDATA[End Node]]></value>
              </pair>
              <pair>
                <locale country="" lang="ar" variant=""/>
                <value><![CDATA[End Node]]></value>
              </pair>
              <pair>
                <locale country="" lang="ru" variant=""/>
                <value><![CDATA[End Node]]></value>
              </pair>
              <pair>
                <locale country="GB" lang="en" variant=""/>
                <value><![CDATA[End Node]]></value>
              </pair>
              <pair>
                <locale country="US" lang="en" variant=""/>
                <value><![CDATA[End Node]]></value>
              </pair>
              <pair>
                <locale country="MX" lang="es" variant=""/>
                <value><![CDATA[End Node]]></value>
              </pair>
            </string-map>
          </display>
          <desc>
            <string-map>
              <pair>
                <locale country="" lang="de" variant=""/>
                <value/>
              </pair>
              <pair>
                <locale country="" lang="ar" variant=""/>
                <value/>
              </pair>
              <pair>
                <locale country="GB" lang="en" variant=""/>
                <value/>
              </pair>
              <pair>
                <locale country="" lang="ru" variant=""/>
                <value/>
              </pair>
              <pair>
                <locale country="US" lang="en" variant=""/>
                <value/>
              </pair>
              <pair>
                <locale country="MX" lang="es" variant=""/>
                <value/>
              </pair>
            </string-map>
          </desc>
          <notify>false</notify>
          <confirmation-url/>
          <lane/>
          <overrideLaneAssignment>false</overrideLaneAssignment>
          <ac>
            <local-id>core.1</local-id>
            <name><![CDATA[End Node]]></name>
            <acps>
              <acp name="pmID">
                <a:value xsi:nil="true" xsi:type="a:ProcessModel"/>
                <a:local-id>0</a:local-id>
                <a:expr/>
                <a:required>0</a:required>
                <a:editable>0</a:editable>
                <a:assign-to-pv/>
                <a:input-to-activity-class>true</a:input-to-activity-class>
                <a:hidden-from-designer>false</a:hidden-from-designer>
                <a:generated>false</a:generated>
                <a:enumeration/>
                <a:customDisplayReference/>
              </acp>
              <acp name="inMap">
                <a:value xsi:nil="true" xsi:type="a:Bean?list"/>
                <a:local-id>1</a:local-id>
                <a:expr/>
                <a:required>0</a:required>
                <a:editable>1</a:editable>
                <a:assign-to-pv/>
                <a:input-to-activity-class>true</a:input-to-activity-class>
                <a:hidden-from-designer>false</a:hidden-from-designer>
                <a:generated>false</a:generated>
                <a:enumeration/>
                <a:customDisplayReference/>
              </acp>
              <acp name="procInheritsPriority">
                <a:value xmlns="" xsi:type="xsd:int">1</a:value>
                <a:local-id>5</a:local-id>
                <a:expr/>
                <a:required>0</a:required>
                <a:editable>1</a:editable>
                <a:assign-to-pv/>
                <a:input-to-activity-class>false</a:input-to-activity-class>
                <a:hidden-from-designer>false</a:hidden-from-designer>
                <a:generated>false</a:generated>
                <a:enumeration/>
                <a:customDisplayReference/>
              </acp>
              <acp name="pmUUID">
                <a:value xsi:nil="true" xsi:type="xsd:string"/>
                <a:local-id>6</a:local-id>
                <a:expr/>
                <a:required>0</a:required>
                <a:editable>1</a:editable>
                <a:assign-to-pv/>
                <a:input-to-activity-class>true</a:input-to-activity-class>
                <a:hidden-from-designer>false</a:hidden-from-designer>
                <a:generated>false</a:generated>
                <a:enumeration/>
                <a:customDisplayReference/>
              </acp>
              <acp name="isAsynchronous">
                <a:value xmlns="" xsi:type="xsd:boolean">true</a:value>
                <a:local-id>7</a:local-id>
                <a:expr/>
                <a:required>1</a:required>
                <a:editable>0</a:editable>
                <a:assign-to-pv/>
                <a:input-to-activity-class>true</a:input-to-activity-class>
                <a:hidden-from-designer>true</a:hidden-from-designer>
                <a:generated>false</a:generated>
                <a:enumeration/>
                <a:customDisplayReference/>
              </acp>
              <acp name="isTransparent">
                <a:value xmlns="" xsi:type="xsd:boolean">true</a:value>
                <a:local-id>14</a:local-id>
                <a:expr/>
                <a:required>1</a:required>
                <a:editable>1</a:editable>
                <a:assign-to-pv/>
                <a:input-to-activity-class>true</a:input-to-activity-class>
                <a:hidden-from-designer>true</a:hidden-from-designer>
                <a:generated>false</a:generated>
                <a:enumeration/>
                <a:customDisplayReference/>
              </acp>
              <acp name="inheritSecurity">
                <a:value xmlns="" xsi:type="xsd:boolean">false</a:value>
                <a:local-id>15</a:local-id>
                <a:expr/>
                <a:required>1</a:required>
                <a:editable>1</a:editable>
                <a:assign-to-pv/>
                <a:input-to-activity-class>true</a:input-to-activity-class>
                <a:hidden-from-designer>true</a:hidden-from-designer>
                <a:generated>false</a:generated>
                <a:enumeration/>
                <a:customDisplayReference/>
              </acp>
            </acps>
            <custom-params/>
            <output-exprs/>
            <requires-user-interaction>true</requires-user-interaction>
            <run-as>
              <performer id="0"/>
            </run-as>
            <form-map/>
            <helper-class/>
          </ac>
          <multiple-instance/>
          <escalations/>
          <connections/>
          <associations/>
          <target-completion>5.0</target-completion>
          <target-lag>1.0</target-lag>
          <attachments/>
          <notes/>
          <lingering>false</lingering>
          <on-create-ignore-if-active>false</on-create-ignore-if-active>
          <on-create-delete-previous-active>false</on-create-delete-previous-active>
          <on-complete-delete-previous-completed>false</on-complete-delete-previous-completed>
          <pre-triggers/>
          <post-triggers/>
          <event-producers/>
          <exception-flow/>
          <label>
            <fontColor>#000000</fontColor>
            <fontFamily>Arial, Helvetica, Sans-Serif</fontFamily>
            <fontSize>12</fontSize>
            <bold>false</bold>
            <italics>false</italics>
            <underline>false</underline>
          </label>
          <deadline>
            <enabled>false</enabled>
            <type>0</type>
            <units>0</units>
            <rex/>
            <aex/>
          </deadline>
          <allowsBack>false</allowsBack>
          <refreshDefaultValues>false</refreshDefaultValues>
          <on-complete-keep-form-data>false</on-complete-keep-form-data>
          <skipNotification>false</skipNotification>
        </node>
        <node uuid="0001e536-7ad5-8000-fdaf-7f0000014e7a">
          <guiId>3</guiId>
          <owner/>
          <icon id="68"/>
          <picon id="69"/>
          <fname>
            <string-map>
              <pair>
                <locale country="" lang="de" variant=""/>
                <value/>
              </pair>
              <pair>
                <locale country="" lang="ar" variant=""/>
                <value/>
              </pair>
              <pair>
                <locale country="GB" lang="en" variant=""/>
                <value/>
              </pair>
              <pair>
                <locale country="" lang="ru" variant=""/>
                <value/>
              </pair>
              <pair>
                <locale country="US" lang="en" variant=""/>
                <value><![CDATA[Exit]]></value>
              </pair>
              <pair>
                <locale country="MX" lang="es" variant=""/>
                <value/>
              </pair>
            </string-map>
          </fname>
          <x>616</x>
          <y>448</y>
          <display>
            <string-map>
              <pair>
                <locale country="" lang="de" variant=""/>
                <value/>
              </pair>
              <pair>
                <locale country="" lang="ar" variant=""/>
                <value/>
              </pair>
              <pair>
                <locale country="" lang="ru" variant=""/>
                <value/>
              </pair>
              <pair>
                <locale country="GB" lang="en" variant=""/>
                <value/>
              </pair>
              <pair>
                <locale country="US" lang="en" variant=""/>
                <value><![CDATA[Exit]]></value>
              </pair>
              <pair>
                <locale country="MX" lang="es" variant=""/>
                <value/>
              </pair>
            </string-map>
          </display>
          <desc>
            <string-map>
              <pair>
                <locale country="" lang="de" variant=""/>
                <value/>
              </pair>
              <pair>
                <locale country="" lang="ar" variant=""/>
                <value/>
              </pair>
              <pair>
                <locale country="GB" lang="en" variant=""/>
                <value/>
              </pair>
              <pair>
                <locale country="" lang="ru" variant=""/>
                <value/>
              </pair>
              <pair>
                <locale country="US" lang="en" variant=""/>
                <value/>
              </pair>
              <pair>
                <locale country="MX" lang="es" variant=""/>
                <value/>
              </pair>
            </string-map>
          </desc>
          <notify>false</notify>
          <confirmation-url/>
          <lane/>
          <overrideLaneAssignment>false</overrideLaneAssignment>
          <ac>
            <local-id>internal.16</local-id>
            <name><![CDATA[Unattended Multiple Questions]]></name>
            <acps/>
            <custom-params/>
            <output-exprs/>
            <requires-user-interaction>true</requires-user-interaction>
            <run-as>
              <performer id="0"/>
            </run-as>
            <form-map/>
            <helper-class/>
          </ac>
          <multiple-instance/>
          <escalations/>
          <connections>
            <connection>
              <guiId>5</guiId>
              <to>1</to>
              <toObjectType>ap.gui.Node</toObjectType>
              <fromAnchor>1</fromAnchor>
              <toAnchor>2</toAnchor>
              <showArrowhead>true</showArrowhead>
              <flowLabel/>
              <label>
                <fontColor>#000000</fontColor>
                <fontFamily>Arial, Helvetica, Sans-Serif</fontFamily>
                <fontSize>12</fontSize>
                <bold>false</bold>
                <italics>false</italics>
                <underline>false</underline>
              </label>
              <associations/>
              <chained>false</chained>
              <overridesAssignment>true</overridesAssignment>
              <synchronizeData>false</synchronizeData>
            </connection>
          </connections>
          <associations/>
          <target-completion>5.0</target-completion>
          <target-lag>1.0</target-lag>
          <attachments/>
          <notes/>
          <lingering>false</lingering>
          <on-create-ignore-if-active>false</on-create-ignore-if-active>
          <on-create-delete-previous-active>false</on-create-delete-previous-active>
          <on-complete-delete-previous-completed>false</on-complete-delete-previous-completed>
          <pre-triggers/>
          <post-triggers/>
          <event-producers/>
          <exception-flow/>
          <label>
            <fontColor>#000000</fontColor>
            <fontFamily>Arial, Helvetica, Sans-Serif</fontFamily>
            <fontSize>12</fontSize>
            <bold>false</bold>
            <italics>false</italics>
            <underline>false</underline>
          </label>
          <deadline>
            <enabled>false</enabled>
            <type>0</type>
            <units>0</units>
            <rex/>
            <aex/>
          </deadline>
          <allowsBack>false</allowsBack>
          <refreshDefaultValues>false</refreshDefaultValues>
          <on-complete-keep-form-data>false</on-complete-keep-form-data>
          <skipNotification>false</skipNotification>
        </node>
        <node uuid="0002e536-7ad5-8000-fdaf-7f0000014e7a">
          <guiId>2</guiId>
          <owner/>
          <icon id="58"/>
          <picon id="59"/>
          <fname>
            <string-map>
              <pair>
                <locale country="" lang="de" variant=""/>
                <value/>
              </pair>
              <pair>
                <locale country="" lang="ar" variant=""/>
                <value/>
              </pair>
              <pair>
                <locale country="GB" lang="en" variant=""/>
                <value/>
              </pair>
              <pair>
                <locale country="" lang="ru" variant=""/>
                <value/>
              </pair>
              <pair>
                <locale country="US" lang="en" variant=""/>
                <value><![CDATA[XOR]]></value>
              </pair>
              <pair>
                <locale country="MX" lang="es" variant=""/>
                <value/>
              </pair>
            </string-map>
          </fname>
          <x>252</x>
          <y>280</y>
          <display>
            <string-map>
              <pair>
                <locale country="" lang="de" variant=""/>
                <value/>
              </pair>
              <pair>
                <locale country="" lang="ar" variant=""/>
                <value/>
              </pair>
              <pair>
                <locale country="" lang="ru" variant=""/>
                <value/>
              </pair>
              <pair>
                <locale country="GB" lang="en" variant=""/>
                <value/>
              </pair>
              <pair>
                <locale country="US" lang="en" variant=""/>
                <value><![CDATA[XOR]]></value>
              </pair>
              <pair>
                <locale country="MX" lang="es" variant=""/>
                <value/>
              </pair>
            </string-map>
          </display>
          <desc>
            <string-map>
              <pair>
                <locale country="" lang="de" variant=""/>
                <value/>
              </pair>
              <pair>
                <locale country="" lang="ar" variant=""/>
                <value/>
              </pair>
              <pair>
                <locale country="GB" lang="en" variant=""/>
                <value/>
              </pair>
              <pair>
                <locale country="" lang="ru" variant=""/>
                <value/>
              </pair>
              <pair>
                <locale country="US" lang="en" variant=""/>
                <value/>
              </pair>
              <pair>
                <locale country="MX" lang="es" variant=""/>
                <value/>
              </pair>
            </string-map>
          </desc>
          <notify>false</notify>
          <confirmation-url/>
          <lane/>
          <overrideLaneAssignment>true</overrideLaneAssignment>
          <ac>
            <local-id>core.4</local-id>
            <name><![CDATA[XOR]]></name>
            <acps>
              <acp name="defaultNode">
                <a:value xmlns="" xsi:type="xsd:int">6</a:value>
                <a:local-id>0</a:local-id>
                <a:expr/>
                <a:required>1</a:required>
                <a:editable>0</a:editable>
                <a:assign-to-pv/>
                <a:input-to-activity-class>true</a:input-to-activity-class>
                <a:hidden-from-designer>false</a:hidden-from-designer>
                <a:generated>false</a:generated>
                <a:enumeration/>
                <a:customDisplayReference/>
              </acp>
              <acp name="rules">
                <a:value xmlns="" xsi:type="a:Bean?list">
                  <a:acps>
                    <a:acp name="rule">
                      <a:value xsi:type="a:Bean">
                        <a:acps>
                          <a:acp name="expression">
                            <a:value xsi:nil="true" xsi:type="xsd:boolean"/>
                            <a:local-id>3</a:local-id>
                            <a:expr><![CDATA[=pv!cancel]]></a:expr>
                            <a:required>0</a:required>
                            <a:editable>1</a:editable>
                            <a:assign-to-pv/>
                            <a:input-to-activity-class>true</a:input-to-activity-class>
                            <a:hidden-from-designer>false</a:hidden-from-designer>
                            <a:generated>false</a:generated>
                            <a:enumeration/>
                            <a:customDisplayReference/>
                          </a:acp>
                          <a:acp name="node">
                            <a:value xsi:type="xsd:int">3</a:value>
                            <a:local-id>4</a:local-id>
                            <a:expr/>
                            <a:required>0</a:required>
                            <a:editable>0</a:editable>
                            <a:assign-to-pv/>
                            <a:input-to-activity-class>true</a:input-to-activity-class>
                            <a:hidden-from-designer>false</a:hidden-from-designer>
                            <a:generated>false</a:generated>
                            <a:enumeration/>
                            <a:customDisplayReference/>
                          </a:acp>
                          <a:acp name="label">
                            <a:value xsi:nil="true" xsi:type="xsd:string"/>
                            <a:local-id>5</a:local-id>
                            <a:expr/>
                            <a:required>0</a:required>
                            <a:editable>0</a:editable>
                            <a:assign-to-pv/>
                            <a:input-to-activity-class>true</a:input-to-activity-class>
                            <a:hidden-from-designer>false</a:hidden-from-designer>
                            <a:generated>false</a:generated>
                            <a:enumeration/>
                            <a:customDisplayReference/>
                          </a:acp>
                        </a:acps>
                      </a:value>
                      <a:local-id>2</a:local-id>
                      <a:expr/>
                      <a:required>0</a:required>
                      <a:editable>0</a:editable>
                      <a:assign-to-pv/>
                      <a:input-to-activity-class>true</a:input-to-activity-class>
                      <a:hidden-from-designer>false</a:hidden-from-designer>
                      <a:generated>false</a:generated>
                      <a:enumeration/>
                      <a:customDisplayReference/>
                    </a:acp>
                  </a:acps>
                </a:value>
                <a:local-id>1</a:local-id>
                <a:expr/>
                <a:required>0</a:required>
                <a:editable>0</a:editable>
                <a:assign-to-pv/>
                <a:input-to-activity-class>true</a:input-to-activity-class>
                <a:hidden-from-designer>false</a:hidden-from-designer>
                <a:generated>false</a:generated>
                <a:enumeration/>
                <a:customDisplayReference/>
              </acp>
              <acp name="fired">
                <a:value xmlns="" xsi:type="xsd:int">0</a:value>
                <a:local-id>6</a:local-id>
                <a:expr/>
                <a:required>0</a:required>
                <a:editable>1</a:editable>
                <a:assign-to-pv/>
                <a:input-to-activity-class>false</a:input-to-activity-class>
                <a:hidden-from-designer>false</a:hidden-from-designer>
                <a:generated>false</a:generated>
                <a:enumeration/>
                <a:customDisplayReference/>
              </acp>
              <acp name="arrivedNodes">
                <a:value xsi:nil="true" xsi:type="a:Integer?list"/>
                <a:local-id>7</a:local-id>
                <a:expr/>
                <a:required>0</a:required>
                <a:editable>0</a:editable>
                <a:assign-to-pv/>
                <a:input-to-activity-class>false</a:input-to-activity-class>
                <a:hidden-from-designer>false</a:hidden-from-designer>
                <a:generated>false</a:generated>
                <a:enumeration/>
                <a:customDisplayReference/>
              </acp>
            </acps>
            <custom-params/>
            <output-exprs/>
            <requires-user-interaction>true</requires-user-interaction>
            <run-as>
              <performer id="0"/>
            </run-as>
            <form-map/>
            <helper-class/>
          </ac>
          <multiple-instance/>
          <escalations/>
          <connections>
            <connection>
              <guiId>4</guiId>
              <to>3</to>
              <toObjectType>ap.gui.Node</toObjectType>
              <fromAnchor>2</fromAnchor>
              <toAnchor>3</toAnchor>
              <showArrowhead>true</showArrowhead>
              <flowLabel/>
              <label>
                <fontColor>#000000</fontColor>
                <fontFamily>Arial, Helvetica, Sans-Serif</fontFamily>
                <fontSize>12</fontSize>
                <bold>false</bold>
                <italics>false</italics>
                <underline>false</underline>
              </label>
              <associations/>
              <chained>false</chained>
              <overridesAssignment>true</overridesAssignment>
              <synchronizeData>false</synchronizeData>
            </connection>
            <connection>
              <guiId>7</guiId>
              <to>6</to>
              <toObjectType>ap.gui.Node</toObjectType>
              <fromAnchor/>
              <toAnchor/>
              <showArrowhead>true</showArrowhead>
              <flowLabel/>
              <label>
                <fontColor>#000000</fontColor>
                <fontFamily>Arial, Helvetica, Sans-Serif</fontFamily>
                <fontSize>12</fontSize>
                <bold>false</bold>
                <italics>false</italics>
                <underline>false</underline>
              </label>
              <associations/>
              <chained>false</chained>
              <overridesAssignment>true</overridesAssignment>
              <synchronizeData>false</synchronizeData>
            </connection>
          </connections>
          <associations/>
          <target-completion>5.0</target-completion>
          <target-lag>1.0</target-lag>
          <attachments/>
          <notes/>
          <lingering>false</lingering>
          <on-create-ignore-if-active>false</on-create-ignore-if-active>
          <on-create-delete-previous-active>false</on-create-delete-previous-active>
          <on-complete-delete-previous-completed>false</on-complete-delete-previous-completed>
          <pre-triggers/>
          <post-triggers/>
          <event-producers/>
          <exception-flow/>
          <label>
            <fontColor>#000000</fontColor>
            <fontFamily>Arial, Helvetica, Sans-Serif</fontFamily>
            <fontSize>12</fontSize>
            <bold>false</bold>
            <italics>false</italics>
            <underline>false</underline>
          </label>
          <deadline>
            <enabled>false</enabled>
            <type>0</type>
            <units>0</units>
            <rex/>
            <aex/>
          </deadline>
          <allowsBack>false</allowsBack>
          <refreshDefaultValues>false</refreshDefaultValues>
          <on-complete-keep-form-data>false</on-complete-keep-form-data>
          <skipNotification>false</skipNotification>
        </node>
        <node uuid="0003e536-7ad5-8000-fdaf-7f0000014e7a">
          <guiId>6</guiId>
          <owner/>
          <icon id="998"/>
          <picon id="98"/>
          <fname>
            <string-map>
              <pair>
                <locale country="" lang="de" variant=""/>
                <value/>
              </pair>
              <pair>
                <locale country="" lang="ar" variant=""/>
                <value/>
              </pair>
              <pair>
                <locale country="GB" lang="en" variant=""/>
                <value/>
              </pair>
              <pair>
                <locale country="" lang="ru" variant=""/>
                <value/>
              </pair>
              <pair>
                <locale country="US" lang="en" variant=""/>
                <value><![CDATA[Write New Patient / Booking Data]]></value>
              </pair>
              <pair>
                <locale country="MX" lang="es" variant=""/>
                <value/>
              </pair>
            </string-map>
          </fname>
          <x>448</x>
          <y>280</y>
          <display>
            <string-map>
              <pair>
                <locale country="" lang="de" variant=""/>
                <value/>
              </pair>
              <pair>
                <locale country="" lang="ar" variant=""/>
                <value/>
              </pair>
              <pair>
                <locale country="" lang="ru" variant=""/>
                <value/>
              </pair>
              <pair>
                <locale country="GB" lang="en" variant=""/>
                <value/>
              </pair>
              <pair>
                <locale country="US" lang="en" variant=""/>
                <value><![CDATA[Write New Patient / Booking Data]]></value>
              </pair>
              <pair>
                <locale country="MX" lang="es" variant=""/>
                <value/>
              </pair>
            </string-map>
          </display>
          <desc>
            <string-map>
              <pair>
                <locale country="" lang="de" variant=""/>
                <value/>
              </pair>
              <pair>
                <locale country="" lang="ar" variant=""/>
                <value/>
              </pair>
              <pair>
                <locale country="GB" lang="en" variant=""/>
                <value/>
              </pair>
              <pair>
                <locale country="" lang="ru" variant=""/>
                <value/>
              </pair>
              <pair>
                <locale country="US" lang="en" variant=""/>
                <value/>
              </pair>
              <pair>
                <locale country="MX" lang="es" variant=""/>
                <value/>
              </pair>
            </string-map>
          </desc>
          <notify>false</notify>
          <confirmation-url/>
          <lane/>
          <overrideLaneAssignment>false</overrideLaneAssignment>
          <ac>
            <local-id>appian.system.smart-services.write-to-data-store</local-id>
            <name><![CDATA[Write to Data Store Entity]]></name>
            <acps>
              <acp name="DataStoreEntity">
                <a:value xsi:nil="true" xsi:type="a:DataStoreEntity"/>
                <a:local-id>input-DataStoreEntity</a:local-id>
                <a:expr><![CDATA[=#"_a-0000e530-51df-8000-9bb2-011c48011c48_2068995"]]></a:expr>
                <a:required>1</a:required>
                <a:editable>1</a:editable>
                <a:assign-to-pv/>
                <a:input-to-activity-class>true</a:input-to-activity-class>
                <a:hidden-from-designer>false</a:hidden-from-designer>
                <a:generated>false</a:generated>
                <a:enumeration/>
                <a:customDisplayReference/>
              </acp>
              <acp name="StoredValues">
                <a:value xsi:nil="true" xsi:type="a:Variant?list"/>
                <a:local-id>output-StoredValues</a:local-id>
                <a:expr/>
                <a:required>0</a:required>
                <a:editable>1</a:editable>
                <a:assign-to-pv/>
                <a:input-to-activity-class>false</a:input-to-activity-class>
                <a:hidden-from-designer>false</a:hidden-from-designer>
                <a:generated>false</a:generated>
                <a:enumeration/>
                <a:customDisplayReference/>
              </acp>
            </acps>
            <custom-params>
              <acp name="patiendData">
                <a:value xmlns:n1="urn:com:appian:types:hms"
                  xsi:nil="true" xsi:type="n1:HMS_PatientInfo"/>
                <a:local-id/>
                <a:expr><![CDATA[=pv!HMS_PatientInfo]]></a:expr>
                <a:required>0</a:required>
                <a:editable>1</a:editable>
                <a:assign-to-pv><![CDATA[HMS_PatientInfo]]></a:assign-to-pv>
                <a:input-to-activity-class>true</a:input-to-activity-class>
                <a:hidden-from-designer>false</a:hidden-from-designer>
                <a:generated>false</a:generated>
                <a:enumeration/>
                <a:customDisplayReference/>
              </acp>
            </custom-params>
            <output-exprs/>
            <requires-user-interaction>true</requires-user-interaction>
            <run-as>
              <performer id="0"/>
            </run-as>
            <form-map>
              <pair>
                <locale country="" lang="de" variant=""/>
                <form-config>
                  <form>
                    <type>3</type>
                    <enabled>false</enabled>
                    <dynamic-form>
                      <form-elements/>
                    </dynamic-form>
                    <hiddenSections>16</hiddenSections>
                  </form>
                </form-config>
              </pair>
              <pair>
                <locale country="MX" lang="es" variant=""/>
                <form-config>
                  <form>
                    <type>3</type>
                    <enabled>false</enabled>
                    <dynamic-form>
                      <form-elements/>
                    </dynamic-form>
                    <hiddenSections>16</hiddenSections>
                  </form>
                </form-config>
              </pair>
              <pair>
                <locale country="" lang="ar" variant=""/>
                <form-config>
                  <form>
                    <type>3</type>
                    <enabled>false</enabled>
                    <dynamic-form>
                      <form-elements/>
                    </dynamic-form>
                    <hiddenSections>16</hiddenSections>
                  </form>
                </form-config>
              </pair>
              <pair>
                <locale country="" lang="ru" variant=""/>
                <form-config>
                  <form>
                    <type>3</type>
                    <enabled>false</enabled>
                    <dynamic-form>
                      <form-elements/>
                    </dynamic-form>
                    <hiddenSections>16</hiddenSections>
                  </form>
                </form-config>
              </pair>
              <pair>
                <locale country="US" lang="en" variant=""/>
                <form-config>
                  <form>
                    <type>3</type>
                    <enabled>true</enabled>
                    <dynamic-form>
                      <form-elements>
                        <form-element>
                          <label><![CDATA[Question1]]></label>
                          <instructions/>
                          <editable>true</editable>
                          <hidden>false</hidden>
                          <multiple>false</multiple>
                          <required>false</required>
                          <type>2</type>
                          <options/>
                          <name><![CDATA[Question1]]></name>
                          <mapped-to><![CDATA[patiendData]]></mapped-to>
                          <value/>
                          <extra><![CDATA[{}]]></extra>
                        </form-element>
                      </form-elements>
                    </dynamic-form>
                    <uiExpressionForm>
                      <expression><![CDATA[=/*41707069616E-GEN-DEBUG*/=a!formLayout(
  buttons: a!buttonLayout(
    primaryButtons: {
      a!buttonWidgetSubmit(
        label: "OK",
        style: "PRIMARY"
      )
    }
  ))]]></expression>
                    </uiExpressionForm>
                    <hiddenSections>16</hiddenSections>
                  </form>
                </form-config>
              </pair>
              <pair>
                <locale country="GB" lang="en" variant=""/>
                <form-config>
                  <form>
                    <type>3</type>
                    <enabled>false</enabled>
                    <dynamic-form>
                      <form-elements/>
                    </dynamic-form>
                    <hiddenSections>16</hiddenSections>
                  </form>
                </form-config>
              </pair>
            </form-map>
            <helper-class/>
          </ac>
          <multiple-instance/>
          <escalations/>
          <connections>
            <connection>
              <guiId>13</guiId>
              <to>12</to>
              <toObjectType>ap.gui.Node</toObjectType>
              <fromAnchor/>
              <toAnchor/>
              <showArrowhead>true</showArrowhead>
              <flowLabel/>
              <label>
                <fontColor>#000000</fontColor>
                <fontFamily>Arial, Helvetica, Sans-Serif</fontFamily>
                <fontSize>12</fontSize>
                <bold>false</bold>
                <italics>false</italics>
                <underline>false</underline>
              </label>
              <associations/>
              <chained>false</chained>
              <overridesAssignment>true</overridesAssignment>
              <synchronizeData>false</synchronizeData>
            </connection>
          </connections>
          <associations/>
          <target-completion>5.0</target-completion>
          <target-lag>1.0</target-lag>
          <attachments/>
          <notes/>
          <lingering>false</lingering>
          <on-create-ignore-if-active>false</on-create-ignore-if-active>
          <on-create-delete-previous-active>false</on-create-delete-previous-active>
          <on-complete-delete-previous-completed>false</on-complete-delete-previous-completed>
          <pre-triggers/>
          <post-triggers/>
          <event-producers/>
          <exception-flow/>
          <label>
            <fontColor>#000000</fontColor>
            <fontFamily>Arial, Helvetica, Sans-Serif</fontFamily>
            <fontSize>12</fontSize>
            <bold>false</bold>
            <italics>false</italics>
            <underline>false</underline>
          </label>
          <deadline>
            <enabled>false</enabled>
            <type>0</type>
            <units>0</units>
            <rex/>
            <aex/>
          </deadline>
          <allowsBack>false</allowsBack>
          <refreshDefaultValues>false</refreshDefaultValues>
          <on-complete-keep-form-data>false</on-complete-keep-form-data>
          <skipNotification>false</skipNotification>
        </node>
        <node uuid="0001e536-8eb6-8000-fdbc-7f0000014e7a">
          <guiId>12</guiId>
          <owner/>
          <icon id="68"/>
          <picon id="69"/>
          <fname>
            <string-map>
              <pair>
                <locale country="" lang="de" variant=""/>
                <value/>
              </pair>
              <pair>
                <locale country="" lang="ar" variant=""/>
                <value/>
              </pair>
              <pair>
                <locale country="GB" lang="en" variant=""/>
                <value/>
              </pair>
              <pair>
                <locale country="" lang="ru" variant=""/>
                <value/>
              </pair>
              <pair>
                <locale country="US" lang="en" variant=""/>
                <value><![CDATA[Fetch Doctor Details]]></value>
              </pair>
              <pair>
                <locale country="MX" lang="es" variant=""/>
                <value/>
              </pair>
            </string-map>
          </fname>
          <x>672</x>
          <y>280</y>
          <display>
            <string-map>
              <pair>
                <locale country="" lang="de" variant=""/>
                <value/>
              </pair>
              <pair>
                <locale country="" lang="ar" variant=""/>
                <value/>
              </pair>
              <pair>
                <locale country="" lang="ru" variant=""/>
                <value/>
              </pair>
              <pair>
                <locale country="GB" lang="en" variant=""/>
                <value/>
              </pair>
              <pair>
                <locale country="US" lang="en" variant=""/>
                <value><![CDATA[Fetch Doctor Details]]></value>
              </pair>
              <pair>
                <locale country="MX" lang="es" variant=""/>
                <value/>
              </pair>
            </string-map>
          </display>
          <desc>
            <string-map>
              <pair>
                <locale country="" lang="de" variant=""/>
                <value/>
              </pair>
              <pair>
                <locale country="" lang="ar" variant=""/>
                <value/>
              </pair>
              <pair>
                <locale country="GB" lang="en" variant=""/>
                <value/>
              </pair>
              <pair>
                <locale country="" lang="ru" variant=""/>
                <value/>
              </pair>
              <pair>
                <locale country="US" lang="en" variant=""/>
                <value/>
              </pair>
              <pair>
                <locale country="MX" lang="es" variant=""/>
                <value/>
              </pair>
            </string-map>
          </desc>
          <notify>false</notify>
          <confirmation-url/>
          <lane/>
          <overrideLaneAssignment>false</overrideLaneAssignment>
          <ac>
            <local-id>internal.16</local-id>
            <name><![CDATA[Unattended Multiple Questions]]></name>
            <acps/>
            <custom-params/>
            <output-exprs>
              <el typeFlag="0"><![CDATA[doctorInfo:index(#"_a-0000e530-51df-8000-9bb2-011c48011c48_2069553"(doctorID : pv!HMS_PatientInfo.nextConsultationDoctor),"data",NULL)]]></el>
            </output-exprs>
            <requires-user-interaction>true</requires-user-interaction>
            <run-as>
              <performer id="0"/>
            </run-as>
            <form-map/>
            <helper-class/>
          </ac>
          <multiple-instance/>
          <escalations/>
          <connections>
            <connection>
              <guiId>19</guiId>
              <to>18</to>
              <toObjectType>ap.gui.Node</toObjectType>
              <fromAnchor/>
              <toAnchor/>
              <showArrowhead>true</showArrowhead>
              <flowLabel/>
              <label>
                <fontColor>#000000</fontColor>
                <fontFamily>Arial, Helvetica, Sans-Serif</fontFamily>
                <fontSize>12</fontSize>
                <bold>false</bold>
                <italics>false</italics>
                <underline>false</underline>
              </label>
              <associations/>
              <chained>false</chained>
              <overridesAssignment>true</overridesAssignment>
              <synchronizeData>false</synchronizeData>
            </connection>
          </connections>
          <associations/>
          <target-completion>5.0</target-completion>
          <target-lag>1.0</target-lag>
          <attachments/>
          <notes/>
          <lingering>false</lingering>
          <on-create-ignore-if-active>false</on-create-ignore-if-active>
          <on-create-delete-previous-active>false</on-create-delete-previous-active>
          <on-complete-delete-previous-completed>false</on-complete-delete-previous-completed>
          <pre-triggers/>
          <post-triggers/>
          <event-producers/>
          <exception-flow/>
          <label>
            <fontColor>#000000</fontColor>
            <fontFamily>Arial, Helvetica, Sans-Serif</fontFamily>
            <fontSize>12</fontSize>
            <bold>false</bold>
            <italics>false</italics>
            <underline>false</underline>
          </label>
          <deadline>
            <enabled>false</enabled>
            <type>0</type>
            <units>0</units>
            <rex/>
            <aex/>
          </deadline>
          <allowsBack>false</allowsBack>
          <refreshDefaultValues>false</refreshDefaultValues>
          <on-complete-keep-form-data>false</on-complete-keep-form-data>
          <skipNotification>false</skipNotification>
        </node>
        <node uuid="0001e536-9347-8000-fdbe-7f0000014e7a">
          <guiId>18</guiId>
          <owner/>
          <icon id="68"/>
          <picon id="69"/>
          <fname>
            <string-map>
              <pair>
                <locale country="" lang="de" variant=""/>
                <value/>
              </pair>
              <pair>
                <locale country="" lang="ar" variant=""/>
                <value/>
              </pair>
              <pair>
                <locale country="GB" lang="en" variant=""/>
                <value/>
              </pair>
              <pair>
                <locale country="" lang="ru" variant=""/>
                <value/>
              </pair>
              <pair>
                <locale country="US" lang="en" variant=""/>
                <value><![CDATA[Dummy]]></value>
              </pair>
              <pair>
                <locale country="MX" lang="es" variant=""/>
                <value/>
              </pair>
            </string-map>
          </fname>
          <x>812</x>
          <y>280</y>
          <display>
            <string-map>
              <pair>
                <locale country="" lang="de" variant=""/>
                <value/>
              </pair>
              <pair>
                <locale country="" lang="ar" variant=""/>
                <value/>
              </pair>
              <pair>
                <locale country="" lang="ru" variant=""/>
                <value/>
              </pair>
              <pair>
                <locale country="GB" lang="en" variant=""/>
                <value/>
              </pair>
              <pair>
                <locale country="US" lang="en" variant=""/>
                <value><![CDATA[Dummy]]></value>
              </pair>
              <pair>
                <locale country="MX" lang="es" variant=""/>
                <value/>
              </pair>
            </string-map>
          </display>
          <desc>
            <string-map>
              <pair>
                <locale country="" lang="de" variant=""/>
                <value/>
              </pair>
              <pair>
                <locale country="" lang="ar" variant=""/>
                <value/>
              </pair>
              <pair>
                <locale country="GB" lang="en" variant=""/>
                <value/>
              </pair>
              <pair>
                <locale country="" lang="ru" variant=""/>
                <value/>
              </pair>
              <pair>
                <locale country="US" lang="en" variant=""/>
                <value/>
              </pair>
              <pair>
                <locale country="MX" lang="es" variant=""/>
                <value/>
              </pair>
            </string-map>
          </desc>
          <notify>false</notify>
          <confirmation-url/>
          <lane/>
          <overrideLaneAssignment>false</overrideLaneAssignment>
          <ac>
            <local-id>internal.16</local-id>
            <name><![CDATA[Unattended Multiple Questions]]></name>
            <acps/>
            <custom-params/>
            <output-exprs/>
            <requires-user-interaction>true</requires-user-interaction>
            <run-as>
              <performer id="0"/>
            </run-as>
            <form-map/>
            <helper-class/>
          </ac>
          <multiple-instance/>
          <escalations/>
          <connections>
            <connection>
              <guiId>20</guiId>
              <to>9</to>
              <toObjectType>ap.gui.Node</toObjectType>
              <fromAnchor/>
              <toAnchor/>
              <showArrowhead>true</showArrowhead>
              <flowLabel/>
              <label>
                <fontColor>#000000</fontColor>
                <fontFamily>Arial, Helvetica, Sans-Serif</fontFamily>
                <fontSize>12</fontSize>
                <bold>false</bold>
                <italics>false</italics>
                <underline>false</underline>
              </label>
              <associations/>
              <chained>false</chained>
              <overridesAssignment>true</overridesAssignment>
              <synchronizeData>false</synchronizeData>
            </connection>
          </connections>
          <associations/>
          <target-completion>5.0</target-completion>
          <target-lag>1.0</target-lag>
          <attachments/>
          <notes/>
          <lingering>false</lingering>
          <on-create-ignore-if-active>false</on-create-ignore-if-active>
          <on-create-delete-previous-active>false</on-create-delete-previous-active>
          <on-complete-delete-previous-completed>false</on-complete-delete-previous-completed>
          <pre-triggers/>
          <post-triggers/>
          <event-producers/>
          <exception-flow/>
          <label>
            <fontColor>#000000</fontColor>
            <fontFamily>Arial, Helvetica, Sans-Serif</fontFamily>
            <fontSize>12</fontSize>
            <bold>false</bold>
            <italics>false</italics>
            <underline>false</underline>
          </label>
          <deadline>
            <enabled>false</enabled>
            <type>0</type>
            <units>0</units>
            <rex/>
            <aex/>
          </deadline>
          <allowsBack>false</allowsBack>
          <refreshDefaultValues>false</refreshDefaultValues>
          <on-complete-keep-form-data>false</on-complete-keep-form-data>
          <skipNotification>false</skipNotification>
        </node>
        <node uuid="0002e536-9347-8000-fdbe-7f0000014e7a">
          <guiId>15</guiId>
          <owner/>
          <icon id="58"/>
          <picon id="59"/>
          <fname>
            <string-map>
              <pair>
                <locale country="" lang="de" variant=""/>
                <value/>
              </pair>
              <pair>
                <locale country="" lang="ar" variant=""/>
                <value/>
              </pair>
              <pair>
                <locale country="GB" lang="en" variant=""/>
                <value/>
              </pair>
              <pair>
                <locale country="" lang="ru" variant=""/>
                <value/>
              </pair>
              <pair>
                <locale country="US" lang="en" variant=""/>
                <value><![CDATA[XOR]]></value>
              </pair>
              <pair>
                <locale country="MX" lang="es" variant=""/>
                <value/>
              </pair>
            </string-map>
          </fname>
          <x>1120</x>
          <y>280</y>
          <display>
            <string-map>
              <pair>
                <locale country="" lang="de" variant=""/>
                <value/>
              </pair>
              <pair>
                <locale country="" lang="ar" variant=""/>
                <value/>
              </pair>
              <pair>
                <locale country="" lang="ru" variant=""/>
                <value/>
              </pair>
              <pair>
                <locale country="GB" lang="en" variant=""/>
                <value/>
              </pair>
              <pair>
                <locale country="US" lang="en" variant=""/>
                <value><![CDATA[XOR]]></value>
              </pair>
              <pair>
                <locale country="MX" lang="es" variant=""/>
                <value/>
              </pair>
            </string-map>
          </display>
          <desc>
            <string-map>
              <pair>
                <locale country="" lang="de" variant=""/>
                <value/>
              </pair>
              <pair>
                <locale country="" lang="ar" variant=""/>
                <value/>
              </pair>
              <pair>
                <locale country="GB" lang="en" variant=""/>
                <value/>
              </pair>
              <pair>
                <locale country="" lang="ru" variant=""/>
                <value/>
              </pair>
              <pair>
                <locale country="US" lang="en" variant=""/>
                <value/>
              </pair>
              <pair>
                <locale country="MX" lang="es" variant=""/>
                <value/>
              </pair>
            </string-map>
          </desc>
          <notify>false</notify>
          <confirmation-url/>
          <lane/>
          <overrideLaneAssignment>true</overrideLaneAssignment>
          <ac>
            <local-id>core.4</local-id>
            <name><![CDATA[XOR]]></name>
            <acps>
              <acp name="defaultNode">
                <a:value xmlns="" xsi:type="xsd:int">4</a:value>
                <a:local-id>0</a:local-id>
                <a:expr/>
                <a:required>1</a:required>
                <a:editable>0</a:editable>
                <a:assign-to-pv/>
                <a:input-to-activity-class>true</a:input-to-activity-class>
                <a:hidden-from-designer>false</a:hidden-from-designer>
                <a:generated>false</a:generated>
                <a:enumeration/>
                <a:customDisplayReference/>
              </acp>
              <acp name="rules">
                <a:value xmlns="" xsi:type="a:Bean?list">
                  <a:acps>
                    <a:acp name="rule">
                      <a:value xsi:type="a:Bean">
                        <a:acps>
                          <a:acp name="expression">
                            <a:value xsi:nil="true" xsi:type="xsd:boolean"/>
                            <a:local-id>3</a:local-id>
                            <a:expr><![CDATA[=pv!hold]]></a:expr>
                            <a:required>0</a:required>
                            <a:editable>1</a:editable>
                            <a:assign-to-pv/>
                            <a:input-to-activity-class>true</a:input-to-activity-class>
                            <a:hidden-from-designer>false</a:hidden-from-designer>
                            <a:generated>false</a:generated>
                            <a:enumeration/>
                            <a:customDisplayReference/>
                          </a:acp>
                          <a:acp name="node">
                            <a:value xsi:type="xsd:int">18</a:value>
                            <a:local-id>4</a:local-id>
                            <a:expr/>
                            <a:required>0</a:required>
                            <a:editable>0</a:editable>
                            <a:assign-to-pv/>
                            <a:input-to-activity-class>true</a:input-to-activity-class>
                            <a:hidden-from-designer>false</a:hidden-from-designer>
                            <a:generated>false</a:generated>
                            <a:enumeration/>
                            <a:customDisplayReference/>
                          </a:acp>
                          <a:acp name="label">
                            <a:value xsi:nil="true" xsi:type="xsd:string"/>
                            <a:local-id>5</a:local-id>
                            <a:expr/>
                            <a:required>0</a:required>
                            <a:editable>0</a:editable>
                            <a:assign-to-pv/>
                            <a:input-to-activity-class>true</a:input-to-activity-class>
                            <a:hidden-from-designer>false</a:hidden-from-designer>
                            <a:generated>false</a:generated>
                            <a:enumeration/>
                            <a:customDisplayReference/>
                          </a:acp>
                        </a:acps>
                      </a:value>
                      <a:local-id>2</a:local-id>
                      <a:expr/>
                      <a:required>0</a:required>
                      <a:editable>0</a:editable>
                      <a:assign-to-pv/>
                      <a:input-to-activity-class>true</a:input-to-activity-class>
                      <a:hidden-from-designer>false</a:hidden-from-designer>
                      <a:generated>false</a:generated>
                      <a:enumeration/>
                      <a:customDisplayReference/>
                    </a:acp>
                  </a:acps>
                </a:value>
                <a:local-id>1</a:local-id>
                <a:expr/>
                <a:required>0</a:required>
                <a:editable>0</a:editable>
                <a:assign-to-pv/>
                <a:input-to-activity-class>true</a:input-to-activity-class>
                <a:hidden-from-designer>false</a:hidden-from-designer>
                <a:generated>false</a:generated>
                <a:enumeration/>
                <a:customDisplayReference/>
              </acp>
              <acp name="fired">
                <a:value xmlns="" xsi:type="xsd:int">0</a:value>
                <a:local-id>6</a:local-id>
                <a:expr/>
                <a:required>0</a:required>
                <a:editable>1</a:editable>
                <a:assign-to-pv/>
                <a:input-to-activity-class>false</a:input-to-activity-class>
                <a:hidden-from-designer>false</a:hidden-from-designer>
                <a:generated>false</a:generated>
                <a:enumeration/>
                <a:customDisplayReference/>
              </acp>
              <acp name="arrivedNodes">
                <a:value xsi:nil="true" xsi:type="a:Integer?list"/>
                <a:local-id>7</a:local-id>
                <a:expr/>
                <a:required>0</a:required>
                <a:editable>0</a:editable>
                <a:assign-to-pv/>
                <a:input-to-activity-class>false</a:input-to-activity-class>
                <a:hidden-from-designer>false</a:hidden-from-designer>
                <a:generated>false</a:generated>
                <a:enumeration/>
                <a:customDisplayReference/>
              </acp>
            </acps>
            <custom-params/>
            <output-exprs/>
            <requires-user-interaction>true</requires-user-interaction>
            <run-as>
              <performer id="0"/>
            </run-as>
            <form-map/>
            <helper-class/>
          </ac>
          <multiple-instance/>
          <escalations/>
          <connections>
            <connection>
              <guiId>21</guiId>
              <to>18</to>
              <toObjectType>ap.gui.Node</toObjectType>
              <fromAnchor>0</fromAnchor>
              <toAnchor>0</toAnchor>
              <showArrowhead>true</showArrowhead>
              <flowLabel/>
              <label>
                <fontColor>#000000</fontColor>
                <fontFamily>Arial, Helvetica, Sans-Serif</fontFamily>
                <fontSize>12</fontSize>
                <bold>false</bold>
                <italics>false</italics>
                <underline>false</underline>
              </label>
              <associations/>
              <chained>false</chained>
              <overridesAssignment>true</overridesAssignment>
              <synchronizeData>false</synchronizeData>
            </connection>
            <connection>
              <guiId>2</guiId>
              <to>4</to>
              <toObjectType>ap.gui.Node</toObjectType>
              <fromAnchor/>
              <toAnchor/>
              <showArrowhead>true</showArrowhead>
              <flowLabel/>
              <label>
                <fontColor>#000000</fontColor>
                <fontFamily>Arial, Helvetica, Sans-Serif</fontFamily>
                <fontSize>12</fontSize>
                <bold>false</bold>
                <italics>false</italics>
                <underline>false</underline>
              </label>
              <associations/>
              <chained>false</chained>
              <overridesAssignment>true</overridesAssignment>
              <synchronizeData>false</synchronizeData>
            </connection>
          </connections>
          <associations/>
          <target-completion>5.0</target-completion>
          <target-lag>1.0</target-lag>
          <attachments/>
          <notes/>
          <lingering>false</lingering>
          <on-create-ignore-if-active>false</on-create-ignore-if-active>
          <on-create-delete-previous-active>false</on-create-delete-previous-active>
          <on-complete-delete-previous-completed>false</on-complete-delete-previous-completed>
          <pre-triggers/>
          <post-triggers/>
          <event-producers/>
          <exception-flow/>
          <label>
            <fontColor>#000000</fontColor>
            <fontFamily>Arial, Helvetica, Sans-Serif</fontFamily>
            <fontSize>12</fontSize>
            <bold>false</bold>
            <italics>false</italics>
            <underline>false</underline>
          </label>
          <deadline>
            <enabled>false</enabled>
            <type>0</type>
            <units>0</units>
            <rex/>
            <aex/>
          </deadline>
          <allowsBack>false</allowsBack>
          <refreshDefaultValues>false</refreshDefaultValues>
          <on-complete-keep-form-data>false</on-complete-keep-form-data>
          <skipNotification>false</skipNotification>
        </node>
        <node uuid="0001e537-db8e-8000-fe3e-7f0000014e7a">
          <guiId>4</guiId>
          <owner/>
          <icon id="998"/>
          <picon id="98"/>
          <fname>
            <string-map>
              <pair>
                <locale country="US" lang="en" variant=""/>
                <value><![CDATA[Save to calendar]]></value>
              </pair>
            </string-map>
          </fname>
          <x>1232</x>
          <y>280</y>
          <display>
            <string-map>
              <pair>
                <locale country="US" lang="en" variant=""/>
                <value><![CDATA[Save to calendar]]></value>
              </pair>
            </string-map>
          </display>
          <desc>
            <string-map>
              <pair>
                <locale country="US" lang="en" variant=""/>
                <value/>
              </pair>
            </string-map>
          </desc>
          <notify>false</notify>
          <confirmation-url/>
          <lane/>
          <overrideLaneAssignment>false</overrideLaneAssignment>
          <ac>
            <local-id>appian.system.smart-services.write-to-data-store</local-id>
            <name><![CDATA[Write to Data Store Entity]]></name>
            <acps>
              <acp name="DataStoreEntity">
                <a:value xsi:nil="true" xsi:type="a:DataStoreEntity"/>
                <a:local-id>input-DataStoreEntity</a:local-id>
                <a:expr><![CDATA[=#"_a-0000e530-51df-8000-9bb2-011c48011c48_2075140"]]></a:expr>
                <a:required>1</a:required>
                <a:editable>1</a:editable>
                <a:assign-to-pv/>
                <a:input-to-activity-class>true</a:input-to-activity-class>
                <a:hidden-from-designer>false</a:hidden-from-designer>
                <a:generated>false</a:generated>
                <a:enumeration/>
                <a:customDisplayReference/>
              </acp>
              <acp name="StoredValues">
                <a:value xsi:nil="true" xsi:type="a:Variant?list"/>
                <a:local-id>output-StoredValues</a:local-id>
                <a:expr/>
                <a:required>0</a:required>
                <a:editable>1</a:editable>
                <a:assign-to-pv/>
                <a:input-to-activity-class>false</a:input-to-activity-class>
                <a:hidden-from-designer>false</a:hidden-from-designer>
                <a:generated>false</a:generated>
                <a:enumeration/>
                <a:customDisplayReference/>
              </acp>
            </acps>
            <custom-params>
              <acp name="calendar">
                <a:value xmlns:n1="urn:com:appian:hms" xsi:nil="true" xsi:type="n1:HMS_CalendarEvent"/>
                <a:local-id/>
                <a:expr><![CDATA[=pv!calendar]]></a:expr>
                <a:required>0</a:required>
                <a:editable>1</a:editable>
                <a:assign-to-pv/>
                <a:input-to-activity-class>true</a:input-to-activity-class>
                <a:hidden-from-designer>false</a:hidden-from-designer>
                <a:generated>false</a:generated>
                <a:enumeration/>
                <a:customDisplayReference/>
              </acp>
            </custom-params>
            <output-exprs/>
            <requires-user-interaction>true</requires-user-interaction>
            <run-as>
              <performer id="0"/>
            </run-as>
            <form-map>
              <pair>
                <locale country="US" lang="en" variant=""/>
                <form-config>
                  <form>
                    <type>3</type>
                    <enabled>true</enabled>
                    <dynamic-form>
                      <form-elements>
                        <form-element>
                          <label><![CDATA[Question1]]></label>
                          <instructions/>
                          <editable>true</editable>
                          <hidden>false</hidden>
                          <multiple>false</multiple>
                          <required>false</required>
                          <type>2</type>
                          <options/>
                          <name><![CDATA[Question1]]></name>
                          <mapped-to><![CDATA[calendar]]></mapped-to>
                          <value/>
                          <extra><![CDATA[{}]]></extra>
                        </form-element>
                      </form-elements>
                    </dynamic-form>
                    <uiExpressionForm>
                      <expression><![CDATA[=/*41707069616E-GEN-DEBUG*/=a!formLayout(
  buttons: a!buttonLayout(
    primaryButtons: {
      a!buttonWidgetSubmit(
        label: "OK",
        style: "PRIMARY"
      )
    }
  ))]]></expression>
                    </uiExpressionForm>
                    <hiddenSections>16</hiddenSections>
                  </form>
                </form-config>
              </pair>
            </form-map>
            <helper-class/>
          </ac>
          <multiple-instance/>
          <escalations/>
          <connections>
            <connection>
              <guiId>3</guiId>
              <to>1</to>
              <toObjectType>ap.gui.Node</toObjectType>
              <fromAnchor/>
              <toAnchor/>
              <showArrowhead>true</showArrowhead>
              <flowLabel/>
              <label>
                <fontColor>#000000</fontColor>
                <fontFamily>Arial, Helvetica, Sans-Serif</fontFamily>
                <fontSize>12</fontSize>
                <bold>false</bold>
                <italics>false</italics>
                <underline>false</underline>
              </label>
              <associations/>
              <chained>false</chained>
              <overridesAssignment>true</overridesAssignment>
              <synchronizeData>false</synchronizeData>
            </connection>
          </connections>
          <associations/>
          <target-completion>5.0</target-completion>
          <target-lag>1.0</target-lag>
          <attachments/>
          <notes/>
          <lingering>false</lingering>
          <on-create-ignore-if-active>false</on-create-ignore-if-active>
          <on-create-delete-previous-active>false</on-create-delete-previous-active>
          <on-complete-delete-previous-completed>false</on-complete-delete-previous-completed>
          <pre-triggers/>
          <post-triggers/>
          <event-producers/>
          <exception-flow/>
          <label>
            <fontColor>#000000</fontColor>
            <fontFamily>Arial, Helvetica, Sans-Serif</fontFamily>
            <fontSize>12</fontSize>
            <bold>false</bold>
            <italics>false</italics>
            <underline>false</underline>
          </label>
          <deadline>
            <enabled>false</enabled>
            <type>0</type>
            <units>0</units>
            <rex/>
            <aex/>
          </deadline>
          <allowsBack>false</allowsBack>
          <refreshDefaultValues>false</refreshDefaultValues>
          <on-complete-keep-form-data>false</on-complete-keep-form-data>
          <skipNotification>false</skipNotification>
        </node>
        <node uuid="0002e536-8eb6-8000-fdbc-7f0000014e7a">
          <guiId>9</guiId>
          <owner/>
          <icon id="21"/>
          <picon id="1"/>
          <fname>
            <string-map>
              <pair>
                <locale country="" lang="de" variant=""/>
                <value/>
              </pair>
              <pair>
                <locale country="" lang="ar" variant=""/>
                <value/>
              </pair>
              <pair>
                <locale country="GB" lang="en" variant=""/>
                <value/>
              </pair>
              <pair>
                <locale country="" lang="ru" variant=""/>
                <value/>
              </pair>
              <pair>
                <locale country="US" lang="en" variant=""/>
                <value><![CDATA[Accept Appointment Request]]></value>
              </pair>
              <pair>
                <locale country="MX" lang="es" variant=""/>
                <value/>
              </pair>
            </string-map>
          </fname>
          <x>952</x>
          <y>280</y>
          <display>
            <string-map>
              <pair>
                <locale country="" lang="de" variant=""/>
                <value/>
              </pair>
              <pair>
                <locale country="" lang="ar" variant=""/>
                <value/>
              </pair>
              <pair>
                <locale country="" lang="ru" variant=""/>
                <value/>
              </pair>
              <pair>
                <locale country="GB" lang="en" variant=""/>
                <value/>
              </pair>
              <pair>
                <locale country="US" lang="en" variant=""/>
                <value><![CDATA[="Accept Appointment Request | "&pv!HMS_PatientInfo.patientFirstName]]></value>
              </pair>
              <pair>
                <locale country="MX" lang="es" variant=""/>
                <value/>
              </pair>
            </string-map>
          </display>
          <desc>
            <string-map>
              <pair>
                <locale country="" lang="de" variant=""/>
                <value/>
              </pair>
              <pair>
                <locale country="" lang="ar" variant=""/>
                <value/>
              </pair>
              <pair>
                <locale country="GB" lang="en" variant=""/>
                <value/>
              </pair>
              <pair>
                <locale country="" lang="ru" variant=""/>
                <value/>
              </pair>
              <pair>
                <locale country="US" lang="en" variant=""/>
                <value/>
              </pair>
              <pair>
                <locale country="MX" lang="es" variant=""/>
                <value/>
              </pair>
            </string-map>
          </desc>
          <notify>false</notify>
          <confirmation-url/>
          <lane/>
          <overrideLaneAssignment>false</overrideLaneAssignment>
          <assignments>
            <assignee>
              <type>29</type>
              <privilege>3</privilege>
              <value>
                <ac>
                  <local-id>assignee-pool.102</local-id>
                  <name><![CDATA[Assign To Expression]]></name>
                  <acps>
                    <acp name="expression">
                      <a:value xsi:nil="true" xsi:type="a:UserOrGroup?list"/>
                      <a:local-id>0</a:local-id>
                      <a:expr><![CDATA[=pv!doctorInfo.appianID]]></a:expr>
                      <a:required>0</a:required>
                      <a:editable>1</a:editable>
                      <a:assign-to-pv/>
                      <a:input-to-activity-class>true</a:input-to-activity-class>
                      <a:hidden-from-designer>false</a:hidden-from-designer>
                      <a:generated>false</a:generated>
                      <a:enumeration/>
                      <a:customDisplayReference/>
                    </acp>
                    <acp name="outUsers">
                      <a:value xsi:nil="true" xsi:type="a:User?list"/>
                      <a:local-id>1</a:local-id>
                      <a:expr/>
                      <a:required>0</a:required>
                      <a:editable>1</a:editable>
                      <a:assign-to-pv/>
                      <a:input-to-activity-class>false</a:input-to-activity-class>
                      <a:hidden-from-designer>false</a:hidden-from-designer>
                      <a:generated>false</a:generated>
                      <a:enumeration/>
                      <a:customDisplayReference/>
                    </acp>
                    <acp name="outGroups">
                      <a:value xsi:nil="true" xsi:type="a:Group?list"/>
                      <a:local-id>2</a:local-id>
                      <a:expr/>
                      <a:required>0</a:required>
                      <a:editable>1</a:editable>
                      <a:assign-to-pv/>
                      <a:input-to-activity-class>false</a:input-to-activity-class>
                      <a:hidden-from-designer>false</a:hidden-from-designer>
                      <a:generated>false</a:generated>
                      <a:enumeration/>
                      <a:customDisplayReference/>
                    </acp>
                  </acps>
                  <custom-params/>
                  <output-exprs/>
                  <requires-user-interaction>true</requires-user-interaction>
                  <run-as>
                    <performer id="0"/>
                  </run-as>
                  <helper-class/>
                </ac>
              </value>
            </assignee>
            <assignment-function/>
            <position>0</position>
            <accept-mode>1</accept-mode>
          </assignments>
          <ac>
            <local-id>internal.17</local-id>
            <name><![CDATA[User Input Task]]></name>
            <acps/>
            <custom-params>
              <acp name="hold">
                <a:value xsi:nil="true" xsi:type="xsd:boolean"/>
                <a:local-id/>
                <a:expr><![CDATA[=pv!hold]]></a:expr>
                <a:required>0</a:required>
                <a:editable>1</a:editable>
                <a:assign-to-pv><![CDATA[hold]]></a:assign-to-pv>
                <a:input-to-activity-class>true</a:input-to-activity-class>
                <a:hidden-from-designer>false</a:hidden-from-designer>
                <a:generated>false</a:generated>
                <a:enumeration/>
                <a:customDisplayReference/>
              </acp>
              <acp name="patientInfo">
                <a:value xmlns:n1="urn:com:appian:types:hms"
                  xsi:nil="true" xsi:type="n1:HMS_PatientInfo"/>
                <a:local-id/>
                <a:expr><![CDATA[=pv!HMS_PatientInfo]]></a:expr>
                <a:required>0</a:required>
                <a:editable>1</a:editable>
                <a:assign-to-pv><![CDATA[HMS_PatientInfo]]></a:assign-to-pv>
                <a:input-to-activity-class>true</a:input-to-activity-class>
                <a:hidden-from-designer>false</a:hidden-from-designer>
                <a:generated>false</a:generated>
                <a:enumeration/>
                <a:customDisplayReference/>
              </acp>
              <acp name="calendar">
                <a:value xmlns:n1="urn:com:appian:hms" xsi:nil="true" xsi:type="n1:HMS_CalendarEvent"/>
                <a:local-id/>
                <a:expr><![CDATA[=pv!calendar]]></a:expr>
                <a:required>0</a:required>
                <a:editable>1</a:editable>
                <a:assign-to-pv><![CDATA[calendar]]></a:assign-to-pv>
                <a:input-to-activity-class>true</a:input-to-activity-class>
                <a:hidden-from-designer>false</a:hidden-from-designer>
                <a:generated>false</a:generated>
                <a:enumeration/>
                <a:customDisplayReference/>
              </acp>
            </custom-params>
            <output-exprs/>
            <requires-user-interaction>false</requires-user-interaction>
            <run-as>
              <performer id="0"/>
            </run-as>
            <form-map>
              <pair>
                <locale country="" lang="de" variant=""/>
                <form-config>
                  <form>
                    <type>3</type>
                    <enabled>false</enabled>
                    <dynamic-form>
                      <form-elements/>
                    </dynamic-form>
                    <hiddenSections>16</hiddenSections>
                  </form>
                </form-config>
              </pair>
              <pair>
                <locale country="MX" lang="es" variant=""/>
                <form-config>
                  <form>
                    <type>3</type>
                    <enabled>false</enabled>
                    <dynamic-form>
                      <form-elements/>
                    </dynamic-form>
                    <hiddenSections>16</hiddenSections>
                  </form>
                </form-config>
              </pair>
              <pair>
                <locale country="" lang="ar" variant=""/>
                <form-config>
                  <form>
                    <type>3</type>
                    <enabled>false</enabled>
                    <dynamic-form>
                      <form-elements/>
                    </dynamic-form>
                    <hiddenSections>16</hiddenSections>
                  </form>
                </form-config>
              </pair>
              <pair>
                <locale country="" lang="ru" variant=""/>
                <form-config>
                  <form>
                    <type>3</type>
                    <enabled>false</enabled>
                    <dynamic-form>
                      <form-elements/>
                    </dynamic-form>
                    <hiddenSections>16</hiddenSections>
                  </form>
                </form-config>
              </pair>
              <pair>
                <locale country="US" lang="en" variant=""/>
                <form-config>
                  <form>
                    <type>3</type>
                    <enabled>true</enabled>
                    <dynamic-form>
                      <form-elements/>
                    </dynamic-form>
                    <uiExpressionForm>
                      <expression><![CDATA[/*41707069616E-GEN*/#"_a-0000e530-51df-8000-9bb2-011c48011c48_2070587"(
	hold: ac!hold,
	patientInfo: ac!patientInfo,
	calendar: ac!calendar
)]]></expression>
                    </uiExpressionForm>
                    <interfaceInformation>
                      <name>HMS_appointmentNotification</name>
                      <uuid>_a-0000e530-51df-8000-9bb2-011c48011c48_2070587</uuid>
                      <ruleInputs>
                        <ruleInput>
                          <name>hold</name>
                          <typeQName>{http://www.appian.com/ae/types/2009}Boolean</typeQName>
                          <value><![CDATA[ac!hold]]></value>
                        </ruleInput>
                        <ruleInput>
                          <name>patientInfo</name>
                          <typeQName>{urn:com:appian:types:hms}HMS_PatientInfo</typeQName>
                          <value><![CDATA[ac!patientInfo]]></value>
                        </ruleInput>
                        <ruleInput>
                          <name>calendar</name>
                          <typeQName>{urn:com:appian:hms}HMS_CalendarEvent</typeQName>
                          <value><![CDATA[ac!calendar]]></value>
                        </ruleInput>
                      </ruleInputs>
                    </interfaceInformation>
                    <hiddenSections>16</hiddenSections>
                  </form>
                </form-config>
              </pair>
              <pair>
                <locale country="GB" lang="en" variant=""/>
                <form-config>
                  <form>
                    <type>3</type>
                    <enabled>false</enabled>
                    <dynamic-form>
                      <form-elements/>
                    </dynamic-form>
                    <hiddenSections>16</hiddenSections>
                  </form>
                </form-config>
              </pair>
            </form-map>
            <helper-class/>
          </ac>
          <multiple-instance/>
          <escalations/>
          <connections>
            <connection>
              <guiId>16</guiId>
              <to>15</to>
              <toObjectType>ap.gui.Node</toObjectType>
              <fromAnchor/>
              <toAnchor/>
              <showArrowhead>true</showArrowhead>
              <flowLabel/>
              <label>
                <fontColor>#000000</fontColor>
                <fontFamily>Arial, Helvetica, Sans-Serif</fontFamily>
                <fontSize>12</fontSize>
                <bold>false</bold>
                <italics>false</italics>
                <underline>false</underline>
              </label>
              <associations/>
              <chained>false</chained>
              <overridesAssignment>true</overridesAssignment>
              <synchronizeData>false</synchronizeData>
            </connection>
          </connections>
          <associations/>
          <target-completion>5.0</target-completion>
          <target-lag>1.0</target-lag>
          <attachments/>
          <notes/>
          <lingering>false</lingering>
          <on-create-ignore-if-active>false</on-create-ignore-if-active>
          <on-create-delete-previous-active>false</on-create-delete-previous-active>
          <on-complete-delete-previous-completed>false</on-complete-delete-previous-completed>
          <pre-triggers/>
          <post-triggers/>
          <event-producers/>
          <exception-flow/>
          <label>
            <fontColor>#000000</fontColor>
            <fontFamily>Arial, Helvetica, Sans-Serif</fontFamily>
            <fontSize>12</fontSize>
            <bold>false</bold>
            <italics>false</italics>
            <underline>false</underline>
          </label>
          <deadline>
            <enabled>false</enabled>
            <type>0</type>
            <units>0</units>
            <rex/>
            <aex/>
          </deadline>
          <allowsBack>false</allowsBack>
          <refreshDefaultValues>false</refreshDefaultValues>
          <on-complete-keep-form-data>false</on-complete-keep-form-data>
          <skipNotification>false</skipNotification>
        </node>
      </nodes>
      <annotations/>
      <lanes/>
      <attachments/>
      <notes/>
      <priority id="1"/>
      <form-map>
        <pair>
          <locale country="" lang="de" variant=""/>
          <form-config>
            <form>
              <type>3</type>
              <enabled>false</enabled>
              <dynamic-form>
                <form-elements/>
              </dynamic-form>
              <hiddenSections>16</hiddenSections>
            </form>
          </form-config>
        </pair>
        <pair>
          <locale country="MX" lang="es" variant=""/>
          <form-config>
            <form>
              <type>3</type>
              <enabled>false</enabled>
              <dynamic-form>
                <form-elements/>
              </dynamic-form>
              <hiddenSections>16</hiddenSections>
            </form>
          </form-config>
        </pair>
        <pair>
          <locale country="" lang="ar" variant=""/>
          <form-config>
            <form>
              <type>3</type>
              <enabled>false</enabled>
              <dynamic-form>
                <form-elements/>
              </dynamic-form>
              <hiddenSections>16</hiddenSections>
            </form>
          </form-config>
        </pair>
        <pair>
          <locale country="" lang="ru" variant=""/>
          <form-config>
            <form>
              <type>3</type>
              <enabled>false</enabled>
              <dynamic-form>
                <form-elements/>
              </dynamic-form>
              <hiddenSections>16</hiddenSections>
            </form>
          </form-config>
        </pair>
        <pair>
          <locale country="US" lang="en" variant=""/>
          <form-config>
            <form>
              <type>3</type>
              <enabled>true</enabled>
              <dynamic-form>
                <form-elements/>
              </dynamic-form>
              <uiExpressionForm>
                <expression><![CDATA[/*41707069616E-GEN*/#"_a-0000e530-51df-8000-9bb2-011c48011c48_2069357"(
	cancel: pv!cancel,
	HMS_PatientInfo: pv!HMS_PatientInfo
)]]></expression>
              </uiExpressionForm>
              <interfaceInformation>
                <name>HMS_uiBookAppointment</name>
                <uuid>_a-0000e530-51df-8000-9bb2-011c48011c48_2069357</uuid>
                <ruleInputs>
                  <ruleInput>
                    <name>cancel</name>
                    <typeQName>{http://www.appian.com/ae/types/2009}Boolean</typeQName>
                    <value><![CDATA[pv!cancel]]></value>
                  </ruleInput>
                  <ruleInput>
                    <name>HMS_PatientInfo</name>
                    <typeQName>{urn:com:appian:types:hms}HMS_PatientInfo</typeQName>
                    <value><![CDATA[pv!HMS_PatientInfo]]></value>
                  </ruleInput>
                </ruleInputs>
              </interfaceInformation>
              <hiddenSections>16</hiddenSections>
            </form>
          </form-config>
        </pair>
        <pair>
          <locale country="GB" lang="en" variant=""/>
          <form-config>
            <form>
              <type>3</type>
              <enabled>false</enabled>
              <dynamic-form>
                <form-elements/>
              </dynamic-form>
              <hiddenSections>16</hiddenSections>
            </form>
          </form-config>
        </pair>
      </form-map>
      <isPublic>false</isPublic>
    </pm>
  </process_model_port>
  <isPublished>true</isPublished>
  <history>
    <historyInfo versionUuid="0000e537-db93-8000-fe3f-7f0000014e7a"/>
  </history>
</processModelHaul>
