<?xml version="1.0" encoding="UTF-8"?>
<recordTypeHaul xmlns:a="http://www.appian.com/ae/types/2009" xmlns:xsi="http://www.w3.org/2001/XMLSchema-instance">
  <versionUuid>e6d9df3f-b600-437c-8ac1-c9df6523d1ca</versionUuid>
  <recordType a:uuid="7eaf99cc-f3c0-4e16-9021-402f829bb86a" name="HMS Patient">
    <a:pluralName>HMS Patients</a:pluralName>
    <a:description>Patients Records </a:description>
    <a:urlStub>0-JGKA</a:urlStub>
    <a:source
      a:uuid="d8397cae-f7e8-4b01-8a49-37f05e216f2b@_a-0000e530-51df-8000-9bb2-011c48011c48_2065126" xsi:type="a:DataStoreEntity"/>
    <a:listViewTemplateExpr/>
    <a:detailViewCfg>
      <a:nameExpr>="Summary"</a:nameExpr>
      <a:uiExpr>#"_a-0000e530-51df-8000-9bb2-011c48011c48_2069719"()</a:uiExpr>
      <a:visibilityExpr>=true()</a:visibilityExpr>
      <a:urlStub>summary</a:urlStub>
      <a:headerExpr/>
      <a:recordActionLaunchType>DIALOG</a:recordActionLaunchType>
    </a:detailViewCfg>
    <a:isSystem>false</a:isSystem>
    <a:dataSrcExpr/>
    <a:facetsListExpr/>
    <a:titleExpr/>
    <a:defaultFiltersExpr/>
    <a:layoutType>FEED</a:layoutType>
    <a:security>16383</a:security>
    <a:hideLatestNews>false</a:hideLatestNews>
    <a:isExportable>true</a:isExportable>
    <a:listViewSrcExpr/>
    <a:recordViewSrcExpr/>
    <a:iconId/>
    <a:listAutoRefreshInterval>0.0</a:listAutoRefreshInterval>
    <a:enabledFeatures>31</a:enabledFeatures>
    <a:isVisibleInRecordTypeList>false</a:isVisibleInRecordTypeList>
    <a:recordActionLaunchType>DIALOG</a:recordActionLaunchType>
  </recordType>
  <roleMap>
    <role name="record_type_administrator">
      <users/>
      <groups>
        <groupUuid>_e-0000e50e-6062-8000-9afc-01075c01075c_5152</groupUuid>
      </groups>
    </role>
    <role name="record_type_viewer">
      <users/>
      <groups>
        <groupUuid>_e-0000e50e-6062-8000-9afc-01075c01075c_5154</groupUuid>
      </groups>
    </role>
  </roleMap>
  <history>
    <historyInfo versionUuid="e6d9df3f-b600-437c-8ac1-c9df6523d1ca"/>
  </history>
  <migrationVersion>1</migrationVersion>
</recordTypeHaul>
