<?xml version="1.0" encoding="UTF-8" standalone="yes"?>
<tempoReportHaul xmlns:a="http://www.appian.com/ae/types/2009">
    <versionUuid>5a703e7a-eb7e-4828-9b1a-6606401927ab</versionUuid>
    <tempoReport a:uuid="0ce29c87-14bc-4445-9f94-9ffdb3d2a2ff" name="HMS Patient Information Page">
        <a:description>Information Report</a:description>
        <a:uiExpr>=#"_a-0000e530-51df-8000-9bb2-011c48011c48_2065088"()</a:uiExpr>
        <a:urlStub>VoTrkA</a:urlStub>
    </tempoReport>
    <roleMap>
        <role name="report_administrator">
            <users/>
            <groups>
                <groupUuid>_e-0000e50e-6062-8000-9afc-01075c01075c_5152</groupUuid>
            </groups>
        </role>
        <role name="report_viewer">
            <users/>
            <groups>
                <groupUuid>_e-0000e50e-6062-8000-9afc-01075c01075c_5154</groupUuid>
            </groups>
        </role>
    </roleMap>
    <history>
        <historyInfo versionUuid="5a703e7a-eb7e-4828-9b1a-6606401927ab"/>
    </history>
</tempoReportHaul>
