<?xml version="1.0" encoding="UTF-8" standalone="yes"?>
<tempoReportHaul xmlns:a="http://www.appian.com/ae/types/2009">
    <versionUuid>08810078-a4c6-4bc5-b81f-efc7e6a9e124</versionUuid>
    <tempoReport a:uuid="58b9275b-b95f-4b40-a0a8-9eef9b56f93d" name="HMS_communityPageReport">
        <a:description>Report to hold the community page interface</a:description>
        <a:uiExpr>=#"_a-0000e530-51df-8000-9bb2-011c48011c48_2073348"()</a:uiExpr>
        <a:urlStub>9pavvw</a:urlStub>
    </tempoReport>
    <roleMap>
        <role name="report_administrator">
            <users/>
            <groups>
                <groupUuid>_e-0000e50e-6062-8000-9afc-01075c01075c_5152</groupUuid>
            </groups>
        </role>
        <role name="report_viewer">
            <users/>
            <groups>
                <groupUuid>_e-0000e50e-6062-8000-9afc-01075c01075c_5154</groupUuid>
            </groups>
        </role>
    </roleMap>
    <history>
        <historyInfo versionUuid="08810078-a4c6-4bc5-b81f-efc7e6a9e124"/>
    </history>
</tempoReportHaul>
