<?xml version="1.0" encoding="UTF-8" standalone="yes"?>
<tempoReportHaul xmlns:a="http://www.appian.com/ae/types/2009">
    <versionUuid>49a474b3-c2e3-424b-acf8-21bc8bebc3af</versionUuid>
    <tempoReport a:uuid="72ddce94-0101-4f81-9ce1-51b33c9b1508" name="HMS Medical History">
        <a:description>Report to hold view medical history interface</a:description>
        <a:uiExpr>=#"_a-0000e530-51df-8000-9bb2-011c48011c48_2069987"()</a:uiExpr>
        <a:urlStub>tKcLiQ</a:urlStub>
    </tempoReport>
    <roleMap>
        <role name="report_administrator">
            <users/>
            <groups>
                <groupUuid>_e-0000e50e-6062-8000-9afc-01075c01075c_5152</groupUuid>
            </groups>
        </role>
        <role name="report_viewer">
            <users/>
            <groups>
                <groupUuid>_e-0000e50e-6062-8000-9afc-01075c01075c_5154</groupUuid>
            </groups>
        </role>
    </roleMap>
    <history>
        <historyInfo versionUuid="49a474b3-c2e3-424b-acf8-21bc8bebc3af"/>
    </history>
</tempoReportHaul>
