<?xml version="1.0" encoding="UTF-8" standalone="yes"?>
<tempoReportHaul xmlns:a="http://www.appian.com/ae/types/2009">
    <versionUuid>e9e8fed2-6af9-4fa8-a2c0-f18a6c2ed5d7</versionUuid>
    <tempoReport a:uuid="7ac68a7a-7137-4adb-ac7a-4ca1f934212c" name="HMS Doctor Landing Page">
        <a:description></a:description>
        <a:uiExpr>=#"_a-0000e530-51df-8000-9bb2-011c48011c48_2069069"()</a:uiExpr>
        <a:urlStub>_BiRjQ</a:urlStub>
    </tempoReport>
    <roleMap>
        <role name="report_administrator">
            <users/>
            <groups>
                <groupUuid>_e-0000e50e-6062-8000-9afc-01075c01075c_5152</groupUuid>
            </groups>
        </role>
        <role name="report_viewer">
            <users/>
            <groups>
                <groupUuid>_e-0000e50e-6062-8000-9afc-01075c01075c_5154</groupUuid>
            </groups>
        </role>
    </roleMap>
    <history>
        <historyInfo versionUuid="e9e8fed2-6af9-4fa8-a2c0-f18a6c2ed5d7"/>
    </history>
</tempoReportHaul>
