<?xml version="1.0" encoding="UTF-8" standalone="yes"?>
<tempoReportHaul xmlns:a="http://www.appian.com/ae/types/2009">
    <versionUuid>90e0fd6a-f423-4e6a-b184-342e7d30af48</versionUuid>
    <tempoReport a:uuid="de95b0a6-c865-49d2-9391-b8cb34972145" name="HMS Patient Dashboard">
        <a:description>Holds the HMS_uiPatientsScreen Interface</a:description>
        <a:uiExpr>=#"_a-0000e530-51df-8000-9bb2-011c48011c48_2064904"()</a:uiExpr>
        <a:urlStub>LuGkmg</a:urlStub>
    </tempoReport>
    <roleMap>
        <role name="report_administrator">
            <users/>
            <groups>
                <groupUuid>_e-0000e50e-6062-8000-9afc-01075c01075c_5152</groupUuid>
            </groups>
        </role>
        <role name="report_viewer">
            <users/>
            <groups>
                <groupUuid>_e-0000e50e-6062-8000-9afc-01075c01075c_5154</groupUuid>
            </groups>
        </role>
    </roleMap>
    <history>
        <historyInfo versionUuid="90e0fd6a-f423-4e6a-b184-342e7d30af48"/>
    </history>
</tempoReportHaul>
