<?xml version="1.0" encoding="UTF-8" standalone="yes"?>
<tempoReportHaul xmlns:a="http://www.appian.com/ae/types/2009">
    <versionUuid>72f01279-bf0a-4174-83df-c0ac28e4f170</versionUuid>
    <tempoReport a:uuid="e6f16ae6-76a6-4c74-ab56-a607a43b79a6" name="HMS Doctor Landing Page">
        <a:description></a:description>
        <a:uiExpr>=#"_a-0000e530-51df-8000-9bb2-011c48011c48_2069069"()</a:uiExpr>
        <a:urlStub>cejHYA</a:urlStub>
    </tempoReport>
    <roleMap>
        <role name="report_administrator">
            <users/>
            <groups>
                <groupUuid>_e-0000e50e-6062-8000-9afc-01075c01075c_5152</groupUuid>
            </groups>
        </role>
        <role name="report_viewer">
            <users/>
            <groups>
                <groupUuid>_e-0000e50e-6062-8000-9afc-01075c01075c_5154</groupUuid>
            </groups>
        </role>
    </roleMap>
    <history>
        <historyInfo versionUuid="72f01279-bf0a-4174-83df-c0ac28e4f170"/>
    </history>
</tempoReportHaul>
