<?xml version="1.0" encoding="UTF-8" standalone="yes"?>
<applicationHaul xmlns:a="http://www.appian.com/ae/types/2009">
    <versionUuid>_a-0000e530-51df-8000-9bb2-011c48011c48_2087400</versionUuid>
    <application>
        <name>I Fight Like A Girl</name>
        <uuid>_a-0000e50e-6062-8000-9bb0-011c48011c48_2057334</uuid>
        <description>ELC Hackathon 2020 - Team Solid State - HKOPAA</description>
        <parentUuid>SYSTEM_APPLICATIONS_ROOT</parentUuid>
        <visibility>
            <advertise>false</advertise>
            <hierarchy>true</hierarchy>
            <indexable>true</indexable>
            <quota>false</quota>
            <searchable>true</searchable>
            <system>false</system>
            <unlogged>false</unlogged>
        </visibility>
        <urlIdentifier>6KbcKg</urlIdentifier>
        <published>false</published>
        <public>false</public>
        <associatedObjects>
            <globalIdMap>
                <item>
                    <type>datatype</type>
                    <uuids>
                        <uuid>{urn:com:hms}HMS_Questions</uuid>
                        <uuid>{urn:com:appian:types:hms}HMS_PatientInfo</uuid>
                        <uuid>{urn:com:appian:types:hms}HMS_DoctorInfo</uuid>
                        <uuid>{urn:com:appian:types:hms}HMS_MedicalHistory</uuid>
                        <uuid>{urn:com:appian:types}hmspatientinfotemp</uuid>
                        <uuid>{urn:com:appian:types}hmspatientinfo2temp</uuid>
                        <uuid>{urn:com:appian:types:hms}HMS_Comments</uuid>
                        <uuid>{urn:com:appian:hms}HMS_CalendarEvent</uuid>
                    </uuids>
                </item>
                <item>
                    <type>dataStore</type>
                    <uuids>
                        <uuid>_a-0000e530-51df-8000-9bb2-011c48011c48_2065126</uuid>
                    </uuids>
                </item>
                <item>
                    <type>user</type>
                    <uuids/>
                </item>
                <item>
                    <type>groupType</type>
                    <uuids/>
                </item>
                <item>
                    <type>group</type>
                    <uuids>
                        <uuid>_e-0000e50e-6062-8000-9afc-01075c01075c_5152</uuid>
                        <uuid>_e-0000e50e-6062-8000-9afc-01075c01075c_5154</uuid>
                        <uuid>_e-0000e530-51df-8000-9afe-01075c01075c_5197</uuid>
                        <uuid>_e-0000e530-51df-8000-9afe-01075c01075c_5199</uuid>
                    </uuids>
                </item>
                <item>
                    <type>content</type>
                    <uuids>
                        <uuid>_a-0000e50e-6062-8000-9bb0-011c48011c48_2057343</uuid>
                        <uuid>_a-0000e50e-6062-8000-9bb0-011c48011c48_2057350</uuid>
                        <uuid>_a-0000e50e-6062-8000-9bb0-011c48011c48_2057356</uuid>
                        <uuid>_a-0000e50e-6062-8000-9bb0-011c48011c48_2058710</uuid>
                        <uuid>_a-0000e50e-6062-8000-9bb0-011c48011c48_2058716</uuid>
                        <uuid>_a-0000e50e-6062-8000-9bb0-011c48011c48_2058722</uuid>
                        <uuid>_a-0000e50e-6062-8000-9bb0-011c48011c48_2058731</uuid>
                        <uuid>_a-0000e530-51df-8000-9bb2-011c48011c48_2064904</uuid>
                        <uuid>_a-0000e530-51df-8000-9bb2-011c48011c48_2064910</uuid>
                        <uuid>_a-0000e530-51df-8000-9bb2-011c48011c48_2064919</uuid>
                        <uuid>_a-0000e530-51df-8000-9bb2-011c48011c48_2064931</uuid>
                        <uuid>_a-0000e530-51df-8000-9bb2-011c48011c48_2064938</uuid>
                        <uuid>_a-0000e530-51df-8000-9bb2-011c48011c48_2064945</uuid>
                        <uuid>_a-0000e530-51df-8000-9bb2-011c48011c48_2064959</uuid>
                        <uuid>_a-0000e530-51df-8000-9bb2-011c48011c48_2064987</uuid>
                        <uuid>_a-0000e530-51df-8000-9bb2-011c48011c48_2065001</uuid>
                        <uuid>_a-0000e530-51df-8000-9bb2-011c48011c48_2065014</uuid>
                        <uuid>_a-0000e530-51df-8000-9bb2-011c48011c48_2065013</uuid>
                        <uuid>_a-0000e530-51df-8000-9bb2-011c48011c48_2065032</uuid>
                        <uuid>_a-0000e530-51df-8000-9bb2-011c48011c48_2065057</uuid>
                        <uuid>_a-0000e530-51df-8000-9bb2-011c48011c48_2065088</uuid>
                        <uuid>_a-0000e530-51df-8000-9bb2-011c48011c48_2065528</uuid>
                        <uuid>_a-0000e530-51df-8000-9bb2-011c48011c48_2065534</uuid>
                        <uuid>_a-0000e530-51df-8000-9bb2-011c48011c48_2065559</uuid>
                        <uuid>_a-0000e530-51df-8000-9bb2-011c48011c48_2065566</uuid>
                        <uuid>_a-0000e530-51df-8000-9bb2-011c48011c48_2065573</uuid>
                        <uuid>_a-0000e530-51df-8000-9bb2-011c48011c48_2065580</uuid>
                        <uuid>_a-0000e530-51df-8000-9bb2-011c48011c48_2065587</uuid>
                        <uuid>_a-0000e530-51df-8000-9bb2-011c48011c48_2065594</uuid>
                        <uuid>_a-0000e530-51df-8000-9bb2-011c48011c48_2065663</uuid>
                        <uuid>_a-0000e530-51df-8000-9bb2-011c48011c48_2065669</uuid>
                        <uuid>_a-0000e530-51df-8000-9bb2-011c48011c48_2065769</uuid>
                        <uuid>_a-0000e530-51df-8000-9bb2-011c48011c48_2065896</uuid>
                        <uuid>_a-0000e530-51df-8000-9bb2-011c48011c48_2067933</uuid>
                        <uuid>27089239-b861-44f9-9db7-66b0628a1eb0</uuid>
                        <uuid>_a-0000e530-51df-8000-9bb2-011c48011c48_2067990</uuid>
                        <uuid>_a-0000e530-51df-8000-9bb2-011c48011c48_2068064</uuid>
                        <uuid>_a-0000e530-51df-8000-9bb2-011c48011c48_2068995</uuid>
                        <uuid>_a-0000e530-51df-8000-9bb2-011c48011c48_2069001</uuid>
                        <uuid>_a-0000e530-51df-8000-9bb2-011c48011c48_2069014</uuid>
                        <uuid>_a-0000e530-51df-8000-9bb2-011c48011c48_2069028</uuid>
                        <uuid>_a-0000e530-51df-8000-9bb2-011c48011c48_2069032</uuid>
                        <uuid>_a-0000e530-51df-8000-9bb2-011c48011c48_2069037</uuid>
                        <uuid>_a-0000e530-51df-8000-9bb2-011c48011c48_2069042</uuid>
                        <uuid>_a-0000e530-51df-8000-9bb2-011c48011c48_2069047</uuid>
                        <uuid>_a-0000e530-51df-8000-9bb2-011c48011c48_2069052</uuid>
                        <uuid>_a-0000e530-51df-8000-9bb2-011c48011c48_2069057</uuid>
                        <uuid>_a-0000e530-51df-8000-9bb2-011c48011c48_2069063</uuid>
                        <uuid>_a-0000e530-51df-8000-9bb2-011c48011c48_2069069</uuid>
                        <uuid>_a-0000e530-51df-8000-9bb2-011c48011c48_2069090</uuid>
                        <uuid>_a-0000e530-51df-8000-9bb2-011c48011c48_2069094</uuid>
                        <uuid>_a-0000e530-51df-8000-9bb2-011c48011c48_2069099</uuid>
                        <uuid>_a-0000e530-51df-8000-9bb2-011c48011c48_2069104</uuid>
                        <uuid>_a-0000e530-51df-8000-9bb2-011c48011c48_2069109</uuid>
                        <uuid>_a-0000e530-51df-8000-9bb2-011c48011c48_2069115</uuid>
                        <uuid>_a-0000e530-51df-8000-9bb2-011c48011c48_2069357</uuid>
                        <uuid>_a-0000e530-51df-8000-9bb2-011c48011c48_2069454</uuid>
                        <uuid>_a-0000e530-51df-8000-9bb2-011c48011c48_2069468</uuid>
                        <uuid>_a-0000e530-51df-8000-9bb2-011c48011c48_2069474</uuid>
                        <uuid>_a-0000e530-51df-8000-9bb2-011c48011c48_2069480</uuid>
                        <uuid>_a-0000e530-51df-8000-9bb2-011c48011c48_2069553</uuid>
                        <uuid>_a-0000e530-51df-8000-9bb2-011c48011c48_2069559</uuid>
                        <uuid>_a-0000e530-51df-8000-9bb2-011c48011c48_2069719</uuid>
                        <uuid>_a-0000e530-51df-8000-9bb2-011c48011c48_2069987</uuid>
                        <uuid>_a-0000e530-51df-8000-9bb2-011c48011c48_2070172</uuid>
                        <uuid>_a-0000e530-51df-8000-9bb2-011c48011c48_2070192</uuid>
                        <uuid>_a-0000e530-51df-8000-9bb2-011c48011c48_2070199</uuid>
                        <uuid>_a-0000e530-51df-8000-9bb2-011c48011c48_2070209</uuid>
                        <uuid>_a-0000e530-51df-8000-9bb2-011c48011c48_2070216</uuid>
                        <uuid>_a-0000e530-51df-8000-9bb2-011c48011c48_2070223</uuid>
                        <uuid>_a-0000e530-51df-8000-9bb2-011c48011c48_2070255</uuid>
                        <uuid>_a-0000e530-51df-8000-9bb2-011c48011c48_2070262</uuid>
                        <uuid>_a-0000e530-51df-8000-9bb2-011c48011c48_2070310</uuid>
                        <uuid>_a-0000e530-51df-8000-9bb2-011c48011c48_2070317</uuid>
                        <uuid>_a-0000e530-51df-8000-9bb2-011c48011c48_2070587</uuid>
                        <uuid>_a-0000e530-51df-8000-9bb2-011c48011c48_2070923</uuid>
                        <uuid>_a-0000e530-51df-8000-9bb2-011c48011c48_2070929</uuid>
                        <uuid>_a-0000e530-51df-8000-9bb2-011c48011c48_2070972</uuid>
                        <uuid>_a-0000e530-51df-8000-9bb2-011c48011c48_2071110</uuid>
                        <uuid>_a-0000e530-51df-8000-9bb2-011c48011c48_2073348</uuid>
                        <uuid>_a-0000e530-51df-8000-9bb2-011c48011c48_2073488</uuid>
                        <uuid>_a-0000e530-51df-8000-9bb2-011c48011c48_2073504</uuid>
                        <uuid>_a-0000e530-51df-8000-9bb2-011c48011c48_2073563</uuid>
                        <uuid>_a-0000e530-51df-8000-9bb2-011c48011c48_2073971</uuid>
                        <uuid>3dd54a7f-4d34-4cca-8d78-607fc171f732</uuid>
                        <uuid>_a-0000e530-51df-8000-9bb2-011c48011c48_2074691</uuid>
                        <uuid>_a-0000e530-51df-8000-9bb2-011c48011c48_2074817</uuid>
                        <uuid>_a-0000e530-51df-8000-9bb2-011c48011c48_2074823</uuid>
                        <uuid>_a-0000e530-51df-8000-9bb2-011c48011c48_2075134</uuid>
                        <uuid>_a-0000e530-51df-8000-9bb2-011c48011c48_2075140</uuid>
                        <uuid>_a-0000e530-51df-8000-9bb2-011c48011c48_2075278</uuid>
                        <uuid>_a-0000e530-51df-8000-9bb2-011c48011c48_2075336</uuid>
                        <uuid>_a-0000e530-51df-8000-9bb2-011c48011c48_2075351</uuid>
                        <uuid>_a-0000e530-51df-8000-9bb2-011c48011c48_2075357</uuid>
                        <uuid>_a-0000e530-51df-8000-9bb2-011c48011c48_2075363</uuid>
                        <uuid>_a-0000e530-51df-8000-9bb2-011c48011c48_2075371</uuid>
                        <uuid>_a-0000e530-51df-8000-9bb2-011c48011c48_2075405</uuid>
                        <uuid>_a-0000e530-51df-8000-9bb2-011c48011c48_2075411</uuid>
                        <uuid>_a-0000e530-51df-8000-9bb2-011c48011c48_2075840</uuid>
                        <uuid>_a-0000e530-51df-8000-9bb2-011c48011c48_2076358</uuid>
                        <uuid>_a-0000e530-51df-8000-9bb2-011c48011c48_2076986</uuid>
                        <uuid>_a-0000e530-51df-8000-9bb2-011c48011c48_2077206</uuid>
                        <uuid>_a-0000e530-51df-8000-9bb2-011c48011c48_2077220</uuid>
                        <uuid>_a-0000e530-51df-8000-9bb2-011c48011c48_2077322</uuid>
                        <uuid>_a-0000e530-51df-8000-9bb2-011c48011c48_2077557</uuid>
                    </uuids>
                </item>
                <item>
                    <type>forum</type>
                    <uuids/>
                </item>
                <item>
                    <type>processModelFolder</type>
                    <uuids>
                        <uuid>_g-0000e50e-6062-8000-f102-7f0000014e7a_3427</uuid>
                        <uuid>_g-0000e50e-6062-8000-f102-7f0000014e7a_3431</uuid>
                        <uuid>_g-0000e50e-6062-8000-f102-7f0000014e7a_3436</uuid>
                    </uuids>
                </item>
                <item>
                    <type>processModel</type>
                    <uuids>
                        <uuid>0002e536-7a32-8000-fda9-7f0000014e7a</uuid>
                        <uuid>0002e538-199d-8000-fe4c-7f0000014e7a</uuid>
                        <uuid>0002e538-3226-8000-fe5b-7f0000014e7a</uuid>
                    </uuids>
                </item>
                <item>
                    <type>portlet</type>
                    <uuids/>
                </item>
                <item>
                    <type>page</type>
                    <uuids/>
                </item>
                <item>
                    <type>application</type>
                    <uuids/>
                </item>
                <item>
                    <type>tempoFeed</type>
                    <uuids/>
                </item>
                <item>
                    <type>recordType</type>
                    <uuids>
                        <uuid>7eaf99cc-f3c0-4e16-9021-402f829bb86a</uuid>
                    </uuids>
                </item>
                <item>
                    <type>tempoReport</type>
                    <uuids>
                        <uuid>de95b0a6-c865-49d2-9391-b8cb34972145</uuid>
                        <uuid>0ce29c87-14bc-4445-9f94-9ffdb3d2a2ff</uuid>
                        <uuid>e6f16ae6-76a6-4c74-ab56-a607a43b79a6</uuid>
                        <uuid>72ddce94-0101-4f81-9ce1-51b33c9b1508</uuid>
                        <uuid>7ac68a7a-7137-4adb-ac7a-4ca1f934212c</uuid>
                        <uuid>58b9275b-b95f-4b40-a0a8-9eef9b56f93d</uuid>
                    </uuids>
                </item>
                <item>
                    <type>taskReport</type>
                    <uuids/>
                </item>
                <item>
                    <type>webApi</type>
                    <uuids/>
                </item>
                <item>
                    <type>site</type>
                    <uuids>
                        <uuid>94ef51b5-82a1-4108-9eff-0d4082bfab0b</uuid>
                        <uuid>f8335df9-f64d-4a26-a267-669898de5b54</uuid>
                    </uuids>
                </item>
                <item>
                    <type>adminSetting</type>
                    <uuids/>
                </item>
                <item>
                    <type>thirdPartyCredentials</type>
                    <uuids/>
                </item>
                <item>
                    <type>dataSource</type>
                    <uuids/>
                </item>
                <item>
                    <type>embeddedSailTheme</type>
                    <uuids/>
                </item>
                <item>
                    <type>connectedSystem</type>
                    <uuids>
                        <uuid>_a-0000e530-51df-8000-9bb2-011c48011c48_2074015</uuid>
                        <uuid>_a-0000e33e-1b7b-8000-9ba2-011c48011c48_783451</uuid>
                    </uuids>
                </item>
                <item>
                    <type>pluginInfo</type>
                    <uuids/>
                </item>
            </globalIdMap>
        </associatedObjects>
        <applicationNavigation/>
        <applicationActions/>
        <associatedApplications>
            <globalIdMap>
                <item>
                    <type>datatype</type>
                    <uuids/>
                </item>
                <item>
                    <type>dataStore</type>
                    <uuids/>
                </item>
                <item>
                    <type>user</type>
                    <uuids/>
                </item>
                <item>
                    <type>groupType</type>
                    <uuids/>
                </item>
                <item>
                    <type>group</type>
                    <uuids/>
                </item>
                <item>
                    <type>content</type>
                    <uuids/>
                </item>
                <item>
                    <type>forum</type>
                    <uuids/>
                </item>
                <item>
                    <type>processModelFolder</type>
                    <uuids/>
                </item>
                <item>
                    <type>processModel</type>
                    <uuids/>
                </item>
                <item>
                    <type>portlet</type>
                    <uuids/>
                </item>
                <item>
                    <type>page</type>
                    <uuids/>
                </item>
                <item>
                    <type>application</type>
                    <uuids/>
                </item>
                <item>
                    <type>tempoFeed</type>
                    <uuids/>
                </item>
                <item>
                    <type>recordType</type>
                    <uuids/>
                </item>
                <item>
                    <type>tempoReport</type>
                    <uuids/>
                </item>
                <item>
                    <type>taskReport</type>
                    <uuids/>
                </item>
                <item>
                    <type>webApi</type>
                    <uuids/>
                </item>
                <item>
                    <type>site</type>
                    <uuids/>
                </item>
                <item>
                    <type>adminSetting</type>
                    <uuids/>
                </item>
                <item>
                    <type>thirdPartyCredentials</type>
                    <uuids/>
                </item>
                <item>
                    <type>dataSource</type>
                    <uuids/>
                </item>
                <item>
                    <type>embeddedSailTheme</type>
                    <uuids/>
                </item>
                <item>
                    <type>connectedSystem</type>
                    <uuids/>
                </item>
                <item>
                    <type>pluginInfo</type>
                    <uuids/>
                </item>
            </globalIdMap>
        </associatedApplications>
    </application>
    <roleMap>
        <contentRoleMap public="true">
            <role inherit="false" allowForAll="false" name="readers">
                <users/>
                <groups/>
            </role>
            <role inherit="false" allowForAll="false" name="authors">
                <users/>
                <groups/>
            </role>
            <role inherit="false" allowForAll="false" name="administrators">
                <users/>
                <groups>
                    <groupUuid>_e-0000e50e-6062-8000-9afc-01075c01075c_5152</groupUuid>
                </groups>
            </role>
            <role inherit="false" allowForAll="false" name="denyReaders">
                <users/>
                <groups/>
            </role>
            <role inherit="false" allowForAll="false" name="denyAuthors">
                <users/>
                <groups/>
            </role>
            <role inherit="false" allowForAll="false" name="denyAdministrators">
                <users/>
                <groups/>
            </role>
        </contentRoleMap>
    </roleMap>
    <history>
        <historyInfo versionUuid="_a-0000e530-51df-8000-9bb2-011c48011c48_2087400"/>
    </history>
    <postDeploymentProcessData/>
</applicationHaul>
