<?xml version="1.0" encoding="UTF-8" standalone="yes"?>
<groupHaul xmlns:a="http://www.appian.com/ae/types/2009">
    <versionUuid>_e-0000e530-51df-8000-9afe-01075c01075c_5200</versionUuid>
    <group>
        <name>HMS Doctors</name>
        <securityMap>SECURITYMAP_TEAM</securityMap>
        <uuid>_e-0000e530-51df-8000-9afe-01075c01075c_5199</uuid>
        <groupTypeUuid>SYSTEM_GROUP_TYPE_CUSTOM</groupTypeUuid>
        <parentUuid>_e-0000e50e-6062-8000-9afc-01075c01075c_5154</parentUuid>
        <description>Group for doctors in HMS application</description>
        <delegatedCreation>false</delegatedCreation>
        <memberPolicy>MEMBERPOLICY_CLOSED</memberPolicy>
        <viewingPolicy>VIEWINGPOLICY_LOW</viewingPolicy>
        <attributes/>
    </group>
    <members>
        <users/>
        <groups/>
    </members>
    <admins>
        <users/>
        <groups/>
    </admins>
    <ruleSet/>
    <history>
        <historyInfo versionUuid="_e-0000e530-51df-8000-9afe-01075c01075c_5200"/>
    </history>
</groupHaul>
