<?xml version="1.0" encoding="UTF-8" standalone="yes"?>
<groupHaul xmlns:a="http://www.appian.com/ae/types/2009">
    <versionUuid>_e-0000e50e-6062-8000-9afc-01075c01075c_5153</versionUuid>
    <group>
        <name>HMS Administrators</name>
        <securityMap>SECURITYMAP_TEAM</securityMap>
        <uuid>_e-0000e50e-6062-8000-9afc-01075c01075c_5152</uuid>
        <groupTypeUuid>SYSTEM_GROUP_TYPE_CUSTOM</groupTypeUuid>
        <description>Administrators group</description>
        <delegatedCreation>false</delegatedCreation>
        <memberPolicy>MEMBERPOLICY_CLOSED</memberPolicy>
        <viewingPolicy>VIEWINGPOLICY_LOW</viewingPolicy>
        <attributes/>
    </group>
    <members>
        <users/>
        <groups/>
    </members>
    <admins>
        <users/>
        <groups>
            <groupUuid>_e-0000e50e-6062-8000-9afc-01075c01075c_5152</groupUuid>
        </groups>
    </admins>
    <ruleSet/>
    <history>
        <historyInfo versionUuid="_e-0000e50e-6062-8000-9afc-01075c01075c_5153"/>
    </history>
</groupHaul>
