<?xml version="1.0" encoding="UTF-8"?>
<siteHaul xmlns:a="http://www.appian.com/ae/types/2009" xmlns:xsi="http://www.w3.org/2001/XMLSchema-instance">
  <versionUuid>f2949443-f055-4e0f-9870-e38a91742843</versionUuid>
  <site a:uuid="94ef51b5-82a1-4108-9eff-0d4082bfab0b" name="HMS Patient Site">
    <description/>
    <urlStub>hms-patient-site</urlStub>
    <page>
      <nameExpr>#"_a-0000e45f-fabf-8000-9ba2-011c48011c48_43939"("HMS Patient Site    _Home_0008", "HMS APP",null, null)</nameExpr>
      <description/>
      <urlStub>dashboard</urlStub>
      <uiObject a:uuid="de95b0a6-c865-49d2-9391-b8cb34972145" xsi:type="a:TempoReport"/>
      <iconId>f004</iconId>
      <visibilityExpr>fn!true()</visibilityExpr>
      <pageWidth>WIDE</pageWidth>
    </page>
    <visibility>268435456</visibility>
    <headerBackgroundColor>#FFBFC3</headerBackgroundColor>
    <selectedTabBackgroundColor>#FFFFFF</selectedTabBackgroundColor>
    <faviconRef a:uuid="_a-0000e530-51df-8000-9bb2-011c48011c48_2065032" xsi:type="a:CollaborationDocument"/>
    <faviconHref/>
    <logoRef a:uuid="_a-0000e530-51df-8000-9bb2-011c48011c48_2065013" xsi:type="a:CollaborationDocument"/>
    <logoHref/>
    <headerBackgroundColorExpr/>
    <selectedTabBackgroundColorExpr/>
    <accentColor>#FB8DA0</accentColor>
    <accentColorExpr/>
    <logoExpr/>
    <faviconExpr/>
    <showName>false</showName>
    <tempoLinkVisibility>HIDDEN</tempoLinkVisibility>
    <showRecordNews>true</showRecordNews>
    <tasksInSitesVisibility>HIDDEN</tasksInSitesVisibility>
    <buttonShape>SQUARED</buttonShape>
    <loadingBarColor/>
    <loadingBarColorExpr/>
    <isSystem>false</isSystem>
  </site>
  <roleMap>
    <role name="site_administrator">
      <users/>
      <groups>
        <groupUuid>_e-0000e50e-6062-8000-9afc-01075c01075c_5152</groupUuid>
      </groups>
    </role>
    <role name="site_viewer">
      <users/>
      <groups>
        <groupUuid>_e-0000e50e-6062-8000-9afc-01075c01075c_5154</groupUuid>
      </groups>
    </role>
  </roleMap>
  <history>
    <historyInfo versionUuid="7efcd56a-7820-4086-a2f8-cad94e50aa05"/>
    <historyInfo versionUuid="f2949443-f055-4e0f-9870-e38a91742843"/>
  </history>
</siteHaul>
