<?xml version="1.0" encoding="UTF-8"?>
<siteHaul xmlns:a="http://www.appian.com/ae/types/2009" xmlns:xsi="http://www.w3.org/2001/XMLSchema-instance">
  <versionUuid>dfb2e30b-6c74-4a1a-9954-9fb9be3b117c</versionUuid>
  <site a:uuid="f8335df9-f64d-4a26-a267-669898de5b54" name="HMS Doctor Site">
    <description/>
    <urlStub>hms-doctor</urlStub>
    <page>
      <nameExpr>#"_a-0000e45f-fabf-8000-9ba2-011c48011c48_43939"("HMS Doctor Site    _Home_0008", "HMS APP",null, null)</nameExpr>
      <description/>
      <urlStub>home</urlStub>
      <uiObject a:uuid="0002e538-3226-8000-fe5b-7f0000014e7a" xsi:type="a:ProcessModel"/>
      <iconId>f0f1</iconId>
      <visibilityExpr>fn!true()</visibilityExpr>
      <pageWidth>WIDE</pageWidth>
    </page>
    <visibility>268435456</visibility>
    <headerBackgroundColor>#FFBFC3</headerBackgroundColor>
    <selectedTabBackgroundColor>#ffffff</selectedTabBackgroundColor>
    <faviconRef a:uuid="_a-0000e530-51df-8000-9bb2-011c48011c48_2065032" xsi:type="a:CollaborationDocument"/>
    <faviconHref/>
    <logoRef a:uuid="_a-0000e530-51df-8000-9bb2-011c48011c48_2065013" xsi:type="a:CollaborationDocument"/>
    <logoHref/>
    <headerBackgroundColorExpr/>
    <selectedTabBackgroundColorExpr/>
    <accentColor/>
    <accentColorExpr/>
    <logoExpr/>
    <faviconExpr/>
    <showName>true</showName>
    <tempoLinkVisibility>HIDDEN</tempoLinkVisibility>
    <showRecordNews>true</showRecordNews>
    <tasksInSitesVisibility>HIDDEN</tasksInSitesVisibility>
    <buttonShape>SQUARED</buttonShape>
    <loadingBarColor/>
    <loadingBarColorExpr/>
    <isSystem>false</isSystem>
  </site>
  <roleMap>
    <role name="site_administrator">
      <users/>
      <groups>
        <groupUuid>_e-0000e50e-6062-8000-9afc-01075c01075c_5152</groupUuid>
      </groups>
    </role>
    <role name="site_viewer">
      <users/>
      <groups>
        <groupUuid>_e-0000e50e-6062-8000-9afc-01075c01075c_5154</groupUuid>
      </groups>
    </role>
  </roleMap>
  <history>
    <historyInfo versionUuid="2ab2c7e0-4068-4059-858f-7a05fc8f02e4"/>
    <historyInfo versionUuid="dfb2e30b-6c74-4a1a-9954-9fb9be3b117c"/>
  </history>
</siteHaul>
